,2004,2009,2010,2011,2012,2013,2014,2015,2016,2017,2018,2019,2020,2021,2022,2023,2024,2025,Total
deep learning,0,0,0,0,0,0,0,0,0,66,391,1939,3172,2495,2630,2754,2748,2211,18406
neural network,0,0,0,0,0,0,0,0,0,102,654,1899,2894,2183,2219,1937,1844,1562,15294
neural networks,0,0,0,0,0,0,0,0,0,103,473,1490,2357,1824,1766,1745,1748,1411,12917
proposed method,0,0,0,0,0,0,0,0,0,72,446,1108,1748,1643,1799,1805,1736,1651,12008
results show,0,0,0,0,0,0,0,0,3,72,408,990,1673,1508,1646,1686,1584,1629,11199
machine learning,0,0,0,0,0,0,0,0,4,40,206,841,1528,1258,1431,1398,1511,1259,9476
experimental results,0,0,0,0,0,0,0,0,0,40,261,712,1122,1066,1232,1377,1541,1610,8961
paper propose,0,0,0,0,0,0,0,0,0,53,287,804,1218,1102,1195,1187,1059,885,7790
convolutional neural,0,0,0,0,0,0,0,0,0,52,323,1118,1622,1110,1004,771,790,586,7376
simulation results,0,0,0,0,0,0,0,0,0,54,254,557,913,844,957,1005,1249,1460,7293
results demonstrate,0,0,0,0,0,0,0,0,0,16,110,338,623,569,680,1064,1601,2189,7190
reinforcement learning,0,0,0,0,0,0,0,0,0,7,50,416,990,872,897,1074,1224,1325,6855
speech recognition,0,0,0,0,0,0,0,0,0,69,278,533,845,953,1113,1098,1002,811,6702
propose novel,0,0,0,0,0,0,0,0,3,32,145,490,852,812,853,1051,1118,980,6336
paper presents,0,0,0,0,0,0,0,0,3,32,167,403,675,620,638,758,1013,1382,5691
show proposed,0,0,0,0,0,0,0,0,0,41,211,553,900,911,924,840,628,549,5557
proposed approach,0,0,0,0,0,0,0,0,0,28,128,499,865,732,716,797,774,919,5458
deep neural,0,0,0,0,0,0,0,0,0,57,257,724,1049,839,767,655,501,421,5270
paper proposes,0,0,0,0,0,0,0,0,0,18,136,370,575,634,756,860,865,998,5212
optimization problem,0,0,0,0,0,0,0,0,0,26,128,399,617,573,606,653,779,907,4688
training data,0,0,0,0,0,0,0,0,0,19,111,446,713,578,648,709,664,529,4417
effectiveness proposed,0,0,0,0,0,0,0,0,0,11,100,287,508,497,521,685,801,805,4215
medical image,0,0,0,0,0,0,0,0,0,0,20,254,414,467,639,813,864,612,4083
numerical results,0,0,0,0,0,0,0,0,0,23,110,333,490,440,516,601,663,674,3850
channel estimation,0,0,0,0,0,0,0,0,0,14,110,361,446,508,488,536,620,723,3806
predictive control,0,0,0,0,0,0,0,0,0,0,12,180,387,468,505,505,709,857,3623
signal processing,0,0,0,0,0,0,0,0,0,55,230,318,441,413,459,543,554,596,3609
demonstrate proposed,0,0,0,0,0,0,0,0,0,6,59,206,383,344,430,508,661,911,3508
learning models,0,0,0,0,0,0,0,0,0,4,29,231,393,394,517,588,697,632,3485
model predictive,0,0,0,0,0,0,0,0,0,0,13,189,392,433,472,504,671,805,3479
proposed algorithm,0,0,0,0,0,0,0,0,0,38,180,348,471,532,500,489,518,395,3471
computational complexity,0,0,0,0,0,0,0,0,0,38,131,251,347,368,440,463,629,697,3364
publicly available,0,0,0,0,0,0,0,0,0,11,58,222,372,379,491,533,642,606,3314
proposed model,0,0,0,0,0,0,0,0,0,14,99,251,484,499,493,563,480,397,3280
proposed framework,0,0,0,0,0,0,0,0,4,10,82,229,380,375,430,465,455,711,3141
existing methods,0,0,0,0,0,0,0,0,0,13,51,166,288,247,356,491,665,836,3113
image segmentation,0,0,0,0,0,0,0,0,0,0,31,280,351,359,463,612,569,426,3091
automatic speech,0,0,0,0,0,0,0,0,0,20,94,210,333,407,529,524,537,425,3079
error rate,0,0,0,0,0,0,0,0,5,41,170,280,415,393,435,417,431,446,3033
extensive experiments,0,0,0,0,0,0,0,0,0,0,29,143,305,311,406,478,684,676,3032
generative adversarial,0,0,0,0,0,0,0,0,0,19,102,458,613,498,463,336,314,197,3000
speech enhancement,0,0,0,0,0,0,0,0,0,21,151,212,341,382,448,440,406,499,2900
optimal control,0,0,0,0,0,0,0,0,0,8,18,154,388,407,427,426,488,583,2899
demonstrate effectiveness,0,0,0,0,0,0,0,0,0,7,55,154,279,293,331,540,586,635,2880
work propose,0,0,0,0,0,0,0,0,0,13,43,237,382,393,444,477,415,431,2835
communication systems,0,0,0,0,0,0,0,0,0,24,124,204,266,274,362,463,539,558,2814
paper present,0,0,0,0,0,0,0,0,0,26,113,288,491,383,374,398,340,306,2719
reconfigurable intelligent,0,0,0,0,0,0,0,0,0,0,0,70,253,317,463,542,542,512,2699
deep learningbased,0,0,0,0,0,0,0,0,0,0,22,198,342,381,407,441,449,417,2657
image quality,0,0,0,0,0,0,0,0,0,5,91,243,310,335,386,368,514,362,2614
artificial intelligence,0,0,0,0,0,0,0,0,0,4,25,108,279,318,359,421,559,540,2613
massive mimo,0,0,0,0,0,0,0,0,0,44,154,353,359,388,377,283,338,306,2602
performance proposed,0,0,0,0,0,0,0,0,0,24,123,257,393,378,357,426,361,283,2602
transfer learning,0,0,0,0,0,0,0,0,0,11,48,231,467,367,379,382,411,304,2600
data augmentation,0,0,0,0,0,0,0,0,0,9,30,204,409,380,445,427,378,317,2599
paper introduces,0,0,0,0,0,0,0,0,0,7,57,98,163,180,169,333,771,818,2596
stateoftheart methods,0,0,0,0,0,0,0,0,0,5,49,206,337,312,368,420,439,399,2535
widely used,0,0,0,0,0,0,0,0,0,11,79,202,369,326,374,377,363,414,2515
power system,0,0,0,0,0,0,0,0,0,13,70,248,345,346,276,389,378,440,2505
magnetic resonance,0,0,0,0,0,0,0,0,0,12,39,257,343,324,382,401,410,329,2497
learning methods,0,0,0,0,0,0,0,0,0,4,39,212,413,347,364,402,402,304,2487
recent years,0,0,0,0,0,0,0,0,0,4,39,204,345,356,390,414,423,287,2462
superior performance,0,0,0,0,0,0,0,0,0,0,33,116,212,219,239,396,601,595,2411
resource allocation,0,0,0,0,0,0,0,0,0,12,80,181,336,264,259,369,464,446,2411
multiple access,0,0,0,0,0,0,0,0,0,31,101,228,373,293,309,325,403,344,2407
feature extraction,0,0,0,0,0,0,0,0,0,15,79,160,301,260,288,295,475,472,2345
base station,0,0,0,0,0,0,0,0,0,24,106,193,269,246,293,367,429,408,2335
time series,0,0,0,0,0,0,0,0,0,10,85,259,347,271,299,351,375,332,2329
wireless communication,0,0,0,0,0,0,0,0,0,21,97,182,232,284,273,368,399,454,2310
language models,0,0,0,0,0,0,0,0,0,4,14,45,57,63,58,310,767,982,2300
experiments show,0,0,0,0,0,0,0,0,0,7,54,198,316,334,405,352,298,326,2290
medical imaging,0,0,0,0,0,0,0,0,0,7,15,143,274,251,308,359,510,383,2250
energy consumption,0,0,0,0,0,0,0,0,0,5,55,173,267,233,299,371,422,400,2225
learning framework,0,0,0,0,0,0,0,0,0,4,30,151,283,312,296,291,341,514,2222
multipleinput multipleoutput,0,0,0,0,0,0,0,0,3,16,86,162,238,270,310,307,434,393,2219
case study,0,0,0,0,0,0,0,0,0,4,23,177,246,276,281,333,385,487,2212
wireless networks,0,0,0,0,0,0,0,0,0,18,74,125,258,246,284,287,378,530,2200
energy efficiency,0,0,0,0,0,0,0,0,0,13,74,176,297,211,299,294,400,419,2183
state information,0,0,0,0,0,0,0,0,0,15,71,148,263,238,333,308,348,451,2175
loss function,0,0,0,0,0,0,0,0,0,8,46,220,349,284,292,342,304,319,2164
computer vision,0,0,0,0,0,0,0,0,0,7,37,225,390,284,366,311,311,221,2152
propose new,0,0,0,0,0,0,0,0,0,14,96,229,356,325,348,282,294,192,2136
learning approach,0,0,0,0,0,0,0,0,0,8,59,251,347,289,298,300,315,259,2126
using deep,0,0,0,0,0,0,0,0,0,9,91,279,457,310,294,286,222,156,2104
channel state,0,0,0,0,0,0,0,0,0,14,76,146,258,224,316,289,346,427,2096
power systems,0,0,0,0,0,0,0,0,0,9,22,170,265,297,250,329,306,446,2094
learning based,0,0,0,0,0,0,0,0,0,12,58,269,444,364,330,251,214,140,2082
deep reinforcement,0,0,0,0,0,0,0,0,0,0,16,148,348,258,296,326,352,325,2069
numerical simulations,0,0,0,0,0,0,0,0,0,14,60,124,239,276,254,325,343,431,2066
signaltonoise ratio,0,0,0,0,0,0,0,0,0,18,80,168,236,219,233,283,372,417,2026
recognition asr,0,0,0,0,0,0,0,0,0,13,55,125,202,272,334,344,364,288,1997
power consumption,0,0,0,0,0,0,0,0,0,21,66,200,272,213,254,309,313,346,1994
wide range,0,0,0,0,0,0,0,0,0,10,51,164,275,211,232,336,344,338,1961
image reconstruction,0,0,0,0,0,0,0,0,0,13,65,208,302,237,269,300,341,223,1958
systems paper,0,0,0,0,0,0,0,0,0,13,51,162,251,226,260,272,314,395,1944
emotion recognition,0,0,0,0,0,0,0,0,0,20,63,137,162,227,293,325,399,313,1939
code available,0,0,0,0,0,0,0,0,0,0,7,65,150,147,221,353,517,453,1913
large language,0,0,0,0,0,0,0,0,0,0,0,0,0,0,3,238,711,955,1907
experiments demonstrate,0,0,0,0,0,0,0,0,0,3,28,98,170,163,210,297,440,493,1902
however existing,0,0,0,0,0,0,0,0,0,3,18,83,130,152,214,331,386,578,1895
unmanned aerial,0,0,0,0,0,0,0,0,0,5,56,188,300,210,212,272,322,327,1892
novel approach,0,0,0,0,0,0,0,0,0,9,38,144,184,148,157,329,508,361,1878
sensing communication,0,0,0,0,0,0,0,0,0,0,0,5,14,73,193,318,557,712,1872
selfsupervised learning,0,0,0,0,0,0,0,0,0,0,0,40,90,218,379,412,388,337,1864
integrated sensing,0,0,0,0,0,0,0,0,0,0,0,0,4,43,190,348,553,725,1863
learning techniques,0,0,0,0,0,0,0,0,0,9,39,181,282,264,239,315,354,179,1862
learning model,0,0,0,0,0,0,0,0,0,3,29,138,282,254,303,271,327,254,1861
results indicate,0,0,0,0,0,0,0,0,0,14,67,140,209,199,219,292,344,343,1827
diffusion models,0,0,0,0,0,0,0,0,0,0,0,3,0,16,107,485,606,610,1827
proposed scheme,0,0,0,0,0,0,0,0,0,14,93,151,264,241,248,265,278,257,1811
ground truth,0,0,0,0,0,0,0,0,0,6,38,177,291,242,275,270,299,210,1808
federated learning,0,0,0,0,0,0,0,0,0,0,0,36,164,279,302,380,367,278,1806
method based,0,0,0,0,0,0,0,0,0,15,77,198,299,216,257,263,251,213,1789
model trained,0,0,0,0,0,0,0,0,0,16,40,133,271,197,268,284,308,268,1785
dynamical systems,0,0,0,0,0,0,0,0,0,9,16,100,234,240,227,267,307,368,1768
address issue,0,0,0,0,0,0,0,0,0,3,23,76,157,127,204,375,440,346,1751
large number,0,0,0,0,0,0,0,0,0,11,77,206,310,261,262,260,192,163,1742
nonlinear systems,0,0,0,0,0,0,0,0,0,0,15,101,195,261,239,263,305,357,1736
performance compared,0,0,0,0,0,0,0,0,0,13,42,122,194,182,196,291,367,323,1730
stateoftheart performance,0,0,0,0,0,0,0,0,0,0,23,136,182,188,233,248,330,386,1726
state estimation,0,0,0,0,0,0,0,0,0,17,40,142,223,214,228,286,224,351,1725
power allocation,0,0,0,0,0,0,0,0,0,16,64,171,238,251,200,228,242,310,1720
mimo systems,0,0,0,0,0,0,0,0,0,19,55,166,226,225,244,213,290,279,1717
computed tomography,0,0,0,0,0,0,0,0,0,0,11,137,274,234,251,273,278,230,1688
speaker verification,0,0,0,0,0,0,0,0,0,22,113,154,292,230,316,208,217,134,1686
improve performance,0,0,0,0,0,0,0,0,0,8,45,163,232,247,284,262,262,172,1675
spectral efficiency,0,0,0,0,0,0,0,0,0,15,62,137,203,199,190,222,272,365,1665
control systems,0,0,0,0,0,0,0,0,0,0,16,131,250,238,264,218,255,288,1660
anomaly detection,0,0,0,0,0,0,0,0,0,11,39,121,232,197,231,264,289,262,1646
quality assessment,0,0,0,0,0,0,0,0,0,0,57,105,174,197,256,287,313,255,1644
power flow,0,0,0,0,0,0,0,0,0,0,41,158,241,225,211,253,207,308,1644
resonance imaging,0,0,0,0,0,0,0,0,0,3,20,165,192,196,243,284,289,240,1632
outperforms stateoftheart,0,0,0,0,0,0,0,0,0,0,29,116,224,180,228,292,279,282,1630
image analysis,0,0,0,0,0,0,0,0,0,9,38,130,240,221,237,281,282,174,1612
learning algorithms,0,0,0,0,0,0,0,0,0,8,36,162,286,237,232,268,249,129,1607
method achieves,0,0,0,0,0,0,0,0,0,10,26,109,163,160,209,233,271,421,1602
recurrent neural,0,0,0,0,0,0,0,0,0,34,141,256,323,248,195,147,146,110,1600
representation learning,0,0,0,0,0,0,0,0,0,4,13,83,181,225,312,257,261,259,1595
numerical experiments,0,0,0,0,0,0,0,0,0,9,47,118,204,206,248,215,231,316,1594
medical images,0,0,0,0,0,0,0,0,0,0,10,119,216,198,247,264,362,163,1579
address challenges,0,0,0,0,0,0,0,0,0,0,9,27,71,78,82,218,448,639,1572
image compression,0,0,0,0,0,0,0,0,0,5,40,107,179,175,237,251,332,232,1558
compared existing,0,0,0,0,0,0,0,0,0,7,26,100,179,160,192,239,317,335,1555
intelligent surface,0,0,0,0,0,0,0,0,0,0,0,41,148,189,273,326,316,257,1550
adversarial networks,0,0,0,0,0,0,0,0,0,14,52,250,334,245,215,171,164,92,1537
paper investigates,0,0,0,0,0,0,0,0,0,6,31,81,146,166,168,213,293,432,1536
models trained,0,0,0,0,0,0,0,0,0,6,30,74,173,180,215,248,330,278,1534
network cnn,0,0,0,0,0,0,0,0,0,6,54,250,335,222,211,170,167,119,1534
compared conventional,0,0,0,0,0,0,0,0,0,7,45,139,193,160,163,192,268,365,1532
classification accuracy,0,0,0,0,0,0,0,0,0,13,47,150,233,177,208,201,241,261,1531
compared stateoftheart,0,0,0,0,0,0,0,0,0,5,43,108,168,198,254,246,260,237,1519
future research,0,0,0,0,0,0,0,0,0,3,21,85,154,136,175,240,339,364,1517
language model,0,0,0,0,0,0,0,0,0,9,33,72,101,133,165,219,343,431,1506
internet things,0,0,0,0,0,0,0,0,0,14,62,142,246,215,180,193,234,196,1482
paper introduce,0,0,0,0,0,0,0,0,0,7,46,88,174,147,195,207,344,269,1477
renewable energy,0,0,0,0,0,0,0,0,0,4,18,106,154,187,207,236,257,307,1476
proposed system,0,0,0,0,0,0,0,0,0,16,70,117,230,204,209,187,199,242,1474
kalman filter,0,0,0,0,0,0,0,0,0,15,27,118,151,188,201,216,243,309,1468
voice conversion,0,0,0,0,0,0,0,0,0,4,58,123,222,190,221,240,205,203,1466
semantic segmentation,0,0,0,0,0,0,0,0,0,0,7,168,303,220,208,188,181,189,1464
present novel,0,0,0,0,0,0,0,0,0,13,48,132,219,190,200,227,245,189,1463
multipleoutput mimo,0,0,0,0,0,0,0,0,3,13,64,111,173,182,199,203,265,243,1456
diffusion model,0,0,0,0,0,0,0,0,0,0,0,0,3,10,64,336,550,487,1450
domain adaptation,0,0,0,0,0,0,0,0,0,0,26,103,226,218,236,250,218,170,1447
generative models,0,0,0,0,0,0,0,0,0,0,19,88,134,138,165,270,340,293,1447
introduce novel,0,0,0,0,0,0,0,0,0,8,19,74,108,121,133,231,412,340,1446
wireless communications,0,0,0,0,0,0,0,0,0,11,59,104,185,159,165,183,322,256,1444
high accuracy,0,0,0,0,0,0,0,0,0,8,44,128,211,173,202,184,250,240,1440
remote sensing,0,0,0,0,0,0,0,0,0,7,31,99,206,212,145,206,254,279,1439
computational efficiency,0,0,0,0,0,0,0,0,0,0,15,77,107,109,102,179,329,521,1439
point cloud,0,0,0,0,0,0,0,0,0,0,29,131,221,155,228,229,242,196,1431
across different,0,0,0,0,0,0,0,0,0,5,19,70,100,111,128,214,397,386,1430
adversarial network,0,0,0,0,0,0,0,0,0,8,50,213,298,235,226,159,143,96,1428
image processing,0,0,0,0,0,0,0,0,6,12,67,185,211,218,221,174,207,125,1426
speech synthesis,0,0,0,0,0,0,0,0,0,6,84,104,180,158,224,225,215,216,1412
object detection,0,0,0,0,0,0,0,0,0,7,14,147,303,187,206,168,167,212,1411
state art,0,0,0,0,0,0,0,0,0,11,68,176,295,232,193,159,141,136,1411
control problem,0,0,0,0,0,0,0,0,0,4,16,91,210,186,224,212,224,243,1410
mean square,0,0,0,0,0,0,0,0,0,9,86,119,179,140,135,201,261,270,1400
source separation,0,0,0,0,0,0,0,0,0,21,121,153,229,201,169,175,130,195,1394
latent space,0,0,0,0,0,0,0,0,0,0,17,92,163,165,171,268,258,254,1388
recent advances,0,0,0,0,0,0,0,0,0,5,33,118,164,160,186,184,198,337,1385
network architecture,0,0,0,0,0,0,0,0,0,9,42,198,273,217,168,127,188,160,1382
proposes novel,0,0,0,0,0,0,0,0,0,3,33,85,149,145,180,203,253,326,1377
case studies,0,0,0,0,0,0,0,0,0,5,23,93,153,179,170,196,227,330,1376
information csi,0,0,0,0,0,0,0,0,0,5,47,78,161,150,207,187,239,299,1373
computational cost,0,0,0,0,0,0,0,0,0,8,39,100,173,165,202,211,186,289,1373
fourier transform,0,0,0,0,0,0,0,0,0,23,119,152,164,124,184,177,192,234,1369
transmit power,0,0,0,0,0,0,0,0,0,19,82,125,200,141,167,193,203,239,1369
better performance,0,0,0,0,0,0,0,0,0,7,56,161,220,195,240,211,177,98,1365
control barrier,0,0,0,0,0,0,0,0,0,0,0,20,121,147,207,214,265,388,1362
model based,0,0,0,0,0,0,0,0,0,8,52,137,179,176,193,197,255,165,1362
commonly used,0,0,0,0,0,0,0,0,0,0,43,133,189,141,204,218,250,183,1361
image classification,0,0,0,0,0,0,0,0,0,11,18,149,261,197,195,163,201,164,1359
method outperforms,0,0,0,0,0,0,0,0,0,4,33,96,182,154,203,234,215,228,1349
experiments conducted,0,0,0,0,0,0,0,0,0,0,48,87,174,161,181,209,265,223,1348
address problem,0,0,0,0,0,0,0,0,0,12,50,144,199,191,199,199,198,150,1342
communication system,0,0,0,0,0,0,0,0,0,6,65,106,166,141,211,222,214,195,1326
two different,0,0,0,0,0,0,0,0,0,14,48,154,236,194,186,193,171,125,1321
algorithm based,0,0,0,0,0,0,0,0,0,13,69,150,192,158,191,194,201,141,1309
autonomous driving,0,0,0,0,0,0,0,0,0,0,13,108,182,150,156,184,258,253,1304
proposed methods,0,0,0,0,0,0,0,0,0,9,45,119,179,181,181,209,197,172,1292
first time,0,0,0,0,0,0,0,0,0,8,56,111,173,149,174,204,230,187,1292
synthetic data,0,0,0,0,0,0,0,0,0,3,30,97,172,130,145,186,279,248,1290
system performance,0,0,0,0,0,0,0,0,0,9,45,96,174,139,167,174,235,241,1280
control system,0,0,0,0,0,0,0,0,0,3,17,114,200,177,177,177,221,191,1277
prior knowledge,0,0,0,0,0,0,0,0,0,3,38,118,172,166,140,186,208,234,1265
solve problem,0,0,0,0,0,0,0,0,0,9,34,142,196,177,202,174,165,163,1262
autonomous vehicles,0,0,0,0,0,0,0,0,0,0,19,105,207,196,135,195,216,187,1260
energy storage,0,0,0,0,0,0,0,0,0,5,32,99,172,177,156,171,215,233,1260
outperforms existing,0,0,0,0,0,0,0,0,0,4,22,70,117,105,134,192,262,341,1247
attention mechanism,0,0,0,0,0,0,0,0,0,0,25,100,168,182,204,173,213,176,1241
best knowledge,0,0,0,0,0,0,0,0,0,4,27,125,184,172,192,179,178,176,1237
intelligent surfaces,0,0,0,0,0,0,0,0,0,0,0,47,133,122,189,222,241,272,1226
existing approaches,0,0,0,0,0,0,0,0,0,5,26,65,139,129,130,158,219,354,1225
aerial vehicles,0,0,0,0,0,0,0,0,0,3,32,107,184,134,124,191,209,240,1224
monte carlo,0,0,0,0,0,0,0,0,0,11,45,117,134,138,159,194,178,248,1224
optimization problems,0,0,0,0,0,0,0,0,0,11,22,111,163,179,173,184,176,195,1214
networks cnns,0,0,0,0,0,0,0,0,0,7,27,149,238,173,146,144,185,140,1209
computationally efficient,0,0,0,0,0,0,0,0,0,7,42,93,140,140,125,180,197,280,1204
significantly outperforms,0,0,0,0,0,0,0,0,0,0,27,78,129,118,142,146,227,336,1203
evaluate performance,0,0,0,0,0,0,0,0,0,10,32,114,179,163,154,197,189,163,1201
contrastive learning,0,0,0,0,0,0,0,0,0,0,0,0,67,127,228,256,299,218,1195
achieves stateoftheart,0,0,0,0,0,0,0,0,0,0,8,69,96,113,137,161,251,357,1192
labeled data,0,0,0,0,0,0,0,0,0,6,25,78,146,138,187,186,201,213,1180
challenging task,0,0,0,0,0,0,0,0,0,8,41,113,206,160,185,190,166,109,1178
test set,0,0,0,0,0,0,0,0,0,5,29,108,189,184,196,148,165,154,1178
state space,0,0,0,0,0,0,0,0,0,7,17,51,103,114,131,162,301,288,1174
algorithm proposed,0,0,0,0,0,0,0,0,0,11,54,92,186,157,181,167,166,153,1167
recently proposed,0,0,0,0,0,0,0,0,0,19,52,123,205,186,181,154,144,103,1167
learning approaches,0,0,0,0,0,0,0,0,0,5,26,100,174,142,159,159,182,213,1160
paper investigate,0,0,0,0,0,0,0,0,0,8,36,98,169,153,157,181,185,171,1158
also show,0,0,0,0,0,0,0,0,0,12,46,125,204,204,196,150,130,86,1153
cost function,0,0,0,0,0,0,0,0,0,7,52,107,199,161,149,152,157,168,1152
gradient descent,0,0,0,0,0,0,0,0,0,5,38,105,153,168,171,172,168,168,1148
model parameters,0,0,0,0,0,0,0,0,0,8,27,84,179,172,155,154,195,172,1146
presents novel,0,0,0,0,0,0,0,0,0,5,20,66,121,108,112,174,226,311,1143
across various,0,0,0,0,0,0,0,0,0,0,0,12,26,22,42,160,457,421,1140
challenging due,0,0,0,0,0,0,0,0,0,5,10,65,112,86,116,173,222,343,1132
word error,0,0,0,0,0,0,0,0,0,12,44,82,138,169,174,171,180,161,1131
ratio snr,0,0,0,0,0,0,0,0,0,10,52,81,141,128,115,156,191,251,1125
parameter estimation,0,0,0,0,0,0,0,0,0,15,37,68,127,126,159,176,178,238,1124
approach based,0,0,0,0,0,0,0,0,0,7,49,129,184,138,162,162,161,131,1123
graph neural,0,0,0,0,0,0,0,0,0,0,0,35,111,118,163,206,260,228,1121
downstream tasks,0,0,0,0,0,0,0,0,0,0,3,13,48,83,166,215,313,277,1118
address challenge,0,0,0,0,0,0,0,0,0,5,6,30,74,65,89,191,288,370,1118
foundation models,0,0,0,0,0,0,0,0,0,0,0,0,0,0,4,110,432,567,1113
datasets demonstrate,0,0,0,0,0,0,0,0,0,3,15,59,86,90,112,203,237,306,1111
radio frequency,0,0,0,0,0,0,0,0,0,14,50,78,147,134,125,133,202,226,1109
edge computing,0,0,0,0,0,0,0,0,0,0,17,127,196,143,172,146,181,126,1108
linear systems,0,0,0,0,0,0,0,0,0,11,7,71,147,157,190,174,167,184,1108
square error,0,0,0,0,0,0,0,0,0,8,65,99,138,93,105,171,199,230,1108
lower bound,0,0,0,0,0,0,0,0,0,12,31,93,140,137,141,179,171,204,1108
real time,0,0,0,0,0,0,0,0,0,5,58,120,164,108,125,116,174,238,1108
objective function,0,0,0,0,0,0,0,0,0,7,49,116,177,134,175,128,173,149,1108
system identification,0,0,0,0,0,0,0,0,0,6,28,72,133,124,120,194,160,263,1100
supervised learning,0,0,0,0,0,0,0,0,0,6,28,114,160,147,170,178,159,133,1095
source code,0,0,0,0,0,0,0,0,0,0,13,68,96,110,148,208,253,198,1094
learning method,0,0,0,0,0,0,0,0,0,4,22,107,161,156,199,177,146,119,1091
across multiple,0,0,0,0,0,0,0,0,0,0,10,32,60,74,82,115,268,446,1087
problem propose,0,0,0,0,0,0,0,0,0,5,20,90,155,155,171,159,171,158,1084
novel method,0,0,0,0,0,0,0,0,0,10,45,90,160,108,128,164,236,142,1083
millimeter wave,0,0,0,0,0,0,0,0,0,18,77,197,191,118,189,107,106,79,1082
novel framework,0,0,0,0,0,0,0,0,0,8,20,57,90,85,85,126,239,369,1079
deep convolutional,0,0,0,0,0,0,0,0,0,11,64,191,327,186,130,72,42,48,1071
work present,0,0,0,0,0,0,0,0,0,9,27,88,161,137,159,140,150,193,1064
barrier functions,0,0,0,0,0,0,0,0,0,0,0,19,108,120,163,167,193,294,1064
chest xray,0,0,0,0,0,0,0,0,0,0,0,39,299,194,158,137,145,91,1063
promising results,0,0,0,0,0,0,0,0,0,4,24,79,182,148,176,167,163,116,1059
intelligent reflecting,0,0,0,0,0,0,0,0,0,0,0,97,256,175,184,146,116,84,1058
upper bound,0,0,0,0,0,0,0,0,0,10,20,77,135,124,137,185,194,173,1055
based deep,0,0,0,0,0,0,0,0,0,7,36,149,225,165,154,135,113,69,1053
data set,0,0,0,0,0,0,0,0,0,9,41,146,229,167,185,148,92,33,1050
markov decision,0,0,0,0,0,0,0,0,0,7,4,69,148,159,169,165,180,149,1050
control mpc,0,0,0,0,0,0,0,0,0,0,0,46,110,136,129,156,212,259,1048
frequency domain,0,0,0,0,0,0,0,0,0,13,36,81,143,123,138,164,184,165,1047
show method,0,0,0,0,0,0,0,0,0,5,23,96,137,126,176,175,150,157,1045
tumor segmentation,0,0,0,0,0,0,0,0,0,0,9,101,160,126,149,162,200,137,1044
image superresolution,0,0,0,0,0,0,0,0,0,0,13,92,164,155,199,149,178,90,1040
paper consider,0,0,0,0,0,0,0,0,0,6,47,113,166,171,171,159,126,80,1039
compared traditional,0,0,0,0,0,0,0,0,0,6,15,85,104,79,124,158,243,224,1038
data rate,0,0,0,0,0,0,0,0,0,12,54,115,151,141,147,118,165,134,1037
data collected,0,0,0,0,0,0,0,0,0,5,29,92,170,125,160,159,163,132,1035
brain tumor,0,0,0,0,0,0,0,0,0,0,9,74,161,130,145,173,213,128,1033
pretrained models,0,0,0,0,0,0,0,0,0,0,0,29,73,88,182,218,249,194,1033
natural language,0,0,0,0,0,0,0,0,0,0,13,46,76,107,143,195,243,209,1032
networks paper,0,0,0,0,0,0,0,0,0,14,50,102,156,148,118,148,136,153,1025
performance analysis,0,0,0,0,0,0,0,0,0,12,35,84,138,122,130,156,178,165,1020
data collection,0,0,0,0,0,0,0,0,0,0,15,66,102,136,147,140,223,190,1019
numerical examples,0,0,0,0,0,0,0,0,0,6,23,72,139,151,149,136,149,192,1017
model training,0,0,0,0,0,0,0,0,0,0,18,48,96,125,184,162,228,154,1015
eeg signals,0,0,0,0,0,0,0,0,0,4,43,76,148,96,125,145,259,119,1015
paper addresses,0,0,0,0,0,0,0,0,0,5,26,50,112,97,80,137,240,267,1014
physical layer,0,0,0,0,0,0,0,0,0,10,34,103,171,111,114,139,161,167,1010
power grid,0,0,0,0,0,0,0,0,0,3,35,96,131,160,145,153,162,123,1008
learning algorithm,0,0,0,0,0,0,0,0,0,4,28,88,210,164,145,132,135,101,1007
system dynamics,0,0,0,0,0,0,0,0,0,0,9,54,145,127,104,149,176,242,1006
propose two,0,0,0,0,0,0,0,0,0,13,34,104,146,135,145,144,128,156,1005
method proposed,0,0,0,0,0,0,0,0,0,11,43,90,160,148,171,132,139,110,1004
channel model,0,0,0,0,0,0,0,0,0,6,51,74,126,114,122,126,210,172,1001
model performance,0,0,0,0,0,0,0,0,0,0,13,47,90,92,136,154,235,231,998
optimal solution,0,0,0,0,0,0,0,0,0,7,35,109,172,127,134,140,140,133,997
spatial resolution,0,0,0,0,0,0,0,0,0,0,36,97,154,122,132,145,147,160,993
control strategy,0,0,0,0,0,0,0,0,0,0,10,59,124,141,128,159,166,204,991
frequency division,0,0,0,0,0,0,0,0,0,9,58,74,108,87,115,138,168,233,990
without requiring,0,0,0,0,0,0,0,0,0,4,14,47,86,83,95,110,180,369,988
images using,0,0,0,0,0,0,0,0,0,7,27,119,177,142,155,120,138,102,987
model achieves,0,0,0,0,0,0,0,0,0,4,17,48,106,103,128,169,185,227,987
theoretical analysis,0,0,0,0,0,0,0,0,0,8,26,76,105,102,105,162,181,221,986
speech separation,0,0,0,0,0,0,0,0,0,14,36,98,178,147,146,144,122,100,985
methods proposed,0,0,0,0,0,0,0,0,0,3,30,84,138,146,165,166,133,119,984
real data,0,0,0,0,0,0,0,0,0,14,32,98,153,149,139,134,123,134,976
multiagent systems,0,0,0,0,0,0,0,0,0,0,5,48,122,129,150,164,133,225,976
significantly improves,0,0,0,0,0,0,0,0,0,4,19,63,74,67,100,151,224,274,976
breast cancer,0,0,0,0,0,0,0,0,0,6,10,95,116,94,134,181,197,141,974
optimization algorithm,0,0,0,0,0,0,0,0,0,0,17,75,108,107,132,138,218,171,966
asr systems,0,0,0,0,0,0,0,0,0,10,26,69,107,133,159,177,161,123,965
also propose,0,0,0,0,0,0,0,0,0,3,35,113,148,139,159,142,121,104,964
adversarial attacks,0,0,0,0,0,0,0,0,0,0,7,95,149,139,149,147,165,113,964
base stations,0,0,0,0,0,0,0,0,0,9,71,104,143,106,113,131,154,132,963
different types,0,0,0,0,0,0,0,0,0,18,25,116,160,140,154,142,124,83,962
image denoising,0,0,0,0,0,0,0,0,0,5,24,100,169,155,138,151,124,91,957
validate effectiveness,0,0,0,0,0,0,0,0,0,0,13,37,72,66,84,148,228,306,954
speech quality,0,0,0,0,0,0,0,0,0,4,39,37,102,154,137,121,154,206,954
compressed sensing,0,0,0,0,0,0,0,0,0,21,66,133,133,138,140,120,113,88,952
image restoration,0,0,0,0,0,0,0,0,0,0,20,65,104,108,148,133,220,153,951
data sets,0,0,0,0,0,0,0,0,0,4,51,123,196,150,150,136,94,45,949
things iot,0,0,0,0,0,0,0,0,0,7,42,93,154,131,110,133,152,124,946
sound event,0,0,0,0,0,0,0,0,0,18,47,110,145,161,81,122,148,112,944
speaker recognition,0,0,0,0,0,0,0,0,0,11,57,101,243,96,165,140,89,42,944
generative model,0,0,0,0,0,0,0,0,0,6,30,97,140,99,139,155,150,123,939
address issues,0,0,0,0,0,0,0,0,0,0,7,34,67,74,87,166,250,253,938
without need,0,0,0,0,0,0,0,0,0,0,15,75,113,112,136,160,186,137,934
point clouds,0,0,0,0,0,0,0,0,0,0,11,87,133,118,132,124,153,176,934
imaging mri,0,0,0,0,0,0,0,0,0,0,9,79,103,117,131,164,168,163,934
division multiplexing,0,0,0,0,0,0,0,0,0,8,55,78,79,83,106,126,156,243,934
control design,0,0,0,0,0,0,0,0,0,0,0,49,119,129,142,172,150,170,931
convex optimization,0,0,0,0,0,0,0,0,0,11,40,81,117,127,124,124,154,151,929
previous work,0,0,0,0,0,0,0,0,0,6,41,87,132,102,161,144,151,102,926
model using,0,0,0,0,0,0,0,0,0,3,22,73,134,130,121,140,172,127,922
multitask learning,0,0,0,0,0,0,0,0,0,0,32,59,158,129,160,146,119,119,922
loss functions,0,0,0,0,0,0,0,0,0,3,13,84,155,146,137,121,126,135,920
paper studies,0,0,0,0,0,0,0,0,0,0,22,100,128,110,135,158,148,116,917
semantic communication,0,0,0,0,0,0,0,0,0,0,0,0,7,25,126,181,267,306,912
across diverse,0,0,0,0,0,0,0,0,0,0,0,0,3,7,17,74,253,558,912
knowledge distillation,0,0,0,0,0,0,0,0,0,0,0,17,90,67,147,198,197,195,911
detection performance,0,0,0,0,0,0,0,0,0,4,26,72,106,111,138,144,151,155,907
compared baseline,0,0,0,0,0,0,0,0,0,5,15,56,103,95,111,138,184,199,906
introduces novel,0,0,0,0,0,0,0,0,0,0,13,20,32,38,47,118,331,307,906
iot devices,0,0,0,0,0,0,0,0,0,0,30,82,182,144,109,133,145,80,905
speech emotion,0,0,0,0,0,0,0,0,0,13,21,48,71,96,128,182,186,154,899
high computational,0,0,0,0,0,0,0,0,0,0,21,59,89,91,108,125,161,244,898
paper study,0,0,0,0,0,0,0,0,0,7,45,103,167,134,136,144,102,60,898
inverse problems,0,0,0,0,0,0,0,0,0,8,16,75,129,83,117,156,141,171,896
results validate,0,0,0,0,0,0,0,0,0,0,11,45,84,56,87,110,220,283,896
sufficient conditions,0,0,0,0,0,0,0,0,0,6,12,61,137,136,119,142,140,140,893
systems using,0,0,0,0,0,0,0,0,0,8,27,67,126,89,141,124,137,172,891
bit error,0,0,0,0,0,0,0,0,0,10,72,95,98,77,118,140,132,149,891
significant improvements,0,0,0,0,0,0,0,0,0,5,16,66,90,74,89,119,202,228,889
estimation error,0,0,0,0,0,0,0,0,0,9,39,79,113,107,152,126,134,128,887
motion planning,0,0,0,0,0,0,0,0,0,0,0,33,116,108,145,149,170,165,886
wireless systems,0,0,0,0,0,0,0,0,0,5,28,60,97,82,98,141,154,221,886
nonorthogonal multiple,0,0,0,0,0,0,0,0,0,11,41,107,171,134,112,100,111,98,885
significantly improve,0,0,0,0,0,0,0,0,0,6,22,64,124,114,130,151,155,117,883
performance degradation,0,0,0,0,0,0,0,0,0,6,20,52,75,93,133,132,162,207,880
three different,0,0,0,0,0,0,0,0,0,7,34,83,154,134,140,134,114,78,878
aerial vehicle,0,0,0,0,0,0,0,0,0,0,24,92,120,105,100,132,148,157,878
outage probability,0,0,0,0,0,0,0,0,0,7,67,100,155,126,95,114,109,102,875
received signal,0,0,0,0,0,0,0,0,0,13,63,102,125,87,94,127,120,142,873
event detection,0,0,0,0,0,0,0,0,0,26,53,122,129,133,103,96,127,83,872
network based,0,0,0,0,0,0,0,0,0,6,54,128,167,139,137,109,74,56,870
style transfer,0,0,0,0,0,0,0,0,0,7,38,70,104,163,130,130,141,86,869
long shortterm,0,0,0,0,0,0,0,0,0,8,45,121,119,109,94,113,129,130,868
digital twin,0,0,0,0,0,0,0,0,0,0,0,11,48,62,94,147,245,258,865
maximum likelihood,0,0,0,0,0,0,0,0,0,17,41,79,113,109,115,128,128,134,864
sensor data,0,0,0,0,0,0,0,0,0,10,21,64,134,87,108,126,143,169,862
research directions,0,0,0,0,0,0,0,0,0,3,18,70,103,86,118,128,156,179,861
significant challenges,0,0,0,0,0,0,0,0,0,0,5,12,24,21,39,80,290,387,858
theoretical results,0,0,0,0,0,0,0,0,0,4,21,79,100,106,134,122,141,151,858
optimal power,0,0,0,0,0,0,0,0,0,3,15,106,112,113,104,113,125,167,858
xray images,0,0,0,0,0,0,0,0,0,0,6,32,254,135,134,91,124,78,854
high resolution,0,0,0,0,0,0,0,0,0,12,35,128,189,126,116,91,85,71,853
mean squared,0,0,0,0,0,0,0,0,0,5,26,68,100,99,99,114,142,198,851
vehicles uavs,0,0,0,0,0,0,0,0,0,0,27,70,135,90,95,111,149,174,851
proposed algorithms,0,0,0,0,0,0,0,0,0,4,39,88,146,115,108,118,101,132,851
shortterm memory,0,0,0,0,0,0,0,0,0,8,43,115,112,109,92,114,129,129,851
communication isac,0,0,0,0,0,0,0,0,0,0,0,0,0,20,74,126,263,367,850
trained using,0,0,0,0,0,0,0,0,0,7,28,73,136,115,118,138,142,93,850
problem formulated,0,0,0,0,0,0,0,0,0,4,32,61,111,107,124,123,127,161,850
electric vehicles,0,0,0,0,0,0,0,0,0,5,8,59,127,103,106,150,155,136,849
remains challenging,0,0,0,0,0,0,0,0,0,4,9,36,60,50,80,103,157,350,849
cellfree massive,0,0,0,0,0,0,0,0,0,0,13,45,66,124,122,108,194,177,849
previous works,0,0,0,0,0,0,0,0,0,7,20,81,133,117,151,142,127,70,848
target speaker,0,0,0,0,0,0,0,0,0,0,39,42,89,116,148,139,125,143,841
perceptual quality,0,0,0,0,0,0,0,0,0,0,16,53,82,91,118,134,150,194,838
least squares,0,0,0,0,0,0,0,0,0,12,43,56,103,115,91,129,125,163,837
real world,0,0,0,0,0,0,0,0,0,0,18,77,124,112,135,145,114,112,837
data transmission,0,0,0,0,0,0,0,0,0,7,35,66,103,80,102,104,180,159,836
traditional methods,0,0,0,0,0,0,0,0,0,0,12,55,72,49,73,101,248,226,836
realworld applications,0,0,0,0,0,0,0,0,0,0,12,36,74,94,93,135,203,188,835
classification performance,0,0,0,0,0,0,0,0,0,10,24,70,120,112,122,149,119,109,835
optimization framework,0,0,0,0,0,0,0,0,0,0,10,56,86,80,99,111,139,254,835
sum rate,0,0,0,0,0,0,0,0,0,8,26,60,90,56,98,111,183,202,834
superiority proposed,0,0,0,0,0,0,0,0,0,3,19,43,97,116,122,152,162,118,832
speech data,0,0,0,0,0,0,0,0,0,0,19,47,97,115,143,126,161,123,831
doa estimation,0,0,0,0,0,0,0,0,0,19,51,44,97,94,119,133,115,158,830
energy resources,0,0,0,0,0,0,0,0,0,3,9,62,111,120,129,124,137,133,828
knowledge first,0,0,0,0,0,0,0,0,0,4,18,89,104,114,109,109,129,152,828
covariance matrix,0,0,0,0,0,0,0,0,0,8,32,100,88,132,126,127,112,101,826
gaussian process,0,0,0,0,0,0,0,0,0,0,16,82,132,112,113,112,122,137,826
classification tasks,0,0,0,0,0,0,0,0,0,5,25,52,109,100,103,129,164,137,824
gaussian noise,0,0,0,0,0,0,0,0,0,16,39,78,121,103,77,123,135,132,824
power control,0,0,0,0,0,0,0,0,0,12,36,105,146,92,114,110,97,112,824
promising solution,0,0,0,0,0,0,0,0,0,5,13,38,59,63,70,134,182,259,823
methods based,0,0,0,0,0,0,0,0,0,8,24,91,130,113,128,117,116,96,823
communication networks,0,0,0,0,0,0,0,0,0,3,28,51,91,113,89,155,169,122,821
study propose,0,0,0,0,0,0,0,0,0,4,16,48,97,92,125,159,155,125,821
squared error,0,0,0,0,0,0,0,0,0,4,28,64,98,97,96,101,139,192,819
results reveal,0,0,0,0,0,0,0,0,0,7,33,57,91,84,94,124,137,189,816
massive multipleinput,0,0,0,0,0,0,0,0,0,9,37,70,99,106,136,112,147,99,815
ieee bus,0,0,0,0,0,0,0,0,0,4,24,93,137,104,111,102,99,139,813
training set,0,0,0,0,0,0,0,0,0,8,27,83,140,112,145,122,115,60,812
high quality,0,0,0,0,0,0,0,0,0,12,36,102,146,106,119,107,122,59,809
energy management,0,0,0,0,0,0,0,0,0,0,15,57,98,148,83,147,109,145,802
support vector,0,0,0,0,0,0,0,0,0,10,56,104,163,111,97,70,113,77,801
training process,0,0,0,0,0,0,0,0,0,5,17,64,114,104,95,150,164,88,801
use cases,0,0,0,0,0,0,0,0,0,4,13,48,105,112,113,124,136,146,801
method using,0,0,0,0,0,0,0,0,0,0,31,92,119,102,116,114,127,99,800
image registration,0,0,0,0,0,0,0,0,0,0,11,81,107,104,133,137,139,84,796
singing voice,0,0,0,0,0,0,0,0,0,8,41,79,90,103,113,113,162,85,794
control law,0,0,0,0,0,0,0,0,0,3,8,59,134,99,120,108,114,148,793
beamforming design,0,0,0,0,0,0,0,0,0,0,15,19,86,83,118,116,213,143,793
variational autoencoder,0,0,0,0,0,0,0,0,0,0,31,75,114,108,132,141,101,88,790
framework based,0,0,0,0,0,0,0,0,0,4,16,68,113,93,101,96,115,183,789
network trained,0,0,0,0,0,0,0,0,0,6,51,116,163,121,117,89,55,71,789
work proposes,0,0,0,0,0,0,0,0,0,4,15,53,77,88,103,123,148,178,789
work presents,0,0,0,0,0,0,0,0,0,3,21,44,90,106,86,115,114,210,789
reflecting surface,0,0,0,0,0,0,0,0,0,0,0,70,194,134,144,102,88,56,788
propose method,0,0,0,0,0,0,0,0,0,10,29,84,130,101,101,133,114,82,784
system using,0,0,0,0,0,0,0,0,0,13,28,61,157,114,101,110,100,100,784
improved performance,0,0,0,0,0,0,0,0,0,7,26,61,89,90,112,129,149,120,783
consider problem,0,0,0,0,0,0,0,0,0,6,31,93,133,110,104,125,87,93,782
system model,0,0,0,0,0,0,0,0,0,4,22,65,101,108,89,124,130,136,779
performance across,0,0,0,0,0,0,0,0,0,0,4,8,20,35,50,72,238,351,778
demonstrate method,0,0,0,0,0,0,0,0,0,0,10,38,87,75,77,108,146,236,777
results obtained,0,0,0,0,0,0,0,0,0,8,35,85,130,133,95,107,123,61,777
energy harvesting,0,0,0,0,0,0,0,0,0,18,66,138,101,94,60,98,97,103,775
power transfer,0,0,0,0,0,0,0,0,0,9,39,54,118,110,75,114,112,143,774
control framework,0,0,0,0,0,0,0,0,0,0,0,41,85,70,87,114,137,239,773
benchmark datasets,0,0,0,0,0,0,0,0,0,0,7,68,106,82,100,116,146,147,772
significant performance,0,0,0,0,0,0,0,0,0,8,14,60,80,87,104,109,136,173,771
alzheimers disease,0,0,0,0,0,0,0,0,0,7,7,54,83,75,133,138,152,121,770
control problems,0,0,0,0,0,0,0,0,0,0,5,45,113,102,115,123,131,136,770
phase shifts,0,0,0,0,0,0,0,0,0,0,0,56,120,110,120,103,110,151,770
introduce new,0,0,0,0,0,0,0,0,0,0,31,69,118,97,101,104,144,106,770
methods often,0,0,0,0,0,0,0,0,0,0,0,19,33,27,58,110,223,299,769
estimation accuracy,0,0,0,0,0,0,0,0,0,6,12,45,68,94,77,102,133,232,769
joint optimization,0,0,0,0,0,0,0,0,0,0,14,50,93,77,87,99,133,216,769
detection using,0,0,0,0,0,0,0,0,0,5,27,60,128,84,110,124,110,121,769
differential equations,0,0,0,0,0,0,0,0,0,4,4,33,91,104,114,119,153,147,769
closedloop system,0,0,0,0,0,0,0,0,0,0,0,44,91,105,98,108,155,167,768
paper considers,0,0,0,0,0,0,0,0,0,9,29,90,133,92,129,112,100,74,768
adaptive control,0,0,0,0,0,0,0,0,0,0,3,39,112,127,116,91,116,161,765
dynamic range,0,0,0,0,0,0,0,0,0,4,22,64,81,97,115,131,148,102,764
time frequency,0,0,0,0,0,0,0,0,0,5,23,44,84,82,89,123,153,161,764
control strategies,0,0,0,0,0,0,0,0,0,0,11,40,82,91,90,94,152,203,763
texttospeech tts,0,0,0,0,0,0,0,0,0,0,11,33,60,67,103,123,193,172,762
features extracted,0,0,0,0,0,0,0,0,0,0,20,81,115,111,137,91,114,91,760
dynamical system,0,0,0,0,0,0,0,0,0,3,12,51,119,96,109,128,103,138,759
system based,0,0,0,0,0,0,0,0,0,9,38,62,112,94,102,108,135,98,758
approach achieves,0,0,0,0,0,0,0,0,0,0,14,49,66,64,76,106,147,235,757
propose use,0,0,0,0,0,0,0,0,0,7,43,96,144,106,108,114,81,58,757
collision avoidance,0,0,0,0,0,0,0,0,0,0,0,56,68,71,82,122,150,207,756
current stateoftheart,0,0,0,0,0,0,0,0,0,3,22,73,94,95,95,113,149,112,756
network architectures,0,0,0,0,0,0,0,0,0,8,31,83,128,117,115,92,105,77,756
edge devices,0,0,0,0,0,0,0,0,0,0,4,30,69,98,107,120,142,182,752
issue propose,0,0,0,0,0,0,0,0,0,0,8,24,72,68,85,183,163,149,752
neural networkbased,0,0,0,0,0,0,0,0,0,0,17,53,97,121,109,101,121,131,750
stability analysis,0,0,0,0,0,0,0,0,0,0,9,42,94,108,86,110,105,196,750
surface ris,0,0,0,0,0,0,0,0,0,0,0,15,59,92,135,180,163,105,749
due high,0,0,0,0,0,0,0,0,0,3,20,71,84,88,111,120,114,134,745
decision process,0,0,0,0,0,0,0,0,0,6,5,46,117,110,126,108,111,116,745
model proposed,0,0,0,0,0,0,0,0,0,5,27,67,97,116,114,127,104,87,744
effectiveness approach,0,0,0,0,0,0,0,0,0,3,12,47,66,56,81,132,162,185,744
stateoftheart results,0,0,0,0,0,0,0,0,0,0,26,95,117,121,104,110,76,93,742
spoken language,0,0,0,0,0,0,0,0,0,0,22,50,76,90,132,150,111,109,740
new approach,0,0,0,0,0,0,0,0,0,9,52,112,115,97,84,97,98,75,739
models llms,0,0,0,0,0,0,0,0,0,0,0,0,0,0,0,90,270,375,735
great potential,0,0,0,0,0,0,0,0,0,0,11,60,107,77,116,129,126,108,734
systems however,0,0,0,0,0,0,0,0,0,0,15,47,89,88,80,116,146,153,734
performance metrics,0,0,0,0,0,0,0,0,0,4,14,49,93,61,90,106,160,157,734
results suggest,0,0,0,0,0,0,0,0,0,4,30,53,118,101,104,116,94,113,733
segmentation performance,0,0,0,0,0,0,0,0,0,0,3,42,87,81,119,150,135,115,732
semantic information,0,0,0,0,0,0,0,0,0,0,4,25,51,64,113,149,183,141,730
evaluation metrics,0,0,0,0,0,0,0,0,0,5,4,34,81,81,106,106,140,173,730
efficacy proposed,0,0,0,0,0,0,0,0,0,3,11,50,98,89,114,107,150,107,729
paper first,0,0,0,0,0,0,0,0,0,6,27,84,99,95,125,118,100,74,728
new method,0,0,0,0,0,0,0,0,0,7,38,81,140,96,94,107,96,68,727
network model,0,0,0,0,0,0,0,0,0,4,23,65,133,111,90,109,112,80,727
speech processing,0,0,0,0,0,0,0,0,0,6,25,37,65,93,117,119,133,131,726
significant improvement,0,0,0,0,0,0,0,0,0,5,28,83,125,92,87,112,113,81,726
practical applications,0,0,0,0,0,0,0,0,0,0,27,54,71,68,83,131,146,145,725
control scheme,0,0,0,0,0,0,0,0,0,0,10,52,97,110,124,92,131,108,724
acoustic features,0,0,0,0,0,0,0,0,0,3,44,71,119,84,124,78,117,83,723
image generation,0,0,0,0,0,0,0,0,0,0,6,51,98,57,100,135,137,138,722
decision making,0,0,0,0,0,0,0,0,0,0,18,80,132,143,114,72,80,82,721
mri reconstruction,0,0,0,0,0,0,0,0,0,0,0,49,44,86,103,182,126,131,721
alternating optimization,0,0,0,0,0,0,0,0,0,0,6,35,63,52,93,111,158,201,719
reconstruction quality,0,0,0,0,0,0,0,0,0,0,18,62,47,74,110,103,134,171,719
mutual information,0,0,0,0,0,0,0,0,0,10,29,64,99,117,98,99,90,112,718
many applications,0,0,0,0,0,0,0,0,0,7,42,81,112,116,112,96,84,68,718
adversarial training,0,0,0,0,0,0,0,0,0,0,33,86,101,106,143,85,97,65,716
feedback control,0,0,0,0,0,0,0,0,0,0,5,65,92,103,97,115,129,109,715
lesion segmentation,0,0,0,0,0,0,0,0,0,0,4,69,100,98,106,126,132,76,711
data acquisition,0,0,0,0,0,0,0,0,0,5,40,86,101,65,75,96,120,122,710
image enhancement,0,0,0,0,0,0,0,0,0,0,21,58,85,80,105,122,122,117,710
degrees freedom,0,0,0,0,0,0,0,0,0,0,20,51,62,78,73,117,141,166,708
conventional methods,0,0,0,0,0,0,0,0,0,0,19,67,80,86,82,93,114,166,707
future wireless,0,0,0,0,0,0,0,0,0,6,13,63,75,91,93,112,112,142,707
convergence rate,0,0,0,0,0,0,0,0,0,0,19,64,80,123,116,83,117,104,706
segmentation tasks,0,0,0,0,0,0,0,0,0,0,3,44,80,106,86,126,156,104,705
data using,0,0,0,0,0,0,0,0,0,4,20,81,106,73,98,130,99,93,704
path loss,0,0,0,0,0,0,0,0,0,0,21,67,95,63,72,89,130,166,703
work introduce,0,0,0,0,0,0,0,0,0,0,9,43,44,71,77,99,171,188,702
music generation,0,0,0,0,0,0,0,0,0,9,23,26,50,49,67,128,207,143,702
system design,0,0,0,0,0,0,0,0,0,3,28,52,73,72,85,123,119,147,702
proposed architecture,0,0,0,0,0,0,0,0,0,0,26,67,141,119,84,75,101,88,701
however current,0,0,0,0,0,0,0,0,0,4,4,25,56,67,79,136,187,141,699
phase shift,0,0,0,0,0,0,0,0,0,5,12,46,79,87,95,130,115,129,698
feature fusion,0,0,0,0,0,0,0,0,0,0,5,28,71,73,92,117,143,168,697
high performance,0,0,0,0,0,0,0,0,0,5,24,51,105,91,101,99,120,100,696
model used,0,0,0,0,0,0,0,0,0,5,24,67,106,101,107,109,108,68,695
evaluated using,0,0,0,0,0,0,0,0,0,6,21,49,90,76,72,116,138,125,693
single image,0,0,0,0,0,0,0,0,0,4,18,108,159,128,112,72,64,28,693
cyberphysical systems,0,0,0,0,0,0,0,0,0,7,5,43,119,122,78,90,109,120,693
spatial temporal,0,0,0,0,0,0,0,0,0,0,24,57,96,80,81,95,125,134,692
challenging problem,0,0,0,0,0,0,0,0,0,5,21,85,138,86,102,98,86,70,691
speaker diarization,0,0,0,0,0,0,0,0,0,0,13,52,86,91,102,121,156,70,691
prior work,0,0,0,0,0,0,0,0,0,4,22,49,84,87,105,90,91,158,690
dynamic programming,0,0,0,0,0,0,0,0,0,4,8,75,99,99,98,109,82,116,690
video compression,0,0,0,0,0,0,0,0,0,0,30,53,91,95,87,117,131,83,687
realworld scenarios,0,0,0,0,0,0,0,0,0,0,9,12,41,47,53,117,193,214,686
distributed energy,0,0,0,0,0,0,0,0,0,0,4,53,87,100,115,89,119,119,686
also provide,0,0,0,0,0,0,0,0,0,4,27,69,91,97,112,101,99,85,685
public datasets,0,0,0,0,0,0,0,0,0,0,0,27,73,83,99,107,159,137,685
prediction accuracy,0,0,0,0,0,0,0,0,0,0,11,53,97,71,91,93,138,129,683
approach using,0,0,0,0,0,0,0,0,0,5,20,71,86,70,82,96,139,114,683
datasets show,0,0,0,0,0,0,0,0,0,0,8,53,105,88,97,107,103,121,682
important role,0,0,0,0,0,0,0,0,0,6,22,80,117,114,112,107,84,39,681
orthogonal frequency,0,0,0,0,0,0,0,0,0,6,39,50,79,69,87,100,110,140,680
however due,0,0,0,0,0,0,0,0,0,3,11,57,88,89,112,115,110,95,680
system parameters,0,0,0,0,0,0,0,0,0,7,18,53,84,92,95,92,94,142,677
control policy,0,0,0,0,0,0,0,0,0,5,8,55,113,106,112,87,73,117,676
proposed solution,0,0,0,0,0,0,0,0,0,6,18,50,115,75,107,111,99,95,676
antenna arrays,0,0,0,0,0,0,0,0,0,4,32,63,59,67,73,80,123,174,675
early detection,0,0,0,0,0,0,0,0,0,5,3,40,72,71,73,130,135,146,675
previous studies,0,0,0,0,0,0,0,0,0,0,17,46,88,78,93,115,152,85,674
speech signals,0,0,0,0,0,0,0,0,0,7,41,64,78,84,111,97,102,90,674
competitive performance,0,0,0,0,0,0,0,0,0,4,15,40,64,75,95,106,123,151,673
convolutional network,0,0,0,0,0,0,0,0,0,0,18,95,134,113,107,79,69,58,673
results confirm,0,0,0,0,0,0,0,0,0,8,23,58,82,60,62,66,114,200,673
component analysis,0,0,0,0,0,0,0,0,0,4,41,91,116,89,80,76,79,95,671
low complexity,0,0,0,0,0,0,0,0,0,14,38,61,109,92,106,78,104,69,671
first propose,0,0,0,0,0,0,0,0,0,7,17,47,91,83,106,115,111,92,669
foundation model,0,0,0,0,0,0,0,0,0,0,0,0,0,0,14,76,243,336,669
linear quadratic,0,0,0,0,0,0,0,0,0,0,0,42,104,67,84,88,121,163,669
using proposed,0,0,0,0,0,0,0,0,0,5,29,64,128,98,92,104,100,49,669
classification using,0,0,0,0,0,0,0,0,0,5,19,52,98,92,98,99,117,87,667
using two,0,0,0,0,0,0,0,0,0,6,24,57,91,79,94,101,105,109,666
power grids,0,0,0,0,0,0,0,0,0,0,9,49,80,125,93,102,95,112,665
cellular networks,0,0,0,0,0,0,0,0,0,7,37,68,106,106,87,79,93,81,664
activity recognition,0,0,0,0,0,0,0,0,0,0,10,39,88,78,101,129,141,77,663
fault detection,0,0,0,0,0,0,0,0,0,0,7,62,62,65,109,115,118,125,663
data rates,0,0,0,0,0,0,0,0,0,8,31,75,81,77,64,81,130,116,663
novel deep,0,0,0,0,0,0,0,0,0,4,17,60,108,107,98,83,91,93,661
path planning,0,0,0,0,0,0,0,0,0,0,11,45,74,78,90,107,128,128,661
proposed control,0,0,0,0,0,0,0,0,0,0,5,43,105,98,99,95,112,103,660
existing works,0,0,0,0,0,0,0,0,0,0,11,46,76,77,113,126,136,75,660
paper provides,0,0,0,0,0,0,0,0,0,0,11,51,88,72,90,109,139,99,659
convex approximation,0,0,0,0,0,0,0,0,0,0,14,41,74,59,95,86,135,154,658
paper develop,0,0,0,0,0,0,0,0,0,3,32,71,113,91,89,96,83,80,658
models using,0,0,0,0,0,0,0,0,0,3,8,38,88,86,94,91,128,120,656
temporal logic,0,0,0,0,0,0,0,0,0,0,9,37,108,97,112,93,91,109,656
large amount,0,0,0,0,0,0,0,0,0,4,22,69,105,100,123,113,80,39,655
phase retrieval,0,0,0,0,0,0,0,0,0,7,73,88,112,81,121,67,58,48,655
unsupervised learning,0,0,0,0,0,0,0,0,0,5,27,71,119,106,86,88,86,66,654
feature maps,0,0,0,0,0,0,0,0,0,0,19,88,155,106,92,77,79,37,653
computational resources,0,0,0,0,0,0,0,0,0,0,6,35,80,48,84,91,165,144,653
sensor networks,0,0,0,0,0,0,0,0,0,19,69,89,80,69,89,88,82,68,653
extensive simulations,0,0,0,0,0,0,0,0,0,4,23,39,57,67,52,82,130,198,652
performance improvement,0,0,0,0,0,0,0,0,0,6,19,63,86,89,97,114,96,81,651
artificial neural,0,0,0,0,0,0,0,0,0,6,37,68,135,106,89,72,90,48,651
asr models,0,0,0,0,0,0,0,0,0,0,0,20,46,70,105,146,149,114,650
video coding,0,0,0,0,0,0,0,0,0,0,25,35,91,104,143,92,99,60,649
distribution system,0,0,0,0,0,0,0,0,0,0,11,47,92,104,94,116,92,93,649
two types,0,0,0,0,0,0,0,0,0,4,25,62,106,91,100,84,94,83,649
target domain,0,0,0,0,0,0,0,0,0,0,14,58,86,102,101,131,103,54,649
unlabeled data,0,0,0,0,0,0,0,0,0,0,14,43,80,102,138,106,103,62,648
communication sensing,0,0,0,0,0,0,0,0,0,0,7,7,11,26,78,110,190,219,648
model size,0,0,0,0,0,0,0,0,0,0,0,24,80,63,104,118,133,126,648
crucial role,0,0,0,0,0,0,0,0,0,3,8,16,42,35,53,137,193,159,646
clinical practice,0,0,0,0,0,0,0,0,0,0,5,57,67,87,105,102,114,109,646
recent advancements,0,0,0,0,0,0,0,0,0,0,3,18,31,23,33,93,251,194,646
distribution networks,0,0,0,0,0,0,0,0,0,0,18,38,86,82,81,103,123,115,646
show approach,0,0,0,0,0,0,0,0,0,4,14,70,104,76,95,91,79,112,645
compare performance,0,0,0,0,0,0,0,0,0,6,27,65,90,76,100,105,102,74,645
large scale,0,0,0,0,0,0,0,0,0,6,37,108,152,77,73,66,69,56,644
access noma,0,0,0,0,0,0,0,0,0,5,25,69,123,102,83,76,83,77,643
activity detection,0,0,0,0,0,0,0,0,0,3,14,45,94,126,109,94,75,83,643
closedform expressions,0,0,0,0,0,0,0,0,0,6,36,56,97,70,74,80,101,123,643
end propose,0,0,0,0,0,0,0,0,0,4,9,29,92,89,104,109,115,91,642
demonstrate approach,0,0,0,0,0,0,0,0,0,3,8,40,57,63,82,110,114,165,642
model outperforms,0,0,0,0,0,0,0,0,0,4,12,51,92,80,88,109,110,94,640
significantly improved,0,0,0,0,0,0,0,0,0,5,17,53,65,81,77,93,131,117,639
channel conditions,0,0,0,0,0,0,0,0,0,3,18,38,50,54,60,88,118,209,638
low latency,0,0,0,0,0,0,0,0,0,0,26,55,90,92,88,95,109,83,638
paper explores,0,0,0,0,0,0,0,0,0,3,14,25,29,44,47,94,207,174,637
simulations show,0,0,0,0,0,0,0,0,0,8,32,59,78,89,89,98,82,102,637
alternating direction,0,0,0,0,0,0,0,0,0,5,25,66,87,96,86,82,75,113,635
achieve high,0,0,0,0,0,0,0,0,0,0,21,44,111,71,96,100,100,92,635
eeg data,0,0,0,0,0,0,0,0,0,10,33,52,50,53,84,110,159,83,634
performance terms,0,0,0,0,0,0,0,0,0,3,18,48,89,91,91,96,106,90,632
image data,0,0,0,0,0,0,0,0,0,0,11,40,110,90,100,100,99,82,632
policy gradient,0,0,0,0,0,0,0,0,0,0,3,35,87,94,71,89,130,122,631
network dnn,0,0,0,0,0,0,0,0,0,9,42,77,120,83,85,94,62,59,631
successive convex,0,0,0,0,0,0,0,0,0,0,13,38,69,56,89,85,130,150,630
challenges propose,0,0,0,0,0,0,0,0,0,0,0,13,22,32,36,83,162,281,629
show effectiveness,0,0,0,0,0,0,0,0,0,4,24,66,104,96,101,91,94,49,629
performance evaluation,0,0,0,0,0,0,0,0,0,11,23,59,81,65,68,91,109,122,629
inverse problem,0,0,0,0,0,0,0,0,0,3,27,58,92,73,89,100,88,99,629
iterative algorithm,0,0,0,0,0,0,0,0,0,5,21,78,116,62,79,91,88,88,628
classification task,0,0,0,0,0,0,0,0,0,5,17,65,78,88,96,106,102,71,628
results also,0,0,0,0,0,0,0,0,0,7,30,66,99,97,90,76,95,68,628
demonstrate superiority,0,0,0,0,0,0,0,0,0,0,13,33,62,56,78,137,135,113,627
spatial information,0,0,0,0,0,0,0,0,0,6,21,47,85,80,83,101,109,94,626
simulations demonstrate,0,0,0,0,0,0,0,0,0,0,12,23,44,45,53,93,119,236,625
orders magnitude,0,0,0,0,0,0,0,0,0,5,20,62,93,75,71,91,108,96,621
multiplexing ofdm,0,0,0,0,0,0,0,0,0,5,36,37,62,63,71,100,105,140,619
demonstrate efficacy,0,0,0,0,0,0,0,0,0,0,11,39,76,82,94,98,123,95,618
direction method,0,0,0,0,0,0,0,0,0,5,26,68,81,87,83,85,77,106,618
training dataset,0,0,0,0,0,0,0,0,0,0,13,62,92,68,90,107,107,79,618
mean absolute,0,0,0,0,0,0,0,0,0,4,6,46,88,66,79,81,99,147,616
realworld data,0,0,0,0,0,0,0,0,0,0,6,25,68,83,77,95,128,134,616
dice score,0,0,0,0,0,0,0,0,0,0,4,43,84,78,97,103,113,93,615
significantly reduces,0,0,0,0,0,0,0,0,0,4,13,29,56,60,43,77,134,199,615
frequency bands,0,0,0,0,0,0,0,0,0,6,35,47,60,76,88,64,119,120,615
compressive sensing,0,0,0,0,0,0,0,0,0,6,68,101,115,96,90,60,32,47,615
inference time,0,0,0,0,0,0,0,0,0,0,5,28,79,77,79,113,116,118,615
speech signal,0,0,0,0,0,0,0,0,0,8,35,65,81,100,100,92,87,46,614
change detection,0,0,0,0,0,0,0,0,0,0,20,54,61,113,106,117,76,67,614
nonconvex optimization,0,0,0,0,0,0,0,0,0,0,24,53,86,74,64,75,107,130,613
significant challenge,0,0,0,0,0,0,0,0,0,0,5,14,32,19,18,101,195,229,613
results highlight,0,0,0,0,0,0,0,0,0,0,0,19,25,25,28,62,135,318,612
small number,0,0,0,0,0,0,0,0,0,4,27,78,79,93,90,96,81,64,612
synthetic aperture,0,0,0,0,0,0,0,0,0,0,35,36,88,78,92,106,75,102,612
propose efficient,0,0,0,0,0,0,0,0,0,4,21,57,69,92,87,100,98,83,611
method multipliers,0,0,0,0,0,0,0,0,0,5,25,65,84,87,76,83,81,105,611
segmentation models,0,0,0,0,0,0,0,0,0,0,0,30,62,59,80,98,150,132,611
consists two,0,0,0,0,0,0,0,0,0,4,19,59,97,80,89,90,94,79,611
wireless channel,0,0,0,0,0,0,0,0,0,3,15,39,90,58,80,94,103,128,610
approach outperforms,0,0,0,0,0,0,0,0,0,0,16,56,91,74,74,97,98,104,610
energy sources,0,0,0,0,0,0,0,0,0,4,7,37,78,76,85,106,108,109,610
time domain,0,0,0,0,0,0,0,0,0,7,41,65,94,101,84,82,77,59,610
isac systems,0,0,0,0,0,0,0,0,0,0,0,0,0,5,43,85,188,289,610
electric vehicle,0,0,0,0,0,0,0,0,0,0,10,27,73,70,96,93,102,138,609
data processing,0,0,0,0,0,0,0,0,0,5,19,68,76,78,84,74,106,97,607
linear timeinvariant,0,0,0,0,0,0,0,0,0,3,4,31,73,102,95,94,92,112,606
validate proposed,0,0,0,0,0,0,0,0,0,0,12,36,82,66,77,93,105,134,605
propose deep,0,0,0,0,0,0,0,0,0,4,10,80,118,95,93,71,71,62,604
input data,0,0,0,0,0,0,0,0,0,0,26,75,95,84,78,100,78,68,604
taking account,0,0,0,0,0,0,0,0,0,7,29,59,101,94,89,82,89,53,603
nonlinear system,0,0,0,0,0,0,0,0,0,0,10,43,90,68,106,92,97,96,602
performance gains,0,0,0,0,0,0,0,0,0,0,20,36,54,66,72,70,100,183,601
trajectory tracking,0,0,0,0,0,0,0,0,0,0,0,15,54,82,63,111,104,172,601
fading channels,0,0,0,0,0,0,0,0,0,14,42,70,78,76,72,100,73,76,601
problem solved,0,0,0,0,0,0,0,0,0,0,21,62,97,86,75,106,81,72,600
study proposes,0,0,0,0,0,0,0,0,0,0,8,25,45,43,60,110,132,177,600
brain mri,0,0,0,0,0,0,0,0,0,0,0,43,74,65,89,110,114,104,599
data paper,0,0,0,0,0,0,0,0,0,3,24,60,95,83,79,95,91,68,598
due lack,0,0,0,0,0,0,0,0,0,0,14,35,88,70,82,107,112,90,598
framework proposed,0,0,0,0,0,0,0,0,0,0,19,39,78,77,69,87,97,131,597
networks gans,0,0,0,0,0,0,0,0,0,5,17,75,133,83,79,76,80,48,596
quality service,0,0,0,0,0,0,0,0,0,3,35,54,82,81,57,109,100,75,596
recent studies,0,0,0,0,0,0,0,0,0,4,13,47,64,71,118,85,108,86,596
segmentation model,0,0,0,0,0,0,0,0,0,0,0,35,58,71,100,104,132,96,596
improves performance,0,0,0,0,0,0,0,0,0,7,13,48,70,70,84,108,86,110,596
present new,0,0,0,0,0,0,0,0,0,8,26,75,131,75,82,90,65,44,596
hyperspectral image,0,0,0,0,0,0,0,0,0,0,18,64,88,81,68,91,110,75,595
impulse response,0,0,0,0,0,0,0,0,0,6,34,45,54,98,83,78,103,93,594
trajectory optimization,0,0,0,0,0,0,0,0,0,0,9,34,68,62,64,86,123,147,593
data used,0,0,0,0,0,0,0,0,0,0,18,57,90,99,97,93,81,58,593
comparative analysis,0,0,0,0,0,0,0,0,0,0,3,24,42,37,44,84,184,174,592
jointly optimizing,0,0,0,0,0,0,0,0,0,0,8,52,80,66,62,89,108,127,592
paper focuses,0,0,0,0,0,0,0,0,0,5,25,51,70,63,80,100,112,86,592
using data,0,0,0,0,0,0,0,0,0,3,14,56,92,82,87,70,94,94,592
sensing communications,0,0,0,0,0,0,0,0,0,0,0,0,4,14,85,137,164,187,591
data analysis,0,0,0,0,0,0,0,0,0,7,34,70,70,78,78,87,94,72,590
control performance,0,0,0,0,0,0,0,0,0,0,7,33,67,77,68,82,125,131,590
detection accuracy,0,0,0,0,0,0,0,0,0,0,10,52,77,54,72,75,108,140,588
detection methods,0,0,0,0,0,0,0,0,0,0,12,51,75,82,72,116,94,85,587
proposed network,0,0,0,0,0,0,0,0,0,3,20,104,132,104,89,55,51,29,587
method significantly,0,0,0,0,0,0,0,0,0,0,12,31,52,53,82,84,120,153,587
user equipment,0,0,0,0,0,0,0,0,0,0,26,40,44,46,74,95,141,121,587
lung cancer,0,0,0,0,0,0,0,0,0,0,9,34,89,60,81,111,109,94,587
antenna array,0,0,0,0,0,0,0,0,0,14,33,54,75,59,63,70,117,102,587
networks dnns,0,0,0,0,0,0,0,0,0,6,16,62,106,107,78,82,80,49,586
using convolutional,0,0,0,0,0,0,0,0,0,10,32,99,123,92,75,63,50,40,584
lyapunov function,0,0,0,0,0,0,0,0,0,0,3,46,71,60,101,79,89,134,583
achieve better,0,0,0,0,0,0,0,0,0,0,18,56,105,82,117,97,69,38,582
proposed methodology,0,0,0,0,0,0,0,0,0,0,14,44,89,75,84,88,90,97,581
systems based,0,0,0,0,0,0,0,0,0,6,21,50,88,77,79,96,85,79,581
ultrasound images,0,0,0,0,0,0,0,0,0,0,8,53,70,63,82,117,108,80,581
fault diagnosis,0,0,0,0,0,0,0,0,0,0,12,32,66,55,85,95,107,128,580
first stage,0,0,0,0,0,0,0,0,0,0,18,40,77,86,77,89,85,108,580
paper describes,0,0,0,0,0,0,0,0,0,0,50,65,99,97,97,78,59,34,579
image synthesis,0,0,0,0,0,0,0,0,0,0,3,53,83,68,68,97,117,89,578
previous methods,0,0,0,0,0,0,0,0,0,0,8,58,72,58,98,106,98,80,578
first step,0,0,0,0,0,0,0,0,0,4,30,60,98,72,99,75,79,60,577
wave mmwave,0,0,0,0,0,0,0,0,0,7,36,77,94,75,107,68,62,51,577
contextual information,0,0,0,0,0,0,0,0,0,0,7,35,75,50,87,105,113,105,577
estimation method,0,0,0,0,0,0,0,0,0,4,12,48,68,91,86,82,96,90,577
unified framework,0,0,0,0,0,0,0,0,0,0,8,31,46,40,78,76,94,203,576
verify effectiveness,0,0,0,0,0,0,0,0,0,5,17,52,67,75,102,98,97,62,575
graph signal,0,0,0,0,0,0,0,0,0,18,47,46,90,73,96,68,66,71,575
improve accuracy,0,0,0,0,0,0,0,0,0,6,11,42,79,74,77,105,100,79,573
linear programming,0,0,0,0,0,0,0,0,0,0,9,42,94,93,68,90,86,91,573
language processing,0,0,0,0,0,0,0,0,0,0,14,32,52,71,93,108,131,72,573
mobile devices,0,0,0,0,0,0,0,0,0,13,23,54,122,90,92,66,64,48,572
evaluate proposed,0,0,0,0,0,0,0,0,0,0,21,53,84,70,99,99,72,73,571
results presented,0,0,0,0,0,0,0,0,0,5,27,56,108,65,93,71,97,49,571
training strategy,0,0,0,0,0,0,0,0,0,0,8,21,52,70,84,110,101,125,571
used train,0,0,0,0,0,0,0,0,0,0,13,67,95,86,85,91,79,55,571
data however,0,0,0,0,0,0,0,0,0,3,6,50,64,62,85,100,107,93,570
dataset show,0,0,0,0,0,0,0,0,0,0,16,46,78,96,90,96,75,73,570
reduce computational,0,0,0,0,0,0,0,0,0,4,20,40,75,57,79,66,108,121,570
learning ssl,0,0,0,0,0,0,0,0,0,0,0,6,22,35,110,133,128,135,569
results verify,0,0,0,0,0,0,0,0,0,0,16,36,70,75,107,100,98,67,569
two main,0,0,0,0,0,0,0,0,0,4,20,53,81,75,83,79,103,70,568
computationally expensive,0,0,0,0,0,0,0,0,0,0,13,40,80,63,75,90,87,120,568
estimation problem,0,0,0,0,0,0,0,0,0,6,13,72,75,79,83,79,91,69,567
address limitations,0,0,0,0,0,0,0,0,0,0,0,10,21,21,21,62,146,286,567
paper aims,0,0,0,0,0,0,0,0,0,0,15,44,76,63,82,91,125,71,567
lineofsight los,0,0,0,0,0,0,0,0,0,0,21,26,52,72,66,91,110,127,565
stateoftheart models,0,0,0,0,0,0,0,0,0,0,3,25,56,73,87,70,136,115,565
stateoftheart approaches,0,0,0,0,0,0,0,0,0,5,14,56,96,85,71,76,76,86,565
semisupervised learning,0,0,0,0,0,0,0,0,0,0,14,44,101,109,95,75,68,58,564
robust control,0,0,0,0,0,0,0,0,0,0,0,29,66,83,70,89,92,135,564
nash equilibrium,0,0,0,0,0,0,0,0,0,0,3,54,77,65,82,82,94,107,564
achieves superior,0,0,0,0,0,0,0,0,0,0,0,16,30,29,44,68,125,251,563
specifically first,0,0,0,0,0,0,0,0,0,4,4,17,60,67,82,102,122,105,563
amount data,0,0,0,0,0,0,0,0,0,9,18,53,85,79,106,92,78,43,563
nonlinear dynamics,0,0,0,0,0,0,0,0,0,0,0,20,71,68,75,65,104,160,563
learningbased methods,0,0,0,0,0,0,0,0,0,0,0,18,75,79,104,92,95,99,562
vision transformer,0,0,0,0,0,0,0,0,0,0,0,0,0,40,86,122,165,149,562
stateoftheart sota,0,0,0,0,0,0,0,0,0,0,0,7,21,38,68,99,183,146,562
audio signals,0,0,0,0,0,0,0,0,0,3,17,57,68,79,81,91,96,69,561
also demonstrate,0,0,0,0,0,0,0,0,0,6,20,58,72,70,94,87,75,79,561
recognition systems,0,0,0,0,0,0,0,0,0,6,30,58,106,75,91,83,58,53,560
hybrid beamforming,0,0,0,0,0,0,0,0,0,0,12,57,64,50,115,66,92,102,558
comparable performance,0,0,0,0,0,0,0,0,0,5,10,44,69,70,87,93,98,82,558
outperforms conventional,0,0,0,0,0,0,0,0,0,3,22,40,68,61,59,65,85,155,558
training time,0,0,0,0,0,0,0,0,0,4,12,64,95,61,89,76,86,71,558
obtained using,0,0,0,0,0,0,0,0,0,6,32,54,100,73,103,76,69,44,557
next generation,0,0,0,0,0,0,0,0,0,6,25,46,75,87,89,60,86,83,557
applications paper,0,0,0,0,0,0,0,0,0,7,25,42,79,56,75,77,93,103,557
whole slide,0,0,0,0,0,0,0,0,0,0,3,54,81,53,64,99,128,75,557
results showed,0,0,0,0,0,0,0,0,0,8,30,46,91,74,80,72,84,72,557
segmentation accuracy,0,0,0,0,0,0,0,0,0,0,5,39,84,62,42,79,115,130,556
access points,0,0,0,0,0,0,0,0,0,3,13,31,71,82,63,66,126,100,555
proposed technique,0,0,0,0,0,0,0,0,0,11,45,61,114,79,65,70,61,48,554
learning drl,0,0,0,0,0,0,0,0,0,0,0,26,73,62,73,82,125,113,554
efficiency proposed,0,0,0,0,0,0,0,0,0,3,19,49,87,89,80,66,86,75,554
vehicle uav,0,0,0,0,0,0,0,0,0,0,15,55,76,62,70,79,99,97,553
accuracy compared,0,0,0,0,0,0,0,0,0,3,17,50,67,66,71,63,106,107,550
significantly reduce,0,0,0,0,0,0,0,0,0,3,15,55,69,66,68,94,98,82,550
emerged promising,0,0,0,0,0,0,0,0,0,0,3,15,27,38,41,96,114,216,550
dataset demonstrate,0,0,0,0,0,0,0,0,0,0,5,21,49,47,57,88,123,158,548
computation time,0,0,0,0,0,0,0,0,0,0,4,48,87,74,70,92,90,83,548
source localization,0,0,0,0,0,0,0,0,0,12,51,59,48,39,65,64,108,102,548
problem using,0,0,0,0,0,0,0,0,0,5,20,57,73,70,90,84,69,80,548
results compared,0,0,0,0,0,0,0,0,0,4,27,60,119,71,72,78,71,46,548
recent work,0,0,0,0,0,0,0,0,0,4,19,50,73,77,78,78,78,90,547
sound source,0,0,0,0,0,0,0,0,0,13,56,43,46,47,59,81,115,87,547
number antennas,0,0,0,0,0,0,0,0,0,12,30,57,60,64,82,84,85,73,547
memory lstm,0,0,0,0,0,0,0,0,0,5,28,77,71,79,60,70,80,76,546
segmentation methods,0,0,0,0,0,0,0,0,0,0,5,51,78,90,77,96,84,64,545
keyword spotting,0,0,0,0,0,0,0,0,0,7,20,29,59,73,108,84,98,67,545
due limited,0,0,0,0,0,0,0,0,0,3,6,23,66,47,69,76,127,127,544
mri scans,0,0,0,0,0,0,0,0,0,0,0,49,72,35,87,82,131,88,544
traffic flow,0,0,0,0,0,0,0,0,0,0,6,40,94,70,49,82,117,85,543
generalization ability,0,0,0,0,0,0,0,0,0,0,7,36,62,49,99,118,99,73,543
endtoend speech,0,0,0,0,0,0,0,0,0,0,36,92,98,97,93,74,27,26,543
distribution systems,0,0,0,0,0,0,0,0,0,0,14,33,92,79,81,91,80,73,543
speaker embedding,0,0,0,0,0,0,0,0,0,0,31,47,102,48,105,90,80,39,542
automated vehicles,0,0,0,0,0,0,0,0,0,0,0,33,73,92,83,78,100,82,541
pretrained model,0,0,0,0,0,0,0,0,0,0,4,14,53,52,88,132,119,79,541
methods terms,0,0,0,0,0,0,0,0,0,0,7,40,78,58,73,89,97,99,541
experimental data,0,0,0,0,0,0,0,0,0,3,24,41,67,69,73,79,92,92,540
message passing,0,0,0,0,0,0,0,0,0,0,19,57,64,55,81,100,92,71,539
video quality,0,0,0,0,0,0,0,0,0,0,39,20,55,68,84,84,125,62,537
using single,0,0,0,0,0,0,0,0,0,3,26,53,81,65,71,67,84,87,537
also present,0,0,0,0,0,0,0,0,0,0,22,53,88,85,76,80,72,61,537
limited number,0,0,0,0,0,0,0,0,0,0,21,47,81,60,85,77,74,91,536
random forest,0,0,0,0,0,0,0,0,0,0,11,56,88,61,69,56,93,101,535
tasks however,0,0,0,0,0,0,0,0,0,0,6,35,45,54,75,94,135,91,535
measurement noise,0,0,0,0,0,0,0,0,0,5,16,49,62,70,68,87,77,101,535
input image,0,0,0,0,0,0,0,0,0,0,21,68,107,85,74,79,66,31,531
data available,0,0,0,0,0,0,0,0,0,3,14,45,82,75,82,92,79,59,531
approach proposed,0,0,0,0,0,0,0,0,0,0,16,71,82,82,69,69,75,67,531
audio data,0,0,0,0,0,0,0,0,0,8,16,36,63,57,80,85,108,78,531
uncertainty quantification,0,0,0,0,0,0,0,0,0,0,4,25,51,41,61,111,107,130,530
good performance,0,0,0,0,0,0,0,0,0,7,27,60,100,88,77,61,67,43,530
number parameters,0,0,0,0,0,0,0,0,0,0,9,61,85,67,85,88,76,59,530
estimation using,0,0,0,0,0,0,0,0,0,7,27,45,62,75,67,73,80,93,529
optimization algorithms,0,0,0,0,0,0,0,0,0,0,16,42,62,80,81,67,82,99,529
two key,0,0,0,0,0,0,0,0,0,0,5,19,34,32,36,72,105,225,528
paper address,0,0,0,0,0,0,0,0,0,0,29,71,77,60,58,68,92,73,528
wireless network,0,0,0,0,0,0,0,0,0,0,19,44,70,74,81,82,95,62,527
existing stateoftheart,0,0,0,0,0,0,0,0,0,0,9,27,51,58,80,96,118,88,527
audio samples,0,0,0,0,0,0,0,0,0,0,19,25,32,52,82,101,113,103,527
visual quality,0,0,0,0,0,0,0,0,0,0,8,31,60,71,85,84,104,83,526
low computational,0,0,0,0,0,0,0,0,0,7,21,46,55,60,71,72,85,109,526
achievable rate,0,0,0,0,0,0,0,0,0,0,10,40,69,67,82,99,77,82,526
minimum mean,0,0,0,0,0,0,0,0,0,6,23,46,63,43,59,83,93,110,526
bus system,0,0,0,0,0,0,0,0,0,4,13,61,67,70,69,63,83,95,525
optical coherence,0,0,0,0,0,0,0,0,0,0,0,69,83,74,85,97,68,49,525
heart rate,0,0,0,0,0,0,0,0,0,0,25,69,72,33,76,81,88,81,525
results provided,0,0,0,0,0,0,0,0,0,4,17,60,80,73,76,66,86,62,524
speaker embeddings,0,0,0,0,0,0,0,0,0,0,26,46,75,57,87,76,83,74,524
learning process,0,0,0,0,0,0,0,0,0,3,3,41,86,78,71,85,84,73,524
visible light,0,0,0,0,0,0,0,0,0,5,44,67,90,60,50,77,53,78,524
distributionally robust,0,0,0,0,0,0,0,0,0,0,0,18,39,57,79,81,109,141,524
proposed design,0,0,0,0,0,0,0,0,0,0,24,41,51,79,74,63,79,113,524
controller design,0,0,0,0,0,0,0,0,0,0,3,30,86,66,84,83,84,87,523
training samples,0,0,0,0,0,0,0,0,0,6,14,63,82,77,76,86,64,55,523
mobile edge,0,0,0,0,0,0,0,0,0,0,10,74,89,73,64,67,89,57,523
method uses,0,0,0,0,0,0,0,0,0,3,17,47,78,73,86,85,59,75,523
demonstrate superior,0,0,0,0,0,0,0,0,0,0,6,29,39,34,56,79,139,140,522
human activity,0,0,0,0,0,0,0,0,0,0,5,17,62,61,84,105,118,69,521
asr model,0,0,0,0,0,0,0,0,0,0,3,18,44,77,122,107,99,50,520
error mse,0,0,0,0,0,0,0,0,0,6,28,45,64,66,48,71,90,102,520
second stage,0,0,0,0,0,0,0,0,0,0,17,36,58,76,74,71,86,102,520
necessary sufficient,0,0,0,0,0,0,0,0,0,5,8,38,88,79,55,84,77,85,519
compared previous,0,0,0,0,0,0,0,0,0,3,7,51,70,70,83,81,98,56,519
control method,0,0,0,0,0,0,0,0,0,0,4,36,66,61,86,83,100,82,518
ablation studies,0,0,0,0,0,0,0,0,0,0,4,11,45,53,70,68,114,153,518
show model,0,0,0,0,0,0,0,0,0,0,13,53,79,80,86,78,69,60,518
transmitter receiver,0,0,0,0,0,0,0,0,0,5,45,67,49,51,65,78,93,64,517
natural images,0,0,0,0,0,0,0,0,0,5,8,58,95,52,69,78,80,72,517
performance paper,0,0,0,0,0,0,0,0,0,4,13,38,67,49,67,88,96,95,517
model also,0,0,0,0,0,0,0,0,0,4,23,44,77,72,91,63,68,74,516
root mean,0,0,0,0,0,0,0,0,0,0,20,42,73,61,40,54,108,118,516
enhance performance,0,0,0,0,0,0,0,0,0,0,7,29,50,41,49,93,136,111,516
using different,0,0,0,0,0,0,0,0,0,6,22,45,100,79,75,77,73,38,515
smart grid,0,0,0,0,0,0,0,0,0,9,34,72,62,105,68,58,49,58,515
absolute error,0,0,0,0,0,0,0,0,0,0,8,35,67,55,67,62,94,127,515
nonlinear model,0,0,0,0,0,0,0,0,0,0,9,28,62,71,71,85,79,109,514
open source,0,0,0,0,0,0,0,0,0,3,18,43,93,76,76,61,64,80,514
control input,0,0,0,0,0,0,0,0,0,0,0,32,64,71,63,81,101,102,514
background noise,0,0,0,0,0,0,0,0,0,8,24,61,60,60,60,62,91,87,513
acoustic model,0,0,0,0,0,0,0,0,0,7,63,83,72,110,64,54,37,23,513
bridge gap,0,0,0,0,0,0,0,0,0,0,6,21,41,46,47,66,133,152,512
radio access,0,0,0,0,0,0,0,0,0,4,31,59,48,56,56,74,89,95,512
barrier function,0,0,0,0,0,0,0,0,0,0,0,17,52,54,74,78,107,130,512
attention module,0,0,0,0,0,0,0,0,0,0,4,21,65,84,90,102,94,52,512
random access,0,0,0,0,0,0,0,0,0,0,9,40,84,78,65,80,86,70,512
increasing number,0,0,0,0,0,0,0,0,0,6,16,39,87,61,71,59,91,82,512
energy systems,0,0,0,0,0,0,0,0,0,0,0,25,48,65,76,96,92,110,512
trajectory planning,0,0,0,0,0,0,0,0,0,0,0,33,54,52,48,47,126,151,511
data training,0,0,0,0,0,0,0,0,0,0,11,49,59,65,80,85,99,62,510
sensitivity specificity,0,0,0,0,0,0,0,0,0,0,11,63,106,80,69,62,74,44,509
detection classification,0,0,0,0,0,0,0,0,0,7,11,54,75,68,66,59,105,64,509
resource management,0,0,0,0,0,0,0,0,0,6,12,33,72,71,59,76,89,90,508
limited data,0,0,0,0,0,0,0,0,0,0,3,34,54,42,76,82,115,102,508
models based,0,0,0,0,0,0,0,0,0,3,21,47,68,77,72,77,81,61,507
wavelet transform,0,0,0,0,0,0,0,0,0,8,17,49,89,60,81,51,83,69,507
numerical example,0,0,0,0,0,0,0,0,0,0,6,40,58,74,83,64,93,89,507
tackle problem,0,0,0,0,0,0,0,0,0,0,12,43,80,73,80,90,82,47,507
consistently outperforms,0,0,0,0,0,0,0,0,0,0,3,8,32,35,33,65,108,222,506
policy optimization,0,0,0,0,0,0,0,0,0,0,0,18,41,32,72,77,105,161,506
feature selection,0,0,0,0,0,0,0,0,0,3,16,51,91,70,73,56,65,81,506
operating conditions,0,0,0,0,0,0,0,0,0,0,10,33,54,52,50,94,79,134,506
indicate proposed,0,0,0,0,0,0,0,0,0,5,20,51,55,63,61,88,94,68,505
control approach,0,0,0,0,0,0,0,0,0,0,0,33,62,63,66,97,95,88,504
feature space,0,0,0,0,0,0,0,0,0,4,11,53,79,61,77,60,77,81,503
control theory,0,0,0,0,0,0,0,0,0,3,7,31,78,73,58,66,80,107,503
promising technology,0,0,0,0,0,0,0,0,0,3,11,31,51,58,69,91,93,96,503
specifically designed,0,0,0,0,0,0,0,0,0,0,10,24,41,39,35,76,112,166,503
prior information,0,0,0,0,0,0,0,0,0,5,15,48,74,60,58,68,95,78,501
raw data,0,0,0,0,0,0,0,0,0,0,19,49,74,54,56,85,79,85,501
various applications,0,0,0,0,0,0,0,0,0,0,13,33,39,53,51,96,126,90,501
develop novel,0,0,0,0,0,0,0,0,0,3,12,45,70,61,64,77,86,83,501
applications including,0,0,0,0,0,0,0,0,0,0,18,40,60,62,47,82,104,87,500
available datasets,0,0,0,0,0,0,0,0,0,0,7,36,67,54,78,84,96,78,500
baseline methods,0,0,0,0,0,0,0,0,0,0,6,14,54,56,72,81,100,116,499
based approach,0,0,0,0,0,0,0,0,0,5,29,65,124,79,72,52,41,32,499
control algorithm,0,0,0,0,0,0,0,0,0,6,3,35,84,85,76,70,64,76,499
sampling rate,0,0,0,0,0,0,0,0,0,12,17,38,54,69,83,68,79,78,498
target detection,0,0,0,0,0,0,0,0,0,0,12,35,49,38,48,78,128,110,498
autonomous systems,0,0,0,0,0,0,0,0,0,0,0,24,60,48,66,81,87,132,498
model achieved,0,0,0,0,0,0,0,0,0,0,0,22,38,46,57,66,118,150,497
achieves better,0,0,0,0,0,0,0,0,0,4,13,45,74,65,96,84,63,53,497
study presents,0,0,0,0,0,0,0,0,0,0,5,8,27,25,31,70,139,192,497
vector machine,0,0,0,0,0,0,0,0,0,7,36,70,88,77,64,42,70,43,497
gaussian mixture,0,0,0,0,0,0,0,0,0,8,29,52,74,50,66,56,88,74,497
error rates,0,0,0,0,0,0,0,0,0,6,25,37,55,53,63,58,90,109,496
transfer function,0,0,0,0,0,0,0,0,0,9,25,43,73,54,78,77,54,82,495
speech translation,0,0,0,0,0,0,0,0,0,0,10,25,61,64,98,99,69,69,495
aperture radar,0,0,0,0,0,0,0,0,0,0,29,16,71,55,81,83,75,85,495
used training,0,0,0,0,0,0,0,0,0,0,18,55,100,71,87,64,62,38,495
tasks including,0,0,0,0,0,0,0,0,0,0,4,29,49,50,59,84,113,107,495
attention mechanisms,0,0,0,0,0,0,0,0,0,0,0,25,26,44,60,73,119,147,494
principal component,0,0,0,0,0,0,0,0,0,5,32,70,78,67,52,52,63,75,494
millimeterwave mmwave,0,0,0,0,0,0,0,0,0,0,11,57,75,63,51,77,85,75,494
coherence tomography,0,0,0,0,0,0,0,0,0,0,0,63,79,66,81,91,66,47,493
demonstrate performance,0,0,0,0,0,0,0,0,0,5,22,48,72,58,65,84,69,70,493
interference cancellation,0,0,0,0,0,0,0,0,0,4,18,41,70,66,56,68,93,77,493
adversarial examples,0,0,0,0,0,0,0,0,0,0,36,114,83,72,70,43,51,23,492
control policies,0,0,0,0,0,0,0,0,0,0,4,33,70,53,88,69,88,87,492
outperforms baseline,0,0,0,0,0,0,0,0,0,0,7,36,47,48,67,95,82,109,491
even though,0,0,0,0,0,0,0,0,0,4,23,57,86,77,68,70,66,39,490
beam training,0,0,0,0,0,0,0,0,0,0,0,31,50,83,70,55,128,73,490
simple yet,0,0,0,0,0,0,0,0,0,3,8,33,53,64,95,85,73,76,490
promising approach,0,0,0,0,0,0,0,0,0,0,11,31,44,48,53,87,93,122,489
bayesian optimization,0,0,0,0,0,0,0,0,0,0,0,31,58,58,53,64,106,118,488
vessel segmentation,0,0,0,0,0,0,0,0,0,0,0,58,82,84,60,85,62,56,487
network models,0,0,0,0,0,0,0,0,0,0,13,45,92,74,71,69,67,56,487
distribution network,0,0,0,0,0,0,0,0,0,0,11,26,65,62,78,101,71,73,487
large amounts,0,0,0,0,0,0,0,0,0,3,16,47,68,63,75,92,68,54,486
optimization approach,0,0,0,0,0,0,0,0,0,0,5,38,54,45,59,68,102,115,486
signal strength,0,0,0,0,0,0,0,0,0,8,29,44,79,47,62,57,67,92,485
future directions,0,0,0,0,0,0,0,0,0,0,5,23,59,38,52,75,94,139,485
problem paper,0,0,0,0,0,0,0,0,0,5,10,44,105,57,71,79,72,42,485
sliding mode,0,0,0,0,0,0,0,0,0,0,0,22,78,79,78,60,65,102,484
channel models,0,0,0,0,0,0,0,0,0,0,26,44,82,48,55,68,71,90,484
imagetoimage translation,0,0,0,0,0,0,0,0,0,0,4,50,92,84,55,73,89,36,483
applications however,0,0,0,0,0,0,0,0,0,0,10,38,56,55,45,89,88,102,483
online learning,0,0,0,0,0,0,0,0,0,0,4,34,61,60,73,79,87,85,483
frequency response,0,0,0,0,0,0,0,0,0,4,16,23,101,103,63,44,38,91,483
clinical applications,0,0,0,0,0,0,0,0,0,0,7,28,54,47,59,83,93,112,483
light field,0,0,0,0,0,0,0,0,0,0,0,73,88,70,92,57,70,32,482
proposed paper,0,0,0,0,0,0,0,0,0,8,20,47,100,67,69,79,58,34,482
koopman operator,0,0,0,0,0,0,0,0,0,0,0,32,41,62,57,69,107,114,482
imaging modalities,0,0,0,0,0,0,0,0,0,0,5,40,70,52,58,61,103,92,481
deep generative,0,0,0,0,0,0,0,0,0,0,15,43,82,78,65,81,73,44,481
challenge paper,0,0,0,0,0,0,0,0,0,3,14,23,43,44,77,67,95,114,480
method applied,0,0,0,0,0,0,0,0,0,0,23,49,71,68,68,85,70,46,480
fully convolutional,0,0,0,0,0,0,0,0,0,0,29,123,133,49,70,38,26,12,480
paper develops,0,0,0,0,0,0,0,0,0,0,7,38,75,79,64,56,74,87,480
experiment results,0,0,0,0,0,0,0,0,0,0,22,36,68,83,79,82,75,34,479
study introduces,0,0,0,0,0,0,0,0,0,0,0,3,14,0,17,68,198,179,479
derive closedform,0,0,0,0,0,0,0,0,0,8,10,32,53,43,55,75,74,129,479
diagnosis treatment,0,0,0,0,0,0,0,0,0,0,5,34,45,51,49,105,104,85,478
experiments using,0,0,0,0,0,0,0,0,0,3,18,35,74,54,68,77,69,80,478
training testing,0,0,0,0,0,0,0,0,0,0,24,55,86,50,68,80,74,40,477
imaging data,0,0,0,0,0,0,0,0,0,0,4,43,72,72,68,75,86,57,477
however methods,0,0,0,0,0,0,0,0,0,0,6,28,72,56,65,77,86,85,475
address propose,0,0,0,0,0,0,0,0,0,0,0,7,15,14,22,53,105,259,475
method also,0,0,0,0,0,0,0,0,0,3,14,56,76,63,85,55,69,54,475
system paper,0,0,0,0,0,0,0,0,0,6,30,35,55,77,76,60,80,56,475
maximization problem,0,0,0,0,0,0,0,0,0,3,10,23,51,62,53,73,96,104,475
structural similarity,0,0,0,0,0,0,0,0,0,0,13,48,61,59,54,66,93,81,475
tracking control,0,0,0,0,0,0,0,0,0,0,0,30,60,71,74,86,85,68,474
mimo system,0,0,0,0,0,0,0,0,0,4,30,47,64,71,50,71,77,59,473
existing models,0,0,0,0,0,0,0,0,0,3,0,21,33,38,50,86,114,128,473
learning control,0,0,0,0,0,0,0,0,0,0,0,29,87,82,55,69,78,73,473
valuable insights,0,0,0,0,0,0,0,0,0,0,0,3,10,13,13,111,154,169,473
speaker identity,0,0,0,0,0,0,0,0,0,0,12,19,49,60,75,60,86,112,473
method called,0,0,0,0,0,0,0,0,0,3,16,50,69,67,73,86,65,43,472
convolutional networks,0,0,0,0,0,0,0,0,0,4,15,83,115,70,65,40,51,29,472
asr system,0,0,0,0,0,0,0,0,0,4,13,38,80,96,71,83,52,34,471
best performance,0,0,0,0,0,0,0,0,0,0,19,37,76,68,68,64,78,61,471
data distribution,0,0,0,0,0,0,0,0,0,0,5,27,59,53,79,90,88,70,471
trained model,0,0,0,0,0,0,0,0,0,5,16,36,67,70,71,68,88,49,470
optimization method,0,0,0,0,0,0,0,0,0,5,19,42,58,53,47,64,94,87,469
electroencephalography eeg,0,0,0,0,0,0,0,0,0,0,24,50,52,51,45,54,94,99,469
paper novel,0,0,0,0,0,0,0,0,0,6,38,67,80,85,66,43,47,37,469
may lead,0,0,0,0,0,0,0,0,0,0,13,38,61,64,79,57,96,61,469
low signaltonoise,0,0,0,0,0,0,0,0,0,5,13,25,45,44,57,65,96,119,469
performance improvements,0,0,0,0,0,0,0,0,0,3,8,24,56,50,45,67,102,113,468
extensive experimental,0,0,0,0,0,0,0,0,0,0,3,42,54,50,76,79,104,60,468
computational burden,0,0,0,0,0,0,0,0,0,0,11,47,51,58,68,53,82,98,468
rate wer,0,0,0,0,0,0,0,0,0,4,16,35,56,61,83,78,65,69,467
using machine,0,0,0,0,0,0,0,0,0,0,9,53,73,68,78,76,71,39,467
safety constraints,0,0,0,0,0,0,0,0,0,0,0,6,38,55,74,72,116,106,467
perform well,0,0,0,0,0,0,0,0,0,0,17,46,67,52,73,81,70,61,467
effectiveness method,0,0,0,0,0,0,0,0,0,0,6,44,42,45,42,90,106,91,466
distributed optimization,0,0,0,0,0,0,0,0,0,0,6,20,62,63,68,86,79,82,466
test data,0,0,0,0,0,0,0,0,0,0,12,48,77,67,85,58,71,48,466
ecg signals,0,0,0,0,0,0,0,0,0,0,36,28,58,39,62,60,96,87,466
lyapunov functions,0,0,0,0,0,0,0,0,0,0,5,37,56,33,71,73,82,109,466
local global,0,0,0,0,0,0,0,0,0,0,4,19,59,51,68,87,92,86,466
also introduce,0,0,0,0,0,0,0,0,0,4,9,35,59,45,52,87,88,86,465
control methods,0,0,0,0,0,0,0,0,0,0,3,22,43,70,52,75,119,81,465
sound events,0,0,0,0,0,0,0,0,0,12,47,59,68,62,56,59,54,48,465
deep network,0,0,0,0,0,0,0,0,0,0,22,75,113,80,56,48,44,27,465
test sets,0,0,0,0,0,0,0,0,0,0,9,41,39,74,84,80,70,67,464
mode decomposition,0,0,0,0,0,0,0,0,0,5,26,30,67,62,58,41,83,92,464
sensing performance,0,0,0,0,0,0,0,0,0,0,4,0,0,21,42,77,126,193,463
overcome limitations,0,0,0,0,0,0,0,0,0,0,7,17,38,39,33,70,112,146,462
