,1994,1997,1998,1999,2000,2001,2002,2003,2004,2005,2006,2007,2008,2009,2010,2011,2012,2013,2014,2015,2016,2017,2018,2019,2020,2021,2022,2023,2024,2025,Total
machine learning,0,0,0,0,0,0,0,0,0,3,3,10,18,25,28,75,130,162,260,352,578,1076,2402,3690,3817,1762,1630,1657,1917,1874,21469
neural networks,0,0,0,0,0,0,0,0,0,0,3,4,0,7,7,11,12,60,107,199,466,1177,2886,4278,4271,1671,1581,1626,1602,1321,21289
time series,0,0,0,0,0,0,0,0,8,15,38,108,84,70,109,153,218,305,245,384,565,607,917,1417,1786,1206,1017,1147,1445,1376,13220
neural network,0,0,0,0,0,0,0,0,0,0,0,8,10,0,0,7,11,24,63,119,233,686,1778,2738,2519,815,768,809,755,685,12028
deep learning,0,0,0,0,0,0,0,0,0,0,0,0,0,0,0,3,7,28,34,120,184,612,1709,2407,2280,692,550,629,660,587,10502
monte carlo,0,0,0,0,0,0,0,0,5,21,36,64,89,106,137,196,256,368,419,492,560,636,656,791,871,759,774,750,1002,1009,9997
proposed method,0,0,0,0,0,0,0,0,0,0,5,13,22,27,30,51,112,169,170,261,306,448,820,1204,1224,686,704,715,718,754,8439
reinforcement learning,0,0,0,0,0,0,0,0,0,0,0,0,0,0,4,16,45,46,39,40,127,305,1157,2022,1784,511,496,537,569,587,8285
deep neural,0,0,0,0,0,0,0,0,0,0,0,0,0,0,0,0,0,16,32,82,177,472,1234,1636,1446,419,372,405,339,291,6921
paper propose,0,0,0,0,0,0,0,0,0,3,10,12,24,26,45,55,120,122,151,200,260,381,808,1184,1180,432,434,390,391,403,6631
real data,0,0,0,0,0,0,0,0,0,4,12,32,38,37,67,81,148,202,225,263,299,397,443,539,636,515,500,511,595,486,6030
maximum likelihood,0,0,0,0,0,0,0,0,19,24,45,77,82,100,105,129,215,234,289,291,314,344,392,414,507,461,449,421,446,477,5835
sample size,0,0,0,0,0,0,0,0,6,11,31,56,74,57,77,92,144,179,173,245,283,274,341,432,486,486,461,490,555,713,5666
gradient descent,0,0,0,0,0,0,0,0,0,0,0,0,0,0,3,15,23,31,61,103,167,334,680,781,908,480,465,543,523,522,5639
propose novel,0,0,0,0,0,0,0,0,0,0,0,8,3,11,20,28,53,62,91,111,166,285,520,860,927,384,396,466,541,636,5568
data sets,0,0,0,0,0,0,0,0,0,0,15,28,45,44,57,111,197,196,233,258,304,374,507,652,686,407,362,332,284,164,5256
results show,0,0,0,0,0,0,0,0,0,3,3,7,18,13,35,38,86,94,112,138,163,279,604,895,877,346,341,316,365,448,5181
gaussian process,0,0,0,0,0,0,0,0,0,3,8,15,24,20,41,66,115,123,153,190,196,262,386,467,534,422,382,378,411,473,4669
markov chain,0,0,0,0,0,0,0,0,8,17,24,61,43,54,85,112,181,194,203,228,258,295,298,369,405,356,344,297,444,360,4636
propose new,0,0,0,0,0,0,0,0,0,5,0,13,23,24,31,60,83,105,150,148,205,284,421,633,672,350,365,364,303,261,4500
simulation studies,0,0,0,0,0,0,0,0,0,6,6,11,23,13,27,46,69,89,105,153,179,234,209,288,436,394,424,461,567,741,4481
data analysis,0,0,0,0,0,0,0,0,0,0,23,26,28,27,39,47,71,138,150,166,227,285,330,394,444,361,367,435,474,441,4473
existing methods,0,0,0,0,0,0,0,0,0,0,3,4,8,11,26,28,51,73,95,107,145,171,330,514,578,320,302,390,577,676,4409
simulation study,0,0,0,0,0,0,0,0,0,4,19,35,44,33,51,80,114,139,164,180,204,233,284,344,406,378,384,406,448,395,4345
training data,0,0,0,0,0,0,0,0,0,0,0,4,0,6,6,14,33,36,66,62,91,232,513,820,835,307,295,322,358,332,4332
widely used,0,0,0,0,0,0,0,0,4,8,4,11,22,14,28,49,75,80,115,143,144,238,370,496,542,304,285,336,375,625,4268
learning models,0,0,0,0,0,0,0,0,0,0,0,0,0,0,0,0,9,15,16,22,56,143,405,793,842,314,311,339,456,446,4167
model selection,0,0,0,0,0,0,0,0,14,9,21,55,97,122,91,123,165,163,163,222,242,243,302,323,366,279,271,272,296,312,4151
linear regression,0,0,0,0,0,0,0,0,0,8,13,27,26,38,50,83,74,98,110,165,176,222,269,379,452,321,329,374,417,441,4072
learning algorithms,0,0,0,0,0,0,0,0,0,0,0,3,4,10,10,30,83,81,66,76,133,208,455,738,732,255,265,254,225,185,3813
experimental results,0,0,0,0,0,0,0,0,0,0,0,5,6,7,8,24,75,71,71,84,135,201,516,825,778,154,160,202,227,213,3762
numerical experiments,0,0,0,0,0,0,0,0,0,0,3,5,6,9,15,16,31,58,76,91,122,191,239,350,405,355,370,377,469,541,3729
bayesian inference,0,0,0,0,0,0,0,0,0,0,0,7,22,15,44,41,77,103,145,160,137,188,230,310,343,321,342,341,378,465,3669
lower bound,0,0,0,0,0,0,0,0,5,4,8,10,19,18,31,54,72,77,74,131,137,190,259,330,443,331,297,365,374,363,3592
data set,0,0,0,0,0,0,0,0,3,3,8,29,26,28,46,62,120,127,162,182,193,262,287,462,445,294,262,262,185,141,3589
proposed approach,0,0,0,0,0,0,0,0,0,4,4,3,7,14,12,21,55,102,74,85,152,201,327,490,542,277,282,290,308,314,3564
stochastic gradient,0,0,0,0,0,0,0,0,0,0,0,0,0,7,0,10,14,34,70,130,154,256,426,480,564,260,242,268,262,255,3432
treatment effect,0,0,0,0,0,0,0,0,13,0,0,0,0,0,0,14,5,16,25,57,114,77,181,192,340,334,409,440,560,598,3375
random variables,0,0,0,0,0,0,0,5,19,20,36,51,43,51,71,107,123,128,156,149,155,172,243,271,273,249,247,233,236,253,3291
variable selection,0,0,0,0,0,0,0,0,0,8,11,28,55,56,83,89,100,112,126,168,170,218,212,213,254,301,245,229,265,305,3248
covariance matrix,0,0,0,0,0,0,0,0,0,7,16,27,41,44,44,95,114,119,160,186,195,192,242,250,232,231,267,255,296,198,3211
causal inference,0,0,0,0,0,0,0,0,0,0,7,5,0,0,3,11,30,20,36,54,85,145,156,185,310,297,358,427,462,614,3205
regression model,0,0,0,0,0,0,0,0,0,14,14,28,38,24,43,71,75,114,99,123,154,186,249,258,331,260,254,247,330,267,3179
regression models,0,0,0,0,0,0,0,0,5,18,6,23,45,36,36,64,78,109,108,122,157,171,222,272,355,241,252,245,299,298,3162
least squares,0,0,0,0,0,0,0,0,3,18,17,44,42,49,49,66,90,128,127,133,182,216,214,267,297,278,227,220,224,255,3146
loss function,0,0,0,0,0,0,0,0,0,7,9,16,7,9,21,16,38,36,45,78,89,152,293,512,503,277,228,273,270,242,3121
chain monte,0,0,0,0,0,0,0,0,0,3,10,30,32,35,56,67,106,143,133,173,172,205,175,254,281,244,221,209,300,269,3118
model parameters,0,0,0,0,0,0,0,0,0,5,11,6,12,13,22,35,57,94,84,119,117,180,247,300,405,286,276,257,291,271,3088
convolutional neural,0,0,0,0,0,0,0,0,0,0,0,0,0,0,0,0,0,8,17,55,114,296,667,803,566,133,122,105,88,72,3046
high dimensional,0,0,0,0,0,0,0,0,0,0,7,14,29,29,43,55,76,115,175,194,193,214,229,377,338,241,206,169,186,135,3025
generative models,0,0,0,0,0,0,0,0,0,0,0,0,0,0,0,0,13,11,40,42,96,157,306,444,389,225,243,288,313,404,2971
sample complexity,0,0,0,0,0,0,0,0,0,0,0,0,0,0,9,10,36,58,60,65,78,143,191,275,419,263,308,379,330,341,2965
confidence intervals,0,0,0,0,0,0,0,0,0,8,14,16,25,25,28,32,69,76,101,89,143,181,185,193,265,266,244,283,308,399,2950
optimization problem,0,0,0,0,0,0,0,0,4,4,0,10,4,6,30,27,75,74,89,97,140,169,231,391,427,238,203,209,217,228,2873
uncertainty quantification,0,0,0,0,0,0,0,0,0,0,0,0,0,0,0,10,7,16,14,34,40,85,132,183,265,245,305,369,495,638,2838
commonly used,0,0,0,0,0,0,0,0,0,0,6,10,10,10,27,24,56,60,69,85,111,152,253,337,332,241,219,244,306,274,2826
learning methods,0,0,0,0,0,0,0,0,0,0,0,0,4,0,5,12,37,30,30,56,81,115,324,517,527,226,223,213,221,201,2822
theoretical results,0,0,0,0,0,0,0,0,0,6,5,13,17,25,28,46,39,59,73,92,126,153,196,253,308,240,247,249,307,312,2794
wide range,0,0,0,0,0,0,0,0,0,9,8,8,17,15,10,21,45,54,58,86,109,146,217,331,394,240,215,243,266,298,2790
gaussian processes,0,0,0,0,0,0,0,0,0,0,0,5,15,13,12,31,43,49,63,103,97,161,258,269,336,296,242,222,277,276,2768
convergence rate,0,0,0,0,0,0,0,0,6,3,7,22,18,18,21,36,75,72,95,87,123,163,216,279,317,208,209,255,276,254,2760
show proposed,0,0,0,0,0,0,0,0,0,0,5,0,6,8,10,21,38,52,70,70,119,192,317,468,447,218,224,176,135,162,2738
parameter estimation,0,0,0,0,0,0,0,0,0,4,9,17,26,29,31,58,73,126,109,134,134,164,176,162,235,192,207,224,280,334,2724
linear models,0,0,0,0,0,0,0,0,7,0,14,21,30,36,33,58,60,79,101,101,122,172,153,234,290,195,247,243,240,237,2673
computationally efficient,0,0,0,0,0,0,0,0,0,0,0,6,12,11,23,38,57,72,64,110,124,150,192,259,267,204,226,227,279,326,2647
treatment effects,0,0,0,0,0,0,0,0,0,0,0,0,0,0,0,7,7,24,23,32,61,100,138,156,229,284,313,335,434,495,2638
statistical inference,0,0,0,0,0,0,0,0,0,7,13,18,24,11,26,51,48,59,85,87,97,141,146,173,217,258,235,264,314,364,2638
posterior distribution,0,0,0,0,0,0,0,0,0,7,6,25,19,26,25,30,83,118,108,155,138,171,174,210,214,197,234,222,242,216,2620
lower bounds,0,0,0,0,0,0,0,0,4,8,8,17,5,19,25,40,53,65,86,89,128,97,171,207,300,231,227,240,277,322,2619
synthetic data,0,0,0,0,0,0,0,0,0,0,0,0,5,8,14,13,39,49,39,61,87,111,178,283,302,223,213,315,294,364,2598
proposed model,0,0,0,0,0,0,0,0,0,0,10,0,7,8,10,10,39,46,73,58,103,149,310,370,382,208,219,193,206,175,2576
variational inference,0,0,0,0,0,0,0,0,0,0,0,3,0,0,0,4,38,29,53,100,119,153,240,323,262,196,221,270,252,259,2522
logistic regression,0,0,0,0,0,0,0,0,0,0,8,3,22,25,22,34,63,67,80,82,133,157,218,262,230,228,172,200,225,220,2451
consider problem,0,0,0,0,0,0,0,0,3,8,18,20,26,38,47,61,85,89,92,136,127,167,206,260,253,170,170,167,146,151,2440
large number,0,0,0,0,0,0,0,0,0,0,5,15,17,10,27,36,53,70,80,111,138,181,235,313,343,197,166,149,146,146,2438
component analysis,0,0,0,0,0,0,0,0,0,0,18,9,16,22,22,40,64,74,99,113,115,163,179,232,234,192,163,198,237,240,2430
missing data,0,0,0,0,0,0,0,0,6,0,4,16,19,14,18,37,32,46,79,58,108,131,179,208,217,175,263,192,285,330,2417
representation learning,0,0,0,0,0,0,0,0,0,0,0,0,0,0,0,0,0,8,9,19,35,91,234,454,539,179,186,193,201,246,2394
performance proposed,0,0,0,0,0,0,0,0,0,0,4,4,9,11,8,26,34,50,56,78,105,127,207,259,288,205,224,227,225,236,2383
differential equations,0,0,0,0,0,0,0,0,0,0,5,6,12,9,13,22,27,64,46,59,69,104,126,203,304,213,215,232,290,295,2314
feature selection,0,0,0,0,0,0,0,0,0,0,0,10,0,12,6,24,51,49,98,72,111,121,249,330,432,150,103,121,196,152,2287
work propose,0,0,0,0,0,0,0,0,0,0,0,0,3,6,7,7,9,26,25,38,49,92,214,375,443,186,175,177,212,238,2282
principal component,0,0,0,0,0,0,0,0,0,0,21,8,16,16,20,33,58,48,100,105,118,154,149,226,219,189,162,191,221,225,2279
also show,0,0,0,0,0,0,0,0,3,5,11,14,13,11,31,28,50,66,69,84,92,147,228,312,315,182,167,156,150,137,2271
demonstrate effectiveness,0,0,0,0,0,0,0,0,0,0,0,0,0,0,4,11,39,36,35,37,45,93,196,321,357,173,143,204,267,300,2261
results demonstrate,0,0,0,0,0,0,0,0,0,0,0,3,6,5,6,12,29,37,47,41,57,78,201,313,330,119,131,202,276,361,2254
transfer learning,0,0,0,0,0,0,0,0,0,0,0,0,0,0,0,4,21,11,5,19,35,92,272,441,413,105,185,142,218,287,2250
proposed algorithm,0,0,0,0,0,0,0,0,0,0,0,0,4,10,13,18,48,57,72,94,122,174,244,327,304,173,176,145,159,106,2246
functional data,0,0,0,0,0,0,0,0,0,3,13,27,19,18,23,31,49,66,90,97,128,104,106,114,164,250,179,206,269,265,2221
learning algorithm,0,0,0,0,0,0,0,0,0,0,0,0,0,0,4,23,46,39,59,62,92,124,290,370,408,132,153,171,122,109,2204
recent years,0,0,0,0,0,0,0,0,0,0,0,5,10,6,12,16,30,45,48,56,62,116,217,321,355,167,167,192,201,177,2203
paper proposes,0,0,0,0,0,0,0,0,0,0,0,3,16,16,14,18,36,38,51,69,80,108,205,286,313,162,166,179,205,221,2186
finite sample,0,0,0,0,0,0,0,0,0,9,12,14,24,33,26,52,65,67,75,80,117,142,144,194,182,195,186,173,212,176,2178
computational cost,0,0,0,0,0,0,0,0,0,0,3,9,5,5,7,20,36,62,71,85,91,138,192,244,253,194,156,171,183,244,2169
objective function,0,0,0,0,0,0,0,0,0,0,0,3,5,8,20,15,47,41,55,78,139,126,215,319,339,158,145,159,146,144,2162
proposed methods,0,0,0,0,0,0,0,0,0,0,0,3,0,11,8,21,38,41,61,65,93,107,151,252,289,172,191,212,226,210,2151
case study,0,0,0,0,0,0,0,0,0,0,0,6,4,12,8,13,25,27,41,43,64,71,172,222,262,192,203,236,253,291,2145
upper bound,0,0,0,0,0,0,0,0,0,6,0,10,14,14,20,32,45,51,52,81,72,86,162,200,280,177,189,216,244,192,2143
paper present,0,0,0,0,0,0,0,0,0,0,3,10,12,11,10,30,70,60,52,85,95,144,250,374,325,138,137,113,128,93,2140
graphical models,0,0,0,0,0,0,0,0,0,0,12,14,17,22,51,49,143,112,123,131,138,164,168,175,149,161,109,126,149,110,2123
paper presents,0,0,0,0,0,0,0,0,0,0,0,11,10,9,22,29,61,65,71,79,93,143,180,261,252,130,106,162,208,201,2093
anomaly detection,0,0,0,0,0,0,0,0,0,0,0,0,0,0,6,14,18,10,24,47,69,66,205,362,465,159,142,133,147,212,2079
extensive experiments,0,0,0,0,0,0,0,0,0,0,0,0,0,0,0,7,11,7,22,25,48,75,187,384,440,116,130,146,210,267,2075
density estimation,0,0,0,0,0,0,0,0,8,8,10,26,27,37,23,44,83,56,64,71,95,116,146,205,220,144,170,155,161,199,2068
optimal transport,0,0,0,0,0,0,0,0,0,0,0,0,0,0,0,0,0,0,5,13,20,51,123,237,258,274,239,237,239,367,2063
data points,0,0,0,0,0,0,0,0,0,0,0,5,4,12,11,25,31,46,76,72,74,137,189,298,298,173,161,154,147,144,2057
experiments show,0,0,0,0,0,0,0,0,0,0,0,0,0,0,4,8,28,25,35,41,75,138,243,428,356,139,145,120,108,144,2037
active learning,0,0,0,0,0,0,0,0,0,0,0,0,0,0,0,26,49,43,42,61,58,88,242,355,300,167,183,147,142,127,2030
generative adversarial,0,0,0,0,0,0,0,0,0,0,0,0,0,0,0,0,0,0,5,6,43,215,455,499,397,142,80,80,50,50,2022
theoretical analysis,0,0,0,0,0,0,0,0,0,0,0,0,0,5,8,18,29,44,41,51,61,94,151,187,299,152,155,180,261,282,2018
realworld datasets,0,0,0,0,0,0,0,0,0,0,0,0,0,0,3,6,11,13,20,38,57,68,153,260,345,137,154,171,261,319,2016
hypothesis testing,0,0,0,0,0,0,0,0,0,5,6,16,24,32,20,36,46,68,74,60,110,105,105,163,173,162,172,145,211,267,2000
supervised learning,0,0,0,0,0,0,0,0,0,0,0,0,0,4,7,13,44,32,24,43,75,127,220,365,345,156,152,126,121,143,1997
asymptotic normality,0,0,0,0,0,0,0,0,0,16,23,31,48,24,44,53,65,71,55,94,89,100,114,103,144,136,149,151,232,244,1986
new method,0,0,0,0,0,0,0,0,0,0,4,10,31,24,25,44,48,62,87,99,116,117,175,217,210,145,171,135,145,106,1971
bayesian optimization,0,0,0,0,0,0,0,0,0,0,0,0,0,0,0,4,7,10,22,55,83,98,130,273,294,178,160,183,222,250,1969
convergence rates,0,0,0,0,0,0,0,0,0,3,10,21,16,16,24,39,48,44,37,67,82,83,135,150,203,152,140,150,242,301,1963
loss functions,0,0,0,0,0,0,0,0,0,12,0,0,0,14,13,19,32,35,38,53,62,91,166,279,288,177,133,138,175,222,1947
paper introduce,0,0,0,0,0,0,0,0,0,0,5,5,10,7,13,21,34,47,51,63,82,110,180,276,251,127,112,140,214,191,1939
introduce new,0,0,0,0,0,0,0,0,0,5,8,4,16,14,24,36,56,40,66,78,84,107,168,219,257,135,131,150,148,191,1937
latent space,0,0,0,0,0,0,0,0,0,0,0,0,0,0,3,0,10,10,13,19,24,88,208,321,364,190,139,162,163,214,1928
graph neural,0,0,0,0,0,0,0,0,0,0,0,0,0,0,0,0,0,0,0,0,0,10,88,396,590,159,159,183,193,144,1922
causal effects,0,0,0,0,0,0,0,0,0,0,0,0,6,0,6,4,31,26,40,40,46,73,109,103,175,173,200,241,335,304,1912
likelihood estimation,0,0,0,0,0,0,0,0,4,5,12,24,17,30,28,28,62,51,78,83,100,88,131,137,164,149,165,151,191,194,1892
probability distributions,0,0,0,0,0,0,0,0,0,5,4,5,15,16,18,32,57,42,51,86,61,105,139,193,216,182,140,138,176,191,1872
generative model,0,0,0,0,0,0,0,0,0,0,0,0,0,5,7,4,22,21,17,54,65,103,213,308,279,150,145,160,150,158,1861
generalized linear,0,0,0,0,0,0,0,0,0,0,9,17,20,20,36,26,37,66,69,72,94,96,109,161,181,141,169,191,190,154,1858
federated learning,0,0,0,0,0,0,0,0,0,0,0,0,0,0,0,0,0,0,0,0,0,5,59,297,618,180,182,153,157,166,1817
highdimensional data,0,0,0,0,0,0,0,0,0,0,8,0,16,14,21,24,37,65,69,59,83,112,142,188,163,129,138,152,201,193,1814
latent variables,0,0,0,0,0,0,0,0,0,0,0,0,0,5,18,19,56,60,50,47,84,102,168,196,244,101,130,172,194,164,1810
method based,0,0,0,0,0,0,0,0,0,4,5,11,18,18,22,28,49,65,58,94,85,129,156,216,197,131,132,121,125,125,1789
optimization problems,0,0,0,0,0,0,0,0,0,0,0,6,4,0,11,20,38,32,53,75,96,106,145,234,231,159,140,142,152,139,1783
simulated data,0,0,0,0,0,0,0,0,0,0,4,12,18,19,23,30,65,73,99,109,97,106,117,136,160,134,134,145,134,158,1773
inverse problems,0,0,0,0,0,0,0,0,0,0,0,21,10,10,17,24,36,52,66,60,71,68,129,146,144,131,157,205,176,249,1772
stateoftheart methods,0,0,0,0,0,0,0,0,0,0,0,0,0,0,0,6,15,16,31,41,62,98,196,338,334,128,116,100,158,133,1772
recurrent neural,0,0,0,0,0,0,0,0,0,0,0,0,0,0,0,0,0,8,14,41,81,194,383,443,311,65,69,56,55,40,1760
paper study,0,0,0,0,0,0,0,0,3,5,8,15,17,14,25,30,42,56,41,62,98,94,155,229,223,134,136,137,131,103,1758
paper introduces,0,0,0,0,0,0,0,0,0,0,4,9,6,11,8,20,30,34,32,37,67,81,124,130,164,101,105,145,319,322,1749
dimension reduction,0,0,0,0,0,0,0,0,0,7,0,23,15,22,34,32,53,35,57,89,65,126,114,169,181,140,124,151,171,139,1747
computational complexity,0,0,0,0,0,0,0,0,0,0,0,14,8,7,17,22,29,41,58,77,90,112,151,192,245,123,133,144,127,153,1743
probability distribution,0,0,0,0,0,0,0,0,5,5,11,14,10,18,22,42,50,76,61,60,78,102,161,169,192,123,112,121,145,159,1736
also provide,0,0,0,0,0,0,0,0,0,0,5,5,10,7,15,24,30,26,41,51,74,95,177,209,234,137,136,147,156,153,1732
existing approaches,0,0,0,0,0,0,0,0,0,0,0,0,4,6,0,11,24,20,24,43,56,80,134,203,248,126,128,144,177,302,1730
novel approach,0,0,0,0,0,0,0,0,0,0,0,0,3,6,8,16,27,21,28,38,65,97,155,238,207,115,96,159,250,197,1726
latent variable,0,0,0,0,0,0,0,0,0,0,0,6,0,9,9,14,50,40,54,77,80,99,175,199,231,108,161,126,144,141,1723
theoretical guarantees,0,0,0,0,0,0,0,0,0,0,0,0,0,4,5,9,13,21,38,30,45,70,107,135,187,134,124,175,225,390,1712
mixture models,0,0,0,0,0,0,0,0,4,6,9,7,10,16,14,28,57,70,77,114,110,119,111,123,173,118,122,129,134,157,1708
mutual information,0,0,0,0,0,7,0,0,11,0,0,12,9,12,10,26,34,32,38,66,65,102,146,233,277,125,115,133,109,145,1707
realworld data,0,0,0,0,0,0,0,0,0,0,0,0,0,5,0,8,26,17,28,33,45,59,126,168,250,128,150,194,220,242,1699
state art,0,0,0,0,0,0,0,0,0,0,0,3,0,6,3,11,35,37,46,65,87,120,268,341,300,91,82,75,45,56,1671
introduce novel,0,0,0,0,0,0,0,0,0,0,0,3,0,0,5,12,21,31,17,42,50,68,122,182,189,88,77,150,318,288,1663
observational data,0,0,0,0,0,0,0,0,0,0,0,0,0,5,8,4,16,20,25,19,42,54,92,123,196,161,214,221,238,208,1646
sample sizes,0,0,0,0,0,0,0,0,0,5,7,5,12,18,17,25,45,47,43,35,65,77,84,135,127,140,124,142,209,277,1639
predictive performance,0,0,0,0,0,0,0,0,0,0,0,0,5,6,4,12,18,32,38,33,46,76,128,183,202,113,136,148,182,276,1638
observed data,0,0,0,0,0,0,0,0,0,0,3,12,8,13,29,18,30,52,46,60,88,83,124,129,173,141,150,137,170,170,1636
approach based,0,0,0,0,0,0,0,0,0,3,6,10,6,15,24,30,55,46,67,74,85,92,156,196,188,125,120,111,103,118,1630
superior performance,0,0,0,0,0,0,0,0,0,0,0,0,3,3,5,11,12,8,28,25,50,68,128,201,186,122,113,154,223,263,1603
dynamical systems,0,0,0,0,0,0,0,0,0,0,4,0,4,10,0,16,34,18,20,33,47,72,115,188,232,130,137,155,163,209,1587
linear model,0,0,0,0,0,0,0,0,4,0,12,20,19,12,19,25,46,44,54,66,75,111,102,159,172,123,140,132,147,103,1585
language models,0,0,0,0,0,0,0,0,0,0,0,0,0,0,0,0,0,0,0,20,10,15,36,94,80,31,53,199,437,604,1579
importance sampling,0,0,0,0,0,0,0,0,0,0,5,16,31,21,9,26,35,62,62,76,87,76,113,179,101,138,151,120,122,145,1575
many applications,0,0,0,0,0,0,0,0,0,0,0,4,10,6,26,15,47,49,45,79,85,85,152,200,211,120,130,113,101,92,1570
learning framework,0,0,0,0,0,0,0,0,0,0,0,0,0,0,0,4,10,9,12,16,42,65,192,293,324,76,108,103,119,196,1569
causal effect,0,0,0,0,0,0,0,0,0,0,4,4,0,0,0,4,12,10,26,19,53,44,81,105,203,135,152,241,241,234,1568
recently proposed,0,0,0,0,0,0,0,0,0,0,4,3,5,9,15,13,39,50,61,78,73,103,142,213,221,107,116,110,101,102,1565
real world,0,0,0,0,0,0,0,0,0,0,0,0,0,4,9,17,35,34,37,45,67,96,194,258,305,119,98,97,79,67,1561
sensitivity analysis,0,0,0,0,0,0,0,0,0,0,0,0,13,0,7,9,32,40,40,50,55,87,90,119,150,132,172,194,172,198,1560
mixture model,0,0,0,0,0,0,0,0,0,0,4,5,11,11,15,16,57,52,61,59,88,120,118,138,180,120,110,118,140,135,1558
asymptotic properties,0,0,0,0,0,0,0,0,3,12,13,17,31,22,27,39,44,54,62,75,101,92,95,73,111,114,138,130,147,157,1557
differential privacy,0,0,0,0,0,0,0,0,0,0,0,0,0,0,0,0,9,0,9,17,46,52,101,206,264,138,158,177,178,198,1553
quantile regression,0,0,0,0,0,0,0,0,0,0,0,6,4,17,8,21,38,32,61,69,84,100,78,110,111,172,169,131,153,188,1552
special case,0,0,0,0,0,0,0,0,0,7,7,12,17,10,23,38,38,65,54,58,71,79,115,127,172,158,106,135,121,134,1547
proposed framework,0,0,0,0,0,0,0,0,0,0,0,0,0,0,5,9,17,18,20,32,56,79,171,230,245,112,96,117,142,193,1542
state space,0,0,0,0,0,0,0,0,4,5,10,14,14,13,28,26,53,50,56,78,97,80,122,204,147,110,99,104,135,92,1541
online learning,0,0,0,0,0,0,0,0,0,0,0,0,0,6,5,21,23,44,33,26,60,76,161,198,233,121,113,151,134,131,1536
paper consider,0,0,0,0,0,0,0,0,0,5,6,12,22,16,20,41,45,64,66,69,65,116,122,177,193,102,122,104,84,83,1534
upper bounds,0,0,0,0,0,0,0,0,4,3,5,13,10,14,21,21,34,44,49,61,66,59,95,141,143,124,114,177,181,155,1534
effectiveness proposed,0,0,0,0,0,0,0,0,0,0,0,0,0,0,5,9,20,20,41,33,31,60,142,253,254,108,101,139,151,163,1530
decision making,0,0,0,0,0,0,0,0,0,0,0,0,3,6,7,21,18,16,14,34,33,68,134,252,254,146,121,145,131,124,1527
computational efficiency,0,0,0,0,0,0,0,0,0,0,0,0,4,0,4,9,20,31,35,47,46,62,86,145,144,97,102,137,232,325,1526
support vector,0,0,0,0,0,0,0,0,0,0,16,15,9,15,21,10,56,58,50,49,88,124,199,270,205,68,60,71,69,59,1512
new approach,0,0,0,0,0,0,0,0,0,0,6,13,13,18,17,38,48,58,65,61,72,95,126,178,183,108,111,105,101,93,1509
central limit,0,0,0,0,0,0,0,0,8,11,10,39,46,38,44,43,46,42,62,52,79,80,81,114,96,117,101,114,124,156,1503
recent work,0,0,0,0,0,0,0,0,0,0,0,5,5,7,10,19,23,21,27,46,58,78,131,207,219,131,119,121,120,154,1501
adversarial examples,0,0,0,0,0,0,0,0,0,0,0,0,0,0,0,0,0,0,0,11,24,105,365,492,340,54,35,31,33,8,1498
publicly available,0,0,0,0,0,0,0,0,0,0,0,0,0,3,5,6,11,17,20,34,38,89,170,246,245,108,117,119,139,130,1497
convex optimization,0,0,0,0,0,0,0,0,0,0,0,5,3,10,16,20,69,50,82,77,90,103,124,169,155,114,95,119,97,94,1492
empirical results,0,0,0,0,0,0,0,0,0,0,0,0,0,0,4,10,44,30,33,34,55,71,133,228,218,98,100,110,126,194,1488
data distribution,0,0,0,0,0,0,0,0,0,0,0,0,3,0,0,5,13,9,10,9,37,60,114,189,228,130,121,179,210,164,1481
diffusion models,0,0,0,0,0,0,0,0,0,0,0,0,0,3,0,0,5,5,4,5,0,0,3,12,6,46,86,301,461,544,1481
experiments demonstrate,0,0,0,0,0,0,0,0,0,0,0,0,0,0,3,7,16,15,21,24,44,70,121,224,205,108,106,129,172,215,1480
statistical models,0,0,0,0,0,0,0,0,3,7,11,16,24,11,25,19,41,43,54,62,71,79,105,115,153,125,122,116,131,147,1480
average treatment,0,0,0,0,0,0,0,0,0,0,0,0,0,0,0,0,0,13,13,14,46,39,83,93,123,140,176,189,267,279,1475
test statistic,0,0,0,0,0,0,0,0,0,8,11,5,21,16,17,19,37,64,56,61,80,67,91,101,139,127,103,116,147,189,1475
learning model,0,0,0,0,0,0,0,0,0,0,0,0,0,0,0,5,7,8,8,17,21,48,187,313,330,104,97,119,116,93,1473
bayesian approach,0,0,0,0,0,0,0,0,0,0,4,9,16,14,19,39,55,61,60,75,76,79,105,151,146,106,96,98,140,119,1468
error rate,0,0,0,0,0,0,0,0,0,4,5,9,13,9,22,18,34,34,34,51,68,102,121,170,149,104,108,143,115,151,1464
covariance matrices,0,0,0,0,0,0,0,0,0,0,0,7,12,14,24,34,54,69,78,79,75,110,94,101,118,111,100,133,118,127,1458
null hypothesis,0,0,0,0,0,0,0,0,0,11,7,11,27,29,21,21,45,63,55,68,76,75,89,97,115,124,135,120,121,147,1457
demonstrate proposed,0,0,0,0,0,0,0,0,0,0,0,0,0,3,6,8,12,18,18,30,47,57,120,219,237,115,102,137,139,180,1448
high probability,0,0,0,0,0,0,0,0,0,0,0,0,5,12,8,23,28,53,32,60,59,100,111,149,173,128,142,132,116,115,1446
learning approach,0,0,0,0,0,0,0,0,0,0,0,0,0,0,0,3,13,11,18,20,46,71,211,286,275,94,98,105,100,85,1436
prior knowledge,0,0,0,0,0,0,0,0,0,0,0,0,6,8,8,12,50,31,20,35,53,70,124,181,187,117,103,111,150,160,1426
synthetic real,0,0,0,0,0,0,0,0,0,0,0,3,0,6,6,13,32,33,42,56,77,96,129,171,171,123,129,106,107,123,1423
study problem,0,0,0,0,0,0,0,0,0,5,3,6,13,8,15,16,30,29,34,32,51,68,116,174,185,131,120,120,124,142,1422
big data,0,0,0,0,0,0,0,0,0,0,0,0,0,0,0,0,7,40,63,84,91,150,210,196,199,105,87,85,73,31,1421
provide theoretical,0,0,0,0,0,0,0,0,0,0,0,0,3,6,5,7,15,24,28,26,46,54,104,145,176,116,105,129,179,230,1398
series data,0,0,0,0,0,0,0,0,0,0,0,0,4,0,8,8,16,8,23,32,61,66,113,153,206,124,122,148,181,122,1395
benchmark datasets,0,0,0,0,0,0,0,0,0,0,0,0,0,0,0,3,20,7,17,31,30,74,122,273,316,86,90,94,111,120,1394
data augmentation,0,0,0,0,0,0,0,0,0,0,0,0,0,0,6,14,10,17,14,25,21,54,136,230,292,106,131,111,109,116,1392
matrix factorization,0,0,0,0,0,0,0,0,0,0,0,0,0,0,7,13,50,36,76,80,108,142,138,202,172,90,71,53,66,86,1390
data paper,0,0,0,0,0,0,0,0,0,3,7,10,10,7,16,20,28,39,40,47,66,92,133,188,159,101,112,97,107,106,1388
bayesian model,0,0,0,0,0,0,0,0,0,0,0,0,11,27,11,38,52,51,74,92,53,92,77,104,137,103,92,126,107,139,1386
model based,0,0,0,0,0,0,0,0,0,0,5,9,12,4,8,10,30,30,44,38,62,86,139,208,211,108,98,105,81,96,1384
compared existing,0,0,0,0,0,0,0,0,0,0,0,0,3,3,4,5,13,23,31,34,35,66,91,157,179,98,106,152,172,211,1383
adversarial networks,0,0,0,0,0,0,0,0,0,0,0,0,0,0,0,0,0,0,0,0,33,151,316,338,253,100,57,58,35,38,1379
random effects,0,0,0,0,0,0,0,0,0,0,3,12,20,7,24,34,39,41,46,58,63,75,74,97,96,94,122,131,154,184,1374
dimensionality reduction,0,0,0,0,0,0,0,0,0,0,0,0,11,4,13,16,25,40,48,68,78,95,152,164,140,106,92,79,117,122,1370
image classification,0,0,0,0,0,0,0,0,0,0,0,0,0,0,0,0,8,8,8,16,35,65,198,360,348,67,64,71,63,57,1368
address problem,0,0,0,0,0,0,0,0,0,0,0,4,3,4,8,21,24,27,43,37,52,76,147,207,225,85,93,102,95,114,1367
data using,0,0,0,0,0,0,0,0,0,0,0,4,13,9,10,23,28,27,35,31,56,71,115,156,185,124,103,128,120,127,1365
using data,0,0,0,0,0,0,0,0,0,0,0,5,0,5,13,13,18,27,31,35,56,71,100,146,166,112,125,131,161,150,1365
likelihood estimator,0,0,0,0,0,0,0,0,6,9,22,27,25,32,24,34,50,44,71,72,90,84,86,77,96,88,86,99,109,134,1365
algorithm based,0,0,0,0,0,0,0,0,0,0,3,4,8,8,19,24,43,54,34,78,70,100,137,160,176,87,83,93,87,94,1362
general framework,0,0,0,0,0,0,0,0,0,0,3,6,9,12,10,19,12,35,55,49,70,56,116,137,182,119,125,117,120,109,1361
clinical trials,0,0,0,0,0,0,0,0,0,0,4,0,15,3,9,20,9,13,15,24,30,37,74,95,149,131,119,148,218,247,1360
previous work,0,0,0,0,0,0,0,0,0,0,0,4,6,8,16,15,44,38,29,40,56,88,126,179,169,100,99,129,113,100,1359
hidden markov,0,0,0,0,0,0,0,0,5,19,6,20,13,26,18,47,81,66,72,73,71,87,123,97,119,98,73,81,90,74,1359
real datasets,0,0,0,0,0,0,0,0,0,0,0,0,0,3,4,13,25,21,39,52,76,76,142,175,162,116,106,111,121,115,1357
domain adaptation,0,0,0,0,0,0,0,0,0,0,0,0,0,0,0,0,5,10,20,26,22,58,174,321,302,67,83,117,73,70,1348
natural language,0,0,0,0,0,0,0,0,0,0,0,0,0,0,0,0,4,15,16,22,44,81,200,283,260,61,86,98,95,72,1337
propose two,0,0,0,0,0,0,0,0,0,0,0,0,8,9,6,7,22,28,34,36,66,82,144,183,175,108,93,100,114,119,1334
squared error,0,0,0,0,0,0,0,0,0,7,8,14,11,14,15,20,28,34,41,46,52,77,90,116,145,117,98,98,125,174,1330
causal discovery,0,0,0,0,0,0,0,0,0,0,0,0,0,0,0,0,14,0,9,0,11,20,35,66,73,95,185,266,281,271,1326
present novel,0,0,0,0,0,0,0,0,0,0,0,0,0,3,6,12,31,17,34,41,55,72,152,209,231,103,61,96,96,104,1323
rate convergence,0,0,0,0,0,0,0,0,7,11,17,34,35,28,32,52,50,72,59,52,84,75,80,110,95,92,86,91,86,71,1319
learning techniques,0,0,0,0,0,0,0,0,0,0,0,0,0,0,0,5,10,7,15,10,32,88,188,307,275,55,65,96,97,66,1316
learning tasks,0,0,0,0,0,0,0,0,0,0,0,0,0,0,0,3,15,11,13,40,36,76,126,269,257,101,92,98,84,94,1315
deep reinforcement,0,0,0,0,0,0,0,0,0,0,0,0,0,0,0,0,0,0,0,4,24,64,293,445,290,64,28,30,38,33,1313
classification tasks,0,0,0,0,0,0,0,0,0,0,0,0,0,0,3,4,9,17,12,16,26,68,160,246,262,95,85,69,129,109,1310
random forest,0,0,0,0,0,0,0,0,0,0,0,0,0,0,0,11,4,0,36,33,39,97,121,219,180,101,86,89,138,156,1310
parameter space,0,0,0,0,0,0,0,0,0,6,5,9,10,19,10,27,44,44,36,58,56,67,104,141,139,92,86,99,113,138,1303
adversarial training,0,0,0,0,0,0,0,0,0,0,0,0,0,0,0,0,0,0,0,10,15,56,193,284,350,109,69,89,87,40,1302
sufficient conditions,0,0,0,0,0,0,0,0,4,10,15,13,27,24,25,44,34,45,52,71,65,74,74,90,117,93,84,95,95,151,1302
show method,0,0,0,0,0,0,0,0,0,0,0,3,0,7,5,4,25,22,37,46,55,80,150,203,200,83,84,97,102,98,1301
statistical analysis,0,0,0,0,0,0,0,0,0,4,7,12,35,15,23,62,33,37,50,55,50,64,74,103,103,92,103,94,144,133,1293
gene expression,0,0,0,0,0,0,0,0,0,0,5,15,20,12,31,40,86,77,82,98,84,68,106,99,86,66,68,63,96,86,1288
synthetic realworld,0,0,0,0,0,0,0,0,0,0,0,0,0,0,0,7,22,16,13,31,35,49,93,129,177,96,109,136,160,214,1287
gaussian mixture,0,0,0,0,0,0,0,0,0,0,0,0,0,0,5,9,20,30,30,55,45,92,97,122,169,88,90,125,142,167,1286
simulation results,0,0,0,0,0,0,0,0,0,3,0,8,14,14,16,30,47,43,53,65,72,74,100,132,143,88,81,82,107,112,1284
learning rate,0,0,0,0,0,0,0,0,0,0,0,0,0,0,0,14,5,0,7,11,29,52,127,219,280,73,76,114,129,145,1281
across different,0,0,0,0,0,0,0,0,0,0,0,0,0,5,0,0,14,11,13,21,28,57,90,157,187,80,81,128,193,214,1279
wasserstein distance,0,0,0,0,0,0,0,0,0,0,0,0,0,0,0,9,0,4,5,18,19,53,94,153,170,157,130,145,147,172,1276
adversarial attacks,0,0,0,0,0,0,0,0,0,0,0,0,0,0,0,0,0,0,0,0,0,34,190,349,418,77,41,42,83,42,1276
test statistics,0,0,0,0,0,0,0,0,0,0,9,12,23,23,24,20,35,33,59,53,62,74,66,98,90,100,102,126,134,132,1275
best knowledge,0,0,0,0,0,0,0,0,0,0,0,0,0,3,3,5,14,12,20,35,48,72,113,192,208,90,114,127,112,105,1273
extensive simulation,0,0,0,0,0,0,0,0,0,0,0,0,3,5,6,9,19,20,29,28,47,61,66,87,125,117,120,129,184,216,1271
methods based,0,0,0,0,0,0,0,0,0,0,5,5,7,5,8,19,37,47,29,37,66,66,126,164,147,95,95,87,122,98,1265
numerical results,0,0,0,0,0,0,0,0,0,3,0,6,8,13,11,12,20,32,44,50,68,72,94,148,150,107,107,108,107,103,1263
likelihood ratio,0,0,0,0,0,0,0,0,5,0,8,19,24,24,17,36,67,74,68,76,67,56,74,104,92,90,81,77,97,101,1257
mean squared,0,0,0,0,0,0,0,0,0,6,9,10,9,8,12,12,15,34,37,40,44,73,89,113,149,111,99,92,128,166,1256
random fields,0,0,0,0,0,0,0,0,0,10,17,11,33,23,26,51,81,72,71,70,49,81,89,80,106,74,82,68,57,104,1255
differential equation,0,0,0,0,0,0,0,0,0,0,3,7,5,8,12,23,28,26,34,48,55,46,69,133,140,115,106,121,130,136,1245
differentially private,0,0,0,0,0,0,0,0,0,0,0,0,0,0,0,0,9,0,11,20,32,30,70,156,191,129,145,138,152,158,1241
generalization error,0,0,0,0,0,0,0,0,5,0,0,5,0,0,6,8,31,12,10,19,37,59,89,163,173,139,109,123,144,109,1241
simulated real,0,0,0,0,0,0,0,0,0,0,0,9,5,7,25,21,38,50,64,60,84,83,94,113,107,117,78,93,106,85,1239
special cases,0,0,0,0,0,0,0,0,3,7,4,12,12,13,19,27,41,34,44,76,67,64,91,98,114,96,95,106,96,120,1239
probability density,0,0,0,0,0,0,0,0,3,3,7,13,16,13,26,21,37,41,45,67,53,84,90,101,132,89,100,97,111,90,1239
data collected,0,0,0,0,0,0,0,0,0,0,3,0,8,4,8,11,20,29,36,27,50,72,95,144,180,123,126,118,94,89,1237
however existing,0,0,0,0,0,0,0,0,0,0,0,0,0,0,0,6,6,6,10,15,32,43,96,156,188,86,83,127,162,221,1237
computer vision,0,0,0,0,0,0,0,0,0,0,0,3,3,0,5,9,18,25,35,33,34,92,194,229,220,77,63,74,66,51,1231
recent advances,0,0,0,0,0,0,0,0,0,0,0,0,3,9,4,10,8,15,34,24,53,77,111,184,160,84,80,90,110,171,1227
two different,0,0,0,0,0,0,0,0,0,0,4,10,15,6,10,27,32,24,49,43,43,78,103,193,167,86,95,78,92,70,1225
empirical risk,0,0,0,0,0,0,0,0,0,3,3,12,6,10,7,5,18,13,36,36,60,72,84,168,138,101,95,124,124,107,1222
false discovery,0,0,0,0,0,0,0,0,0,7,12,20,27,16,32,30,22,43,47,40,52,69,93,89,76,102,93,103,99,148,1220
theoretical properties,0,0,0,0,0,0,0,0,0,0,0,6,11,7,10,23,24,36,27,54,54,53,77,95,118,115,132,122,111,142,1217
conformal prediction,0,0,0,0,0,0,0,0,0,0,0,0,0,0,0,0,4,0,0,0,0,9,15,46,54,72,105,158,295,459,1217
models using,0,0,0,0,0,0,0,0,0,0,0,7,4,6,9,21,28,30,29,36,52,81,107,149,131,78,87,99,129,130,1213
learning problems,0,0,0,0,0,0,0,0,0,0,0,0,0,4,3,6,30,21,42,34,58,70,151,183,196,112,74,79,88,61,1212
realworld applications,0,0,0,0,0,0,0,0,0,0,0,0,0,0,0,4,12,11,13,24,17,42,97,159,180,81,98,111,173,182,1204
point processes,0,0,0,0,0,0,0,0,0,0,0,12,4,15,21,20,27,30,48,60,68,76,97,101,97,105,50,106,154,111,1202
present new,0,0,0,0,0,0,0,0,0,0,5,8,7,16,9,25,45,33,34,58,73,80,128,154,170,81,81,67,69,55,1198
small number,0,0,0,0,0,0,0,0,0,0,3,5,5,6,15,21,33,56,49,68,63,71,129,157,134,97,70,72,87,52,1193
extreme value,0,0,0,0,0,0,0,0,0,0,9,11,11,15,17,29,37,47,49,69,53,77,74,82,87,101,87,87,114,136,1192
address issue,0,0,0,0,0,0,0,0,0,0,0,0,0,0,3,7,12,14,17,15,28,47,83,153,163,75,82,147,176,164,1186
prediction accuracy,0,0,0,0,0,0,0,0,0,0,0,0,0,0,0,5,9,21,18,31,49,75,122,179,187,90,86,85,114,114,1185
datasets demonstrate,0,0,0,0,0,0,0,0,0,0,0,0,0,0,0,4,8,8,11,24,35,44,125,196,202,71,61,71,120,204,1184
data show,0,0,0,0,0,0,0,0,0,0,3,4,5,10,9,9,29,35,40,37,48,79,113,146,139,97,115,87,95,79,1179
paper develop,0,0,0,0,0,0,0,0,0,0,0,9,11,9,12,18,31,31,36,59,63,84,89,138,143,97,101,84,86,75,1176
limit theorem,0,0,0,0,0,0,0,0,6,8,6,30,33,20,37,37,40,35,55,37,51,67,62,90,76,95,87,91,89,117,1169
ground truth,0,0,0,0,0,0,0,0,0,0,0,0,0,0,0,0,13,15,8,10,37,36,114,193,164,88,87,134,120,143,1162
conditional independence,0,0,0,0,0,0,0,0,0,0,6,8,6,23,9,18,39,32,51,37,48,60,60,82,117,109,115,95,95,149,1159
matrix completion,0,0,0,0,0,0,0,0,0,0,0,0,0,5,14,22,36,51,89,84,76,81,127,133,99,74,55,59,89,54,1148
community detection,0,0,0,0,0,0,0,0,0,0,0,0,0,0,6,8,15,38,42,62,95,91,127,114,142,84,73,66,93,90,1146
high dimensions,0,0,0,0,0,0,0,0,0,0,0,0,5,6,11,14,22,30,54,38,61,73,62,97,119,113,128,88,94,127,1142
point process,0,0,0,0,0,0,0,0,0,0,4,5,5,9,19,23,38,40,42,56,76,72,68,89,121,106,95,87,113,73,1141
target distribution,0,0,0,0,0,0,0,0,0,0,3,0,3,4,8,10,11,24,17,38,27,57,63,87,96,107,99,128,182,177,1141
markov decision,0,0,0,0,0,0,0,0,0,0,0,0,0,0,0,0,22,12,11,17,24,30,85,205,200,113,123,98,90,110,1140
novel method,0,0,0,0,0,0,0,0,0,0,0,5,0,4,0,11,15,13,21,27,42,77,103,134,164,79,70,101,139,133,1138
random forests,0,0,0,0,0,0,0,0,0,0,0,0,8,3,0,7,6,14,55,55,52,66,93,131,130,95,100,82,108,130,1135
also propose,0,0,0,0,0,0,0,0,0,0,4,0,5,9,8,8,16,20,27,36,48,75,116,157,170,96,83,90,91,75,1134
carlo mcmc,0,0,0,0,0,0,0,0,0,0,0,8,15,7,10,17,29,46,41,63,59,70,53,106,124,91,85,86,114,110,1134
large scale,0,0,0,0,0,0,0,0,0,0,5,5,9,5,14,14,28,35,46,62,69,112,147,194,139,55,58,54,39,43,1133
results indicate,0,0,0,0,0,0,0,0,0,0,0,0,6,4,4,4,16,19,22,34,41,64,94,139,153,86,72,99,130,143,1130
type error,0,0,0,0,0,0,0,0,0,0,0,0,10,11,11,9,6,23,23,24,44,44,62,82,113,113,114,112,132,195,1128
prior work,0,0,0,0,0,0,0,0,0,0,0,0,0,0,3,6,11,7,11,15,24,40,93,136,188,88,103,106,127,169,1127
different types,0,0,0,0,0,0,0,0,0,0,0,4,5,7,6,14,13,20,39,37,46,52,106,174,164,93,93,84,92,74,1123
training set,0,0,0,0,0,0,0,0,0,0,0,0,0,0,6,6,10,23,20,20,32,58,152,217,196,90,71,75,83,63,1122
artificial intelligence,0,0,0,0,0,0,0,0,0,0,0,0,0,0,3,0,5,5,0,5,23,34,124,151,188,71,82,117,156,149,1113
hilbert space,0,0,0,0,0,0,0,0,0,0,0,8,5,8,19,14,26,43,38,39,52,56,86,79,113,103,78,105,95,144,1111
nonparametric regression,0,0,0,0,0,0,0,0,0,9,18,19,28,27,18,26,33,38,36,42,50,52,55,86,98,82,73,95,111,113,1109
proposed methodology,0,0,0,0,0,0,0,0,0,0,5,0,5,7,4,10,21,20,29,39,45,49,72,106,129,89,104,120,116,136,1106
error bounds,0,0,0,0,0,0,0,0,0,0,7,0,3,11,7,14,14,21,40,42,31,38,66,93,106,99,82,119,132,180,1105
experiments synthetic,0,0,0,0,0,0,0,0,0,0,0,0,0,0,3,6,19,16,24,25,35,51,100,114,129,71,96,105,114,196,1104
model using,0,0,0,0,0,0,0,0,0,0,0,4,6,3,14,7,20,21,25,30,39,57,94,164,149,94,85,75,107,105,1099
number samples,0,0,0,0,0,0,0,0,0,0,0,3,0,4,15,16,42,38,26,40,54,73,82,118,113,98,88,111,103,68,1092
statistical methods,0,0,0,0,0,0,0,0,0,0,0,6,5,13,7,17,20,35,32,46,53,64,63,87,89,98,82,118,112,137,1084
bayesian framework,0,0,0,0,0,0,0,0,0,0,0,6,5,5,8,14,26,28,29,41,51,53,73,88,110,84,78,98,119,167,1083
markov chains,0,0,0,0,0,0,0,0,4,0,9,17,8,22,14,34,44,35,41,49,53,53,60,82,82,100,87,77,110,102,1083
data science,0,0,0,0,0,0,0,0,0,0,0,0,0,0,0,0,0,6,15,22,39,46,68,124,153,100,113,113,154,128,1081
stateoftheart performance,0,0,0,0,0,0,0,0,0,0,0,0,0,0,0,0,10,16,11,15,23,64,135,214,224,66,59,63,86,89,1075
semisupervised learning,0,0,0,0,0,0,0,0,0,0,0,0,0,0,0,4,46,16,16,14,61,78,130,214,239,47,50,54,62,44,1075
bayesian nonparametric,0,0,0,0,0,0,0,0,0,0,4,7,3,9,17,22,45,41,72,68,74,66,71,83,94,78,72,73,83,92,1074
change point,0,0,0,0,0,0,0,0,0,0,0,7,7,8,5,16,10,16,21,43,39,49,91,112,126,122,80,92,128,102,1074
code available,0,0,0,0,0,0,0,0,0,0,0,0,0,0,0,0,3,4,7,6,4,15,58,171,216,80,99,113,146,152,1074
develop new,0,0,0,0,0,0,0,0,0,0,0,4,6,4,7,10,12,29,31,36,47,59,101,147,135,85,91,98,88,83,1073
large language,0,0,0,0,0,0,0,0,0,0,0,0,0,0,0,0,0,0,0,0,0,0,0,0,3,0,15,137,361,557,1073
statistical properties,0,0,0,0,0,0,0,0,0,0,0,7,8,10,16,19,24,23,40,45,50,52,86,85,95,96,77,95,125,117,1070
proposed estimator,0,0,0,0,0,0,0,0,0,3,5,8,4,4,6,17,35,26,38,49,55,67,73,55,83,103,104,114,109,112,1070
distribution function,0,0,0,0,0,0,6,0,0,6,18,30,30,17,33,40,59,41,49,52,67,51,66,68,89,71,64,53,70,86,1066
models paper,0,0,0,0,0,0,0,0,4,6,10,10,18,14,14,24,44,32,42,53,52,62,68,102,115,74,88,66,85,81,1064
reproducing kernel,0,0,0,0,0,0,0,0,0,0,0,8,7,7,15,19,39,39,29,34,34,47,71,77,115,110,68,117,105,122,1063
numerical simulations,0,0,0,0,0,0,0,0,0,4,6,6,7,10,10,19,24,32,33,46,51,51,61,92,111,83,85,87,122,122,1062
stochastic differential,0,0,0,0,0,0,0,0,0,0,5,6,8,6,9,16,20,42,23,44,33,55,49,82,97,100,87,98,138,143,1061
multiple testing,0,0,0,0,0,0,0,0,0,5,9,12,19,18,28,24,52,32,49,43,56,85,57,66,62,88,81,102,82,89,1059
prior distribution,0,0,0,0,0,0,0,0,0,0,7,7,12,15,15,13,30,39,13,53,56,48,70,83,112,86,114,110,89,85,1057
random variable,0,0,0,0,0,0,0,0,0,8,6,16,22,19,29,34,31,41,39,56,52,52,88,72,89,74,92,80,68,86,1054
binary classification,0,0,0,0,0,0,0,0,0,4,0,4,0,4,4,9,20,14,27,30,31,55,95,138,149,105,64,108,93,95,1049
density function,0,0,0,0,0,0,0,0,0,0,9,9,12,11,17,25,36,31,37,62,54,55,76,102,103,82,88,77,94,68,1048
approximate bayesian,0,0,0,0,0,0,0,0,0,0,0,0,15,9,9,32,36,42,44,72,62,85,90,112,95,79,69,52,83,62,1048
posterior distributions,0,0,0,0,0,0,0,0,0,0,4,12,26,8,16,26,34,29,24,49,38,61,58,84,107,86,73,91,105,117,1048
statistical learning,0,0,0,0,0,0,0,0,0,0,0,8,7,8,13,19,21,25,24,19,32,54,79,114,132,96,101,111,93,90,1046
outperforms existing,0,0,0,0,0,0,0,0,0,0,0,0,0,0,4,0,9,12,10,26,29,52,82,131,171,65,69,104,120,160,1044
new algorithm,0,0,0,0,0,0,0,0,0,3,3,4,3,17,8,22,36,35,34,49,59,95,103,142,119,69,66,67,57,53,1044
network models,0,0,0,0,0,0,0,0,0,0,0,0,4,0,9,0,17,12,15,26,42,62,155,187,185,76,53,55,81,61,1040
theoretical findings,0,0,0,0,0,0,0,0,0,0,0,0,0,6,0,4,10,17,20,22,24,40,50,94,96,86,95,132,162,176,1034
problem estimating,0,0,0,0,0,0,0,0,0,5,8,14,22,24,31,29,41,48,45,53,57,74,73,91,78,77,77,52,66,66,1031
large datasets,0,0,0,0,0,0,0,0,0,0,3,0,0,5,9,3,20,16,17,48,39,68,129,125,129,65,74,85,95,97,1027
data however,0,0,0,0,0,0,0,0,0,0,0,0,4,0,4,5,7,13,19,18,36,53,69,144,152,84,81,99,125,113,1026
missing values,0,0,0,0,0,0,0,0,0,0,0,6,0,5,4,0,19,28,14,31,34,56,80,111,112,94,99,97,106,129,1025
risk minimization,0,0,0,0,0,0,0,0,0,3,4,27,5,6,5,5,13,6,34,32,52,49,72,110,126,102,90,92,84,105,1022
learning problem,0,0,0,0,0,0,0,0,0,0,0,0,0,4,3,11,26,13,24,26,46,73,117,162,180,70,73,67,74,53,1022
paper show,0,0,0,0,0,0,0,0,4,4,0,6,4,13,11,19,26,35,39,42,49,59,112,131,140,86,74,68,47,52,1021
estimation error,0,0,0,0,0,0,0,0,0,0,0,5,0,8,9,13,15,20,31,40,45,63,72,95,94,73,105,118,114,101,1021
across multiple,0,0,0,0,0,0,0,0,0,0,0,0,0,0,3,6,12,7,10,15,17,40,69,96,126,69,68,76,153,250,1017
partial differential,0,0,0,0,0,0,0,0,0,0,0,0,0,0,0,15,11,25,12,21,33,51,60,119,132,85,89,97,123,142,1015
unsupervised learning,0,0,0,0,0,0,0,0,0,0,0,0,0,0,0,6,12,13,23,42,54,73,154,177,170,55,63,65,46,62,1015
joint distribution,0,0,0,0,0,0,0,0,0,5,10,10,12,7,14,20,27,22,38,31,48,55,74,85,86,67,81,93,113,117,1015
results suggest,0,0,0,0,0,0,0,0,0,0,0,0,0,7,7,8,22,17,33,32,40,65,94,128,147,79,67,82,88,98,1014
deep networks,0,0,0,0,0,0,0,0,0,0,0,0,0,0,0,0,0,0,10,19,33,100,150,256,209,55,56,51,33,42,1014
efficient algorithm,0,0,0,0,0,0,0,0,0,3,0,0,5,11,13,13,35,34,25,66,42,54,82,112,122,95,90,64,86,61,1013
case studies,0,0,0,0,0,0,0,0,0,0,0,0,3,3,4,11,14,13,10,24,31,43,75,100,127,79,94,109,117,156,1013
models based,0,0,0,0,0,0,0,0,0,6,0,5,5,5,14,16,18,37,30,39,40,65,93,116,135,82,67,79,94,67,1013
confidence interval,0,0,0,0,0,0,0,0,0,0,5,13,20,5,17,25,27,36,41,36,39,52,63,94,102,99,70,70,95,102,1011
stochastic optimization,0,0,0,0,0,0,0,0,0,0,0,0,0,0,4,13,18,14,23,31,48,71,98,134,147,83,75,81,98,72,1010
propensity score,0,0,0,0,0,0,0,0,0,0,0,0,0,0,0,0,0,14,14,12,37,68,97,46,112,107,122,114,125,141,1009
well known,0,0,0,0,0,0,0,0,0,4,7,8,16,16,18,28,33,40,40,65,53,53,99,109,103,77,68,55,56,61,1009
experimental design,0,0,0,0,0,0,0,0,0,0,0,0,5,4,9,10,17,17,23,35,27,57,57,100,107,92,91,91,125,141,1008
methods proposed,0,0,0,0,0,0,0,0,0,0,4,0,0,7,4,15,11,21,31,36,54,45,88,136,150,81,79,85,83,77,1007
numerical examples,0,0,0,0,0,0,0,0,0,0,4,7,10,10,12,14,22,28,46,59,38,61,70,84,110,89,83,89,88,82,1006
datasets show,0,0,0,0,0,0,0,0,0,0,0,0,0,0,3,0,20,14,8,29,31,58,118,186,217,70,66,57,62,66,1005
performance compared,0,0,0,0,0,0,0,0,0,0,0,4,0,0,0,8,17,12,13,25,24,53,91,141,148,61,83,83,106,136,1005
unlabeled data,0,0,0,0,0,0,0,0,0,0,0,0,0,5,0,5,28,10,10,26,36,51,92,217,185,67,54,72,74,69,1001
outperforms stateoftheart,0,0,0,0,0,0,0,0,0,0,0,0,0,0,0,0,4,12,16,12,35,49,98,210,219,52,53,65,72,101,998
regression function,0,0,0,0,0,0,0,0,5,14,16,20,38,14,24,51,29,48,35,43,41,72,43,73,101,81,54,75,48,68,993
deep generative,0,0,0,0,0,0,0,0,0,0,0,0,0,0,0,0,0,0,7,11,31,58,152,182,165,92,70,88,73,63,992
learning method,0,0,0,0,0,0,0,0,0,0,0,0,0,3,0,3,23,14,6,20,25,40,141,183,178,78,74,71,80,52,991
develop novel,0,0,0,0,0,0,0,0,0,0,0,0,0,4,3,7,15,16,16,24,30,44,91,115,151,80,103,82,104,105,990
graphical model,0,0,0,0,0,0,0,0,0,0,0,4,7,7,13,23,73,54,40,39,74,87,77,81,71,72,77,59,63,64,985
asymptotic distribution,0,0,0,0,0,0,0,0,0,6,11,8,24,24,19,38,44,36,44,45,46,55,63,58,88,76,71,56,82,90,984
stochastic block,0,0,0,0,0,0,0,0,0,0,0,0,0,0,0,8,18,24,35,76,57,83,86,77,94,78,84,81,100,82,983
number parameters,0,0,0,0,0,0,0,0,0,0,0,5,10,6,9,12,24,27,16,34,36,65,112,135,131,76,76,61,75,72,982
improve performance,0,0,0,0,0,0,0,0,0,0,0,0,4,4,0,8,9,15,11,19,22,55,112,199,211,67,67,69,58,49,979
propose method,0,0,0,0,0,0,0,0,0,0,0,5,4,3,9,14,21,19,31,30,35,75,115,150,143,61,60,74,68,58,975
measurement error,0,0,0,0,0,0,0,0,0,0,0,10,3,18,24,9,21,13,20,24,41,49,89,86,94,98,83,94,113,86,975
model performance,0,0,0,0,0,0,0,0,0,0,0,0,0,0,0,0,4,6,6,6,9,15,58,127,149,64,104,102,140,184,974
better performance,0,0,0,0,0,0,0,0,0,0,0,4,3,4,5,5,14,13,27,35,26,42,138,178,180,67,60,57,62,52,972
statistical model,0,0,0,0,0,0,0,0,0,4,0,8,5,12,16,22,25,31,42,53,48,67,52,87,98,76,68,87,90,79,970
computationally expensive,0,0,0,0,0,0,0,0,0,0,0,0,0,0,6,9,17,15,19,34,37,52,78,102,131,76,71,95,83,143,968
likelihood function,0,0,0,0,0,0,0,0,3,5,7,13,16,11,8,21,27,40,36,59,56,48,94,85,87,51,63,73,90,74,967
kernel hilbert,0,0,0,0,0,0,0,0,0,0,0,8,8,7,14,13,29,34,27,32,33,44,67,73,100,102,67,105,90,113,966
labeled data,0,0,0,0,0,0,0,0,0,0,0,0,0,0,0,0,25,8,11,20,22,43,126,204,191,40,54,78,55,87,964
signal processing,0,0,0,0,0,0,0,0,0,0,0,0,4,11,21,21,23,41,58,49,57,62,115,105,107,63,42,51,51,82,963
input data,0,0,0,0,0,0,0,0,0,0,0,0,0,0,3,4,9,17,18,23,33,56,116,186,178,62,62,77,63,55,962
feature space,0,0,0,0,0,0,0,0,0,0,0,3,4,3,7,14,30,12,27,25,35,53,84,172,197,67,53,57,58,61,962
classification accuracy,0,0,0,0,0,0,0,0,0,0,0,0,0,0,0,5,11,18,16,30,45,55,138,240,166,50,30,39,47,69,959
discovery rate,0,0,0,0,0,0,0,0,0,6,6,16,19,16,19,22,18,28,38,36,42,52,69,72,58,77,69,81,85,126,955
minimax optimal,0,0,0,0,0,0,0,0,0,0,0,3,0,8,5,10,12,11,24,32,26,46,52,58,108,95,114,119,117,114,954
normal distribution,0,0,0,0,0,0,0,0,0,3,5,8,15,7,17,16,23,32,38,54,46,55,61,78,82,79,92,87,74,81,953
evaluate performance,0,0,0,0,0,0,0,0,0,0,0,3,0,6,3,6,13,17,12,26,43,44,84,119,109,88,75,91,103,111,953
ridge regression,0,0,0,0,0,0,0,0,0,0,0,6,4,5,0,12,23,26,31,30,39,30,67,79,110,91,79,93,114,112,951
independent interest,0,0,0,0,0,0,0,0,0,0,0,6,0,5,10,14,17,19,22,23,45,46,72,63,107,85,101,116,101,97,949
rates convergence,0,0,0,0,0,0,0,0,4,8,17,24,19,22,23,31,52,37,40,49,60,60,45,66,79,64,56,59,67,63,945
new class,0,0,0,0,0,0,0,0,0,5,3,7,7,7,13,21,42,16,32,61,46,67,79,74,104,72,77,67,55,85,940
survival analysis,0,0,0,0,0,0,0,0,0,0,3,6,3,7,10,9,12,6,6,20,34,35,61,44,103,80,98,114,119,166,936
models trained,0,0,0,0,0,0,0,0,0,0,0,0,0,0,0,0,0,0,3,13,14,36,90,153,192,73,62,80,113,106,935
regression coefficients,0,0,0,0,0,0,0,0,0,0,7,0,12,11,14,13,24,31,26,32,54,69,62,79,109,73,92,63,80,83,934
total variation,0,0,0,0,0,0,0,0,3,0,0,0,0,15,12,12,14,30,37,33,65,48,75,106,84,80,72,80,87,79,932
learning approaches,0,0,0,0,0,0,0,0,0,0,0,0,0,0,0,0,8,14,6,9,11,46,107,189,205,61,60,57,62,92,927
paper studies,0,0,0,0,0,0,0,0,0,3,0,6,6,6,18,17,22,26,27,25,43,40,59,106,99,84,84,88,84,77,920
kullbackleibler divergence,0,0,0,0,0,0,0,0,0,0,0,0,6,3,22,10,18,21,29,33,51,36,66,90,88,78,66,86,100,116,919
spectral clustering,0,0,0,0,0,0,0,0,0,0,0,0,9,0,19,14,29,51,34,40,39,66,89,118,147,56,72,34,56,43,916
model misspecification,0,0,0,0,0,0,0,0,0,0,0,0,4,5,4,7,9,16,27,21,28,39,42,66,72,114,89,102,102,168,915
data often,0,0,0,0,0,0,0,0,0,0,0,0,0,0,8,5,18,19,31,26,29,53,66,82,98,67,84,93,106,130,915
multivariate time,0,0,0,0,0,0,0,0,0,0,0,6,4,6,0,5,17,18,12,26,40,30,66,74,149,89,68,96,97,112,915
data collection,0,0,0,0,0,0,0,0,0,0,0,0,0,4,3,9,14,8,14,11,15,28,70,112,131,79,96,96,107,113,910
using deep,0,0,0,0,0,0,0,0,0,0,0,0,0,0,0,0,0,3,0,17,34,66,175,225,184,55,39,39,38,35,910
estimation procedure,0,0,0,0,0,0,0,0,0,4,7,9,19,16,13,21,36,34,31,47,42,48,61,81,54,80,71,66,85,84,909
public health,0,0,0,0,0,0,0,0,0,0,0,3,0,0,3,5,8,10,21,24,23,34,39,75,132,76,90,95,109,162,909
principal components,0,0,0,0,0,0,0,0,0,0,0,7,19,15,12,13,37,49,45,45,41,67,46,77,69,71,67,68,90,69,907
markov models,0,0,0,0,0,0,0,0,6,10,0,16,11,20,21,37,62,48,42,51,61,69,67,56,55,61,50,54,58,51,906
structure learning,0,0,0,0,0,0,0,0,0,0,0,0,0,0,7,11,55,16,23,48,23,49,62,106,109,88,69,108,81,51,906
perform well,0,0,0,0,0,0,0,0,0,0,0,3,4,5,7,8,20,20,28,24,36,61,82,137,148,77,64,60,64,58,906
apply method,0,0,0,0,0,0,0,0,0,0,0,3,0,5,10,13,19,23,29,34,41,46,73,92,94,73,72,69,115,94,905
dirichlet process,0,0,0,0,0,0,0,0,0,8,6,11,7,11,15,27,66,42,54,59,58,40,69,58,74,41,65,66,54,65,896
process regression,0,0,0,0,0,0,0,0,0,0,0,0,0,0,0,11,20,28,28,35,36,60,74,80,116,79,82,69,100,78,896
method outperforms,0,0,0,0,0,0,0,0,0,0,0,0,0,0,0,0,14,9,8,28,26,35,88,155,141,67,66,85,78,92,892
knowledge first,0,0,0,0,0,0,0,0,0,0,0,0,0,0,6,5,10,10,15,25,33,51,92,135,133,59,78,74,79,86,891
stochastic processes,0,0,0,0,0,0,0,0,0,7,6,7,20,12,14,17,29,16,15,36,36,49,68,67,93,83,84,72,84,74,889
empirical bayes,0,0,0,0,0,0,0,0,0,0,0,12,20,6,12,14,24,21,51,44,44,65,61,67,71,63,64,64,52,132,887
multitask learning,0,0,0,0,0,0,0,0,0,0,0,0,0,8,4,5,27,17,17,19,23,66,142,143,168,53,51,51,35,54,883
network architecture,0,0,0,0,0,0,0,0,0,0,0,0,0,0,0,0,0,0,4,6,20,71,132,221,197,55,35,46,42,54,883
data sources,0,0,0,0,0,0,0,0,0,0,0,0,0,0,0,4,10,30,18,20,18,30,78,81,105,83,74,88,124,118,881
count data,0,0,0,0,0,0,0,0,0,0,3,0,13,4,6,5,9,25,30,27,43,50,57,64,95,81,71,83,113,101,880
wide variety,0,0,0,0,0,0,0,0,0,0,3,5,4,3,3,10,26,27,29,31,47,60,88,126,124,81,54,51,58,50,880
function approximation,0,0,0,0,0,0,0,0,0,0,0,0,0,0,0,0,9,7,5,6,13,19,43,130,120,135,112,118,95,68,880
classification problems,0,0,0,0,0,0,0,0,0,0,0,4,0,5,0,8,21,15,29,47,47,50,102,125,142,76,48,59,54,47,879
show approach,0,0,0,0,0,0,0,0,0,0,0,3,0,4,7,10,10,26,14,17,34,43,104,190,129,58,48,59,53,66,875
estimation methods,0,0,0,0,0,0,0,0,0,0,3,7,16,4,11,9,19,21,27,30,31,39,52,64,90,69,74,100,101,108,875
fisher information,0,0,0,0,0,0,0,0,7,12,6,10,14,6,22,21,31,43,16,47,33,47,66,64,65,70,76,64,63,90,873
conditional distribution,0,0,0,0,0,0,0,0,0,5,4,11,15,8,12,13,21,31,23,25,46,43,42,54,83,66,77,69,122,102,872
random field,0,0,0,0,0,0,0,0,0,4,7,10,21,11,23,30,41,32,61,49,52,57,43,66,71,51,66,54,66,54,869
united states,0,0,0,0,0,0,0,0,0,0,3,7,6,6,3,15,9,11,14,16,17,37,58,67,132,91,89,101,78,109,869
data demonstrate,0,0,0,0,0,0,0,0,0,0,0,3,3,0,5,4,17,20,22,32,23,44,65,98,121,74,76,70,78,113,868
regret bounds,0,0,0,0,0,0,0,0,0,0,0,0,0,4,5,11,19,15,17,21,16,30,67,91,126,78,94,96,70,108,868
sequential monte,0,0,0,0,0,0,0,0,0,0,0,0,10,6,16,26,26,51,52,61,61,61,58,52,42,44,64,63,72,99,864
exponential family,0,0,0,0,0,0,0,0,0,0,4,0,7,13,22,21,34,37,38,53,62,55,59,63,65,67,71,63,60,68,862
variational autoencoders,0,0,0,0,0,0,0,0,0,0,0,0,0,0,0,0,0,0,0,0,29,47,116,182,168,75,63,70,55,56,861
first time,0,0,0,0,0,0,0,0,0,0,0,7,7,0,9,5,21,18,16,28,35,43,68,104,142,64,54,73,80,85,859
activation functions,0,0,0,0,0,0,0,0,0,0,0,0,0,0,0,0,0,0,4,3,14,40,120,167,184,67,48,71,77,63,858
curse dimensionality,0,0,0,0,0,0,0,0,0,3,0,4,6,4,5,7,9,12,17,29,35,42,53,69,107,96,72,83,97,106,856
observational studies,0,0,0,0,0,0,0,0,3,0,3,0,0,0,4,7,9,9,9,30,32,44,48,75,84,77,96,104,117,105,856
network architectures,0,0,0,0,0,0,0,0,0,0,0,0,0,0,0,0,0,0,4,10,14,53,141,212,176,56,52,47,48,35,848
nonconvex optimization,0,0,0,0,0,0,0,0,0,0,0,0,0,0,0,4,5,11,17,29,57,88,103,136,113,61,60,59,52,53,848
orders magnitude,0,0,0,0,0,0,0,0,0,0,0,0,0,5,6,6,13,19,25,19,48,58,93,119,140,67,58,51,51,69,847
gaussian noise,0,0,0,0,0,0,0,0,0,0,5,5,13,13,29,16,26,33,30,34,49,40,58,71,82,67,59,50,80,87,847
novel framework,0,0,0,0,0,0,0,0,0,0,0,0,0,0,0,0,12,6,11,15,20,29,60,84,117,34,53,63,140,202,846
longitudinal data,0,0,0,0,0,0,0,0,0,0,8,6,4,3,13,13,22,24,21,34,28,30,65,54,69,70,71,85,107,118,845
network structure,0,0,0,0,0,0,0,0,0,0,0,0,0,4,12,17,37,26,31,46,41,62,103,109,110,48,48,34,59,58,845
bayesian neural,0,0,0,0,0,0,0,0,0,0,0,0,0,0,0,0,0,0,0,5,9,27,80,124,132,114,78,102,85,88,844
demonstrate method,0,0,0,0,0,0,0,0,0,0,0,0,0,0,5,6,8,8,18,22,30,39,71,92,120,55,40,62,108,158,842
prediction error,0,0,0,0,0,0,0,0,0,9,0,7,3,9,3,9,20,26,24,26,40,43,67,81,99,64,65,68,89,89,841
marginal likelihood,0,0,0,0,0,0,0,0,0,0,0,0,7,9,15,21,22,50,33,51,40,67,67,90,61,64,60,57,67,59,840
practical applications,0,0,0,0,0,0,0,0,4,0,0,6,0,0,5,14,13,9,21,25,38,27,71,83,107,64,42,75,127,108,839
paper investigate,0,0,0,0,0,0,0,0,0,0,0,5,10,5,9,8,21,25,25,22,29,50,75,109,109,55,69,59,67,86,838
estimation method,0,0,0,0,0,0,0,0,0,0,0,8,7,5,8,15,17,17,25,33,53,53,67,58,83,71,74,83,77,84,838
learning based,0,0,0,0,0,0,0,0,0,0,0,0,0,0,7,0,9,3,8,10,22,41,139,220,186,56,53,32,26,25,837
language processing,0,0,0,0,0,0,0,0,0,0,0,0,0,0,0,0,4,12,13,12,22,48,124,171,154,44,67,65,57,43,836
message passing,0,0,0,0,0,0,0,0,0,0,0,0,0,0,0,13,20,19,18,34,37,41,62,89,128,84,70,85,83,52,835
problem learning,0,0,0,0,0,0,0,0,0,0,0,0,0,0,11,11,30,22,24,28,32,51,101,129,137,55,54,59,50,41,835
inference methods,0,0,0,0,0,0,0,0,0,0,0,0,7,0,0,9,21,15,22,28,34,44,73,67,83,58,74,92,101,106,834
optimization algorithms,0,0,0,0,0,0,0,0,0,0,0,0,0,0,7,9,15,6,14,19,48,53,77,138,151,59,59,62,57,60,834
mild conditions,0,0,0,0,0,0,0,0,0,0,7,7,13,4,11,15,18,21,26,34,26,53,53,58,76,80,70,88,78,95,833
paper provide,0,0,0,0,0,0,0,0,0,4,4,5,8,10,10,15,21,24,31,43,38,36,79,93,111,54,56,61,65,65,833
block model,0,0,0,0,0,0,0,0,0,0,0,0,0,0,4,12,19,16,34,71,46,62,69,75,89,67,68,63,74,63,832
prior information,0,0,0,0,0,0,0,0,0,0,7,17,11,8,8,27,25,35,22,29,54,68,50,82,69,56,69,57,75,60,829
results obtained,0,0,0,0,0,0,0,0,0,0,9,8,13,13,11,16,30,34,34,28,42,44,86,123,85,63,47,44,54,44,828
brownian motion,0,0,0,0,0,0,0,0,0,0,10,8,24,38,33,38,15,42,20,33,47,53,39,55,66,58,59,59,55,76,828
bayesian networks,0,0,0,0,0,0,0,0,0,0,0,8,0,6,11,7,105,70,33,34,35,32,59,51,69,68,62,50,61,66,827
variational autoencoder,0,0,0,0,0,0,0,0,0,0,0,0,0,0,0,0,0,0,0,4,29,44,107,209,164,44,51,72,55,48,827
closed form,0,0,0,0,0,0,0,0,0,0,6,4,6,8,14,7,31,35,38,36,52,45,62,79,93,69,56,66,64,55,826
predictive models,0,0,0,0,0,0,0,0,0,0,0,0,0,0,0,0,4,10,13,24,33,51,100,107,123,57,68,67,84,83,824
mean square,0,0,0,0,0,0,0,0,0,0,4,7,9,10,15,23,19,33,48,45,42,64,80,77,70,52,50,64,54,55,821
inverse problem,0,0,0,0,0,0,0,0,0,3,4,0,5,16,8,18,18,38,28,34,46,52,50,70,89,52,81,57,74,78,821
data model,0,0,0,0,0,0,0,0,0,0,0,4,0,3,4,5,14,16,14,27,28,57,67,89,123,58,70,70,78,93,820
dependence structure,0,0,0,0,0,0,0,0,0,0,3,7,8,7,4,12,24,32,43,34,49,50,42,49,69,66,76,82,78,85,820
models used,0,0,0,0,0,0,0,0,0,0,4,4,5,0,9,14,16,23,18,22,41,55,65,94,127,72,73,61,60,54,817
network data,0,0,0,0,0,0,0,0,0,0,0,0,0,0,20,11,29,22,34,21,24,57,71,89,95,61,63,88,73,59,817
doubly robust,0,0,0,0,0,0,0,0,0,0,0,0,0,0,0,0,0,0,0,28,16,34,46,56,73,72,108,113,115,152,813
prediction models,0,0,0,0,0,0,0,0,0,0,0,0,0,3,3,0,0,4,5,14,20,42,58,116,132,70,76,78,102,90,813
method applied,0,0,0,0,0,0,0,0,0,0,4,6,5,9,10,14,16,37,27,42,42,46,65,78,102,70,64,54,67,54,812
extensive simulations,0,0,0,0,0,0,0,0,0,0,0,0,0,0,0,4,5,9,15,20,20,31,34,59,59,55,68,80,110,241,810
factor analysis,0,0,0,0,0,0,0,0,0,0,0,0,4,9,6,17,11,26,30,28,39,49,52,78,81,49,59,67,110,95,810
number clusters,0,0,0,0,0,0,0,0,0,0,0,0,3,5,10,7,23,30,49,29,57,62,56,89,90,35,71,69,54,69,808
work present,0,0,0,0,0,0,0,0,0,0,0,0,0,0,0,3,10,7,12,12,33,40,88,152,129,61,48,66,60,86,807
unified framework,0,0,0,0,0,0,0,0,0,0,0,3,4,4,7,4,8,17,16,20,25,42,65,83,95,50,51,56,80,174,804
random matrix,0,0,0,0,0,0,0,0,0,3,11,0,6,12,9,23,18,27,30,47,48,42,52,49,74,74,53,53,85,87,803
also demonstrate,0,0,0,0,0,0,0,0,0,0,0,0,4,4,6,11,17,21,15,17,31,46,83,117,122,68,58,62,68,51,801
variance reduction,0,0,0,0,0,0,0,0,0,0,0,6,7,0,5,0,0,5,18,25,35,52,89,99,104,65,55,76,85,75,801
policy gradient,0,0,0,0,0,0,0,0,0,0,0,0,0,0,0,0,0,0,0,6,11,29,139,212,187,32,24,45,58,57,800
numerical studies,0,0,0,0,0,0,0,0,0,0,0,0,0,3,9,3,11,16,16,19,39,44,48,61,67,69,86,103,109,97,800
compare performance,0,0,0,0,0,0,0,0,0,0,0,4,7,7,11,13,15,21,17,33,30,45,70,107,98,62,69,59,71,60,799
compared stateoftheart,0,0,0,0,0,0,0,0,0,0,0,0,0,0,0,0,8,7,13,17,29,37,92,143,151,73,49,64,67,48,798
method called,0,0,0,0,0,0,0,0,0,0,0,0,3,0,6,7,11,20,11,41,31,43,77,112,132,61,64,74,65,40,798
regression problems,0,0,0,0,0,0,0,0,0,0,0,6,7,13,16,9,14,24,24,42,17,53,64,90,102,77,51,70,68,51,798
proposed algorithms,0,0,0,0,0,0,0,0,0,0,0,0,0,3,3,9,14,11,30,26,49,50,81,117,113,61,61,62,62,44,796
recommender systems,0,0,0,0,0,0,0,0,0,0,0,0,0,0,0,4,11,6,25,8,33,41,109,174,185,47,42,40,32,38,795
regret bound,0,0,0,0,0,0,0,0,0,0,0,0,0,0,0,5,10,11,6,12,17,31,51,93,115,77,80,98,96,92,794
value function,0,0,0,0,0,0,0,0,0,0,0,0,0,0,0,0,17,13,11,5,16,25,75,167,146,85,65,50,71,47,793
multiarmed bandit,0,0,0,0,0,0,0,0,0,0,0,0,0,0,0,14,17,23,5,37,17,48,70,121,126,66,68,88,35,56,791
large class,0,0,0,0,0,0,0,0,0,9,9,9,7,9,18,18,28,34,27,34,48,42,76,76,79,74,58,51,49,36,791
approach using,0,0,0,0,0,0,0,0,0,0,0,0,0,0,4,10,14,17,22,20,31,50,87,106,120,55,58,56,72,68,790
model trained,0,0,0,0,0,0,0,0,0,0,0,0,0,0,0,0,3,3,4,9,13,40,91,158,166,61,54,52,75,60,789
random walk,0,0,0,0,0,0,0,0,0,0,7,7,3,11,30,22,43,38,35,38,36,44,59,75,85,41,61,35,36,81,787
problem propose,0,0,0,0,0,0,0,0,0,0,0,3,0,7,4,6,14,15,19,20,26,45,86,132,137,54,54,63,49,53,787
performs well,0,0,0,0,0,0,0,0,0,0,5,4,7,8,11,11,22,21,36,34,33,52,71,90,91,62,57,50,62,60,787
data available,0,0,0,0,0,0,0,0,0,0,0,0,10,6,8,8,16,14,29,32,29,32,83,98,119,57,67,66,58,53,785
nonparametric estimation,0,0,0,0,0,0,0,3,0,11,8,20,22,20,24,21,27,25,35,43,32,52,38,46,50,58,50,47,72,79,783
social networks,0,0,0,0,0,0,0,0,0,0,0,0,0,0,31,13,23,24,35,27,65,68,88,106,87,47,45,44,52,27,782
effect estimation,0,0,0,0,0,0,0,0,0,0,0,0,0,0,0,3,0,0,3,4,16,9,20,32,96,48,85,161,156,149,782
training deep,0,0,0,0,0,0,0,0,0,0,0,0,0,0,0,0,0,0,7,24,22,63,135,203,169,45,33,28,30,23,782
even though,0,0,0,0,0,0,0,0,0,0,0,3,6,0,5,8,11,18,25,26,45,54,86,100,115,64,56,56,54,49,781
good performance,0,0,0,0,0,0,0,0,0,0,0,0,3,6,8,13,23,19,20,34,35,54,92,111,108,53,56,49,55,42,781
across various,0,0,0,0,0,0,0,0,0,0,0,0,0,0,0,0,0,0,0,4,4,5,18,29,45,26,30,99,305,214,779
linear mixed,0,0,0,0,0,0,0,0,0,0,0,5,10,0,14,10,28,27,30,30,42,45,57,66,49,68,71,73,79,72,776
kernel density,0,0,0,0,0,0,0,0,0,5,7,11,15,5,19,16,30,30,28,37,44,74,59,60,67,27,68,48,53,73,776
often used,0,0,0,0,0,0,0,0,0,0,0,0,6,6,12,11,13,31,19,26,38,35,66,87,94,62,63,64,74,66,773
artificial neural,0,0,0,0,0,0,0,0,0,0,0,0,3,0,0,0,8,3,14,7,29,70,114,157,148,63,48,49,31,28,772
large sample,0,0,0,0,0,0,0,0,0,5,5,15,9,11,10,16,31,23,25,29,29,49,60,45,77,64,67,59,74,69,772
low rank,0,0,0,0,0,0,0,0,0,0,0,0,0,0,10,14,17,46,53,66,43,83,55,84,103,38,34,35,49,42,772
directed acyclic,0,0,0,0,0,0,0,0,0,0,0,0,4,12,0,15,41,38,22,18,20,34,37,60,64,60,80,87,88,91,771
identically distributed,0,0,0,0,0,0,0,0,0,8,9,9,13,13,17,19,26,28,28,37,33,40,42,61,77,54,46,65,77,68,770
network model,0,0,0,0,0,0,0,0,0,0,0,0,0,4,8,0,10,11,11,15,33,44,109,163,138,49,39,51,37,47,769
regularity conditions,0,0,0,0,0,0,0,0,4,4,7,10,6,17,11,20,19,21,22,36,60,33,37,49,54,55,58,60,77,108,768
results also,0,0,0,0,0,0,0,0,0,5,4,9,8,8,10,12,18,20,36,24,28,37,68,88,88,73,51,61,63,57,768
used estimate,0,0,0,0,0,0,0,0,4,0,4,5,6,9,9,10,20,26,33,27,31,37,55,79,99,48,56,67,81,62,768
kalman filter,0,0,0,0,0,0,0,0,0,0,0,4,0,0,0,0,14,22,31,51,30,62,66,87,64,66,50,65,82,73,767
broad class,0,0,0,0,0,0,0,0,0,4,3,3,0,5,6,9,24,14,16,28,39,30,48,49,79,51,55,70,91,142,766
probability measures,0,0,0,0,0,0,0,0,0,3,0,4,0,15,9,12,18,25,21,38,25,25,42,47,94,57,82,88,68,92,765
data also,0,0,0,0,0,0,0,0,0,0,0,0,5,4,11,8,20,23,22,29,35,53,82,80,102,64,57,53,65,52,765
work introduce,0,0,0,0,0,0,0,0,0,0,0,0,0,0,0,3,3,9,6,11,17,28,76,99,95,49,51,74,100,143,764
predictive accuracy,0,0,0,0,0,0,0,0,0,0,0,0,0,0,3,4,9,7,10,26,25,33,61,89,70,53,37,53,97,187,764
optimization algorithm,0,0,0,0,0,0,0,0,0,0,0,0,4,5,5,7,8,12,9,26,31,38,70,126,128,63,63,59,52,55,761
model used,0,0,0,0,0,0,0,0,0,0,0,0,0,4,7,7,16,15,24,35,39,41,82,107,110,50,56,50,62,55,760
however many,0,0,0,0,0,0,0,0,0,0,0,0,0,5,9,7,12,7,18,23,30,30,68,103,112,68,61,70,69,67,759
propose simple,0,0,0,0,0,0,0,0,0,0,0,0,0,0,9,3,13,21,18,23,36,40,71,104,130,52,57,68,56,58,759
significantly outperforms,0,0,0,0,0,0,0,0,0,0,0,0,0,0,0,0,6,12,16,17,28,45,93,155,151,44,39,39,46,68,759
bayesian computation,0,0,0,0,0,0,0,0,0,0,0,0,12,10,7,25,30,29,42,57,59,59,58,68,59,40,55,45,58,45,758
also present,0,0,0,0,0,0,0,0,0,3,5,3,5,5,11,18,25,20,27,35,33,38,71,99,107,50,55,36,52,59,757
generalization performance,0,0,0,0,0,0,0,0,0,0,0,0,0,0,0,0,12,12,10,20,7,28,90,114,127,67,68,74,74,53,756
using bayesian,0,0,0,0,0,0,0,0,0,0,0,6,3,0,6,14,14,29,24,31,25,34,67,81,74,62,67,63,75,81,756
propose use,0,0,0,0,0,0,0,0,0,0,0,5,3,4,8,6,21,14,20,26,39,57,103,98,123,54,50,57,39,27,754
continual learning,0,0,0,0,0,0,0,0,0,0,0,0,0,0,0,0,0,0,0,0,0,14,61,174,223,48,49,52,48,83,752
hamiltonian monte,0,0,0,0,0,0,0,0,0,0,0,0,0,0,0,6,9,14,31,26,37,63,57,61,69,95,66,67,72,78,751
proposed estimators,0,0,0,0,0,0,0,0,0,0,0,7,9,8,12,12,14,16,33,31,32,48,53,40,80,59,72,51,97,73,747
gaussian random,0,0,0,0,0,0,0,0,0,0,6,8,10,11,7,22,28,39,44,39,35,48,47,59,55,54,53,48,56,77,746
asymptotically normal,0,0,0,0,0,0,0,0,4,7,7,10,10,12,17,11,27,17,17,28,34,39,37,46,62,61,65,68,81,86,746
data used,0,0,0,0,0,0,0,0,0,0,0,4,8,3,5,5,13,18,16,26,29,46,69,104,94,71,63,68,51,50,743
thompson sampling,0,0,0,0,0,0,0,0,0,0,0,0,0,0,0,0,9,26,16,13,18,41,56,97,107,76,65,71,76,72,743
small sample,0,0,0,0,0,0,0,0,0,0,3,3,15,4,8,16,15,28,19,27,36,46,53,59,77,62,57,64,76,75,743
important role,0,0,0,0,0,0,0,0,0,0,5,3,6,4,15,15,14,14,23,28,29,36,74,108,124,58,48,45,52,41,742
paper considers,0,0,0,0,0,0,0,0,0,3,4,5,6,12,12,21,29,35,36,33,56,39,60,74,71,46,59,54,51,36,742
estimation problem,0,0,0,0,0,0,0,0,0,0,5,5,8,11,12,17,29,31,30,41,37,47,68,60,60,69,52,51,55,53,741
clinical trial,0,0,0,0,0,0,0,0,0,0,0,0,0,4,8,7,11,7,17,12,23,36,27,61,81,68,93,73,112,100,740
first step,0,0,0,0,0,0,0,0,0,0,6,0,4,6,6,5,20,21,15,19,29,46,63,101,101,85,55,61,54,40,737
social media,0,0,0,0,0,0,0,0,0,0,0,0,0,0,0,0,4,8,17,21,41,28,89,154,115,54,47,54,55,50,737
large data,0,0,0,0,0,0,0,0,0,0,3,4,4,3,9,10,17,15,37,35,47,61,89,85,90,53,41,52,45,36,736
methods used,0,0,0,0,0,0,0,0,0,0,4,3,7,6,4,10,14,26,24,30,34,30,58,87,92,56,74,60,57,59,735
summary statistics,0,0,0,0,0,0,0,0,0,0,0,0,7,0,14,13,17,28,13,51,52,25,47,55,64,46,87,66,82,68,735
process model,0,0,0,0,0,0,0,0,0,0,0,6,9,8,13,12,17,22,24,24,40,57,42,91,74,68,61,67,49,50,734
decision trees,0,0,0,0,0,0,0,0,0,0,0,0,0,0,0,4,12,15,10,19,23,55,64,134,128,63,48,43,54,62,734
graph convolutional,0,0,0,0,0,0,0,0,0,0,0,0,0,0,0,0,0,0,0,0,5,29,112,256,214,31,18,15,28,26,734
outlier detection,0,0,0,0,0,0,0,0,0,0,0,0,0,0,7,0,4,7,12,28,43,49,65,89,103,85,35,67,43,97,734
networks dnns,0,0,0,0,0,0,0,0,0,0,0,0,0,0,0,0,0,0,0,7,8,30,125,177,206,27,46,35,41,30,732
address challenges,0,0,0,0,0,0,0,0,0,0,0,0,0,0,0,0,0,5,0,6,10,18,27,56,89,26,48,84,138,224,731
gaussian distribution,0,0,0,0,0,0,0,0,0,4,0,3,6,9,5,6,26,24,22,24,39,50,62,60,75,56,67,73,65,55,731
model also,0,0,0,0,0,0,0,0,0,0,4,9,8,8,8,9,20,22,24,24,30,52,80,68,106,58,56,45,56,43,730
upper lower,0,0,0,0,0,0,0,0,0,0,0,3,6,5,6,18,18,16,26,27,32,35,40,50,71,57,61,74,73,112,730
optimization methods,0,0,0,0,0,0,0,0,0,0,0,0,0,0,4,4,15,13,11,26,37,45,74,112,129,46,43,48,68,53,728
data propose,0,0,0,0,0,0,0,0,0,0,0,0,3,6,3,10,10,12,26,14,32,47,49,88,107,70,54,61,58,78,728
high accuracy,0,0,0,0,0,0,0,0,4,0,0,0,0,0,0,0,7,8,12,24,20,41,96,153,128,53,43,43,42,54,728
class models,0,0,0,0,0,0,0,0,0,6,3,9,5,5,6,21,32,30,30,39,50,48,48,46,70,65,61,59,41,53,727
existing algorithms,0,0,0,0,0,0,0,0,0,0,0,0,4,4,6,9,15,13,15,27,30,43,64,97,114,57,50,57,67,55,727
stochastic process,0,0,0,0,0,0,0,0,0,0,0,9,12,15,17,16,29,21,27,27,36,43,60,44,63,48,61,60,70,69,727
demonstrate approach,0,0,0,0,0,0,0,0,0,0,0,0,0,3,7,0,8,8,12,16,23,42,65,104,98,49,66,56,65,103,725
solve problem,0,0,0,0,0,0,0,0,0,0,0,3,3,5,0,9,14,17,20,17,26,41,75,124,143,57,50,45,41,35,725
finally show,0,0,0,0,0,0,0,0,0,0,0,0,0,7,6,10,12,19,17,27,25,34,68,102,123,57,61,58,54,44,724
generative modeling,0,0,0,0,0,0,0,0,0,0,0,0,0,0,0,0,0,0,0,0,0,32,47,65,74,37,70,123,103,173,724
causal models,0,0,0,0,0,0,0,0,0,0,0,0,0,3,0,4,24,8,5,4,16,15,34,65,77,62,74,108,124,100,723
normalizing flows,0,0,0,0,0,0,0,0,0,0,0,0,0,0,0,0,0,0,0,0,6,0,16,58,183,100,101,94,80,83,721
also known,0,0,0,0,0,0,0,0,0,3,0,3,6,4,6,12,13,15,19,21,21,34,49,98,89,60,55,71,75,66,720
models often,0,0,0,0,0,0,0,0,0,0,0,0,0,4,3,6,12,15,13,14,23,32,54,64,96,59,53,59,90,121,718
number observations,0,0,0,0,0,0,0,0,0,4,6,8,14,12,14,19,37,40,36,47,48,47,41,54,64,48,44,41,62,32,718
carlo methods,0,0,0,0,0,0,0,0,0,0,3,9,3,10,19,22,27,37,31,48,50,50,39,39,63,51,42,47,68,59,717
posterior inference,0,0,0,0,0,0,0,0,0,0,0,3,0,3,0,8,21,19,23,46,35,41,29,65,69,49,64,67,80,95,717
learning applications,0,0,0,0,0,0,0,0,0,0,0,0,0,0,0,0,4,8,8,21,22,29,79,115,138,66,55,55,67,47,714
bayesian hierarchical,0,0,0,0,0,0,0,0,0,0,0,8,0,6,0,15,20,14,26,42,30,37,45,55,76,52,58,53,66,109,712
main result,0,0,0,0,0,0,0,0,0,3,4,8,11,17,12,20,17,16,19,24,39,33,36,68,63,55,77,63,62,64,711
three different,0,0,0,0,0,0,0,0,0,0,0,6,7,0,3,7,10,21,13,24,34,43,78,119,110,48,59,45,49,35,711
particular show,0,0,0,0,0,0,0,0,0,0,3,6,4,5,7,12,27,22,26,33,31,36,67,66,79,65,63,54,52,51,709
kernel methods,0,0,0,0,0,0,0,0,0,0,0,7,0,4,9,11,7,9,27,31,43,47,57,70,95,55,50,59,53,74,708
gaussian graphical,0,0,0,0,0,0,0,0,0,0,0,0,10,11,18,12,40,41,39,52,35,44,72,57,40,46,46,63,47,35,708
new model,0,0,0,0,0,0,0,0,0,0,0,0,8,0,6,6,22,26,25,29,49,54,62,92,89,51,53,32,57,46,707
changepoint detection,0,0,0,0,0,0,0,0,0,0,5,0,0,3,3,11,21,16,10,32,46,28,47,56,83,82,67,53,80,63,706
social network,0,0,0,0,0,0,0,0,0,0,0,0,8,4,22,13,29,27,32,39,58,53,81,78,81,30,35,37,47,31,705
decision processes,0,0,0,0,0,0,0,0,0,0,0,0,0,3,0,0,14,9,5,8,21,17,45,112,118,67,81,69,66,69,704
training time,0,0,0,0,0,0,0,0,0,0,0,0,0,0,0,4,0,4,7,9,17,22,95,174,183,42,28,35,50,34,704
lowrank matrix,0,0,0,0,0,0,0,0,0,0,0,0,0,0,6,24,21,37,41,43,39,69,66,45,86,65,45,33,46,37,703
carlo simulation,0,0,0,0,0,0,0,0,0,0,0,7,9,6,8,8,17,23,23,35,39,43,40,53,66,48,55,61,84,76,701
point view,0,0,0,0,0,0,0,0,0,0,7,9,16,10,24,12,28,30,27,37,26,42,78,70,90,52,43,39,40,21,701
general class,0,0,0,0,0,0,0,0,3,3,5,4,11,10,7,13,26,28,33,39,33,38,48,56,77,61,38,58,51,59,701
information criterion,0,0,0,0,0,0,0,0,0,0,4,8,5,6,19,13,24,22,34,45,34,34,47,55,59,58,56,51,55,72,701
consistency asymptotic,0,0,0,0,0,0,0,0,0,11,5,13,12,7,15,14,22,24,18,29,36,40,41,32,47,53,55,59,69,98,700
method used,0,0,0,0,0,0,0,0,3,0,6,8,7,5,6,13,12,21,25,29,35,37,76,92,89,59,46,49,48,34,700
convolutional networks,0,0,0,0,0,0,0,0,0,0,0,0,0,0,0,0,0,0,0,9,22,51,125,217,164,33,16,19,22,19,697
demonstrate performance,0,0,0,0,0,0,0,0,0,0,0,0,3,3,5,4,15,19,24,23,25,43,64,83,75,63,58,54,70,66,697
algorithm achieves,0,0,0,0,0,0,0,0,0,0,0,0,0,0,0,0,7,13,9,15,26,30,66,86,104,63,63,55,73,84,694
second order,0,0,0,0,0,0,0,0,0,0,4,14,7,16,14,10,15,36,40,41,34,26,71,91,99,44,47,25,30,30,694
provide new,0,0,0,0,0,0,0,0,0,4,0,5,4,5,4,12,20,19,24,18,27,40,59,75,84,59,59,50,67,58,693
improved performance,0,0,0,0,0,0,0,0,0,0,0,0,3,4,0,6,11,14,8,17,26,35,82,108,93,48,54,63,65,56,693
method achieves,0,0,0,0,0,0,0,0,0,0,0,0,0,0,4,7,10,3,8,13,20,33,64,108,101,36,41,49,69,127,693
compressed sensing,0,0,0,0,0,0,0,0,0,0,0,0,7,10,17,42,34,74,45,59,53,34,60,63,57,42,39,21,18,17,692
necessary sufficient,0,0,0,0,0,0,0,0,0,5,6,0,11,15,10,20,20,25,31,30,28,43,34,49,64,47,54,62,59,79,692
future research,0,0,0,0,0,0,0,0,0,0,0,0,0,0,0,0,6,6,9,10,16,40,62,86,98,53,51,62,96,97,692
descent sgd,0,0,0,0,0,0,0,0,0,0,0,0,0,0,0,0,3,3,0,16,20,33,88,99,121,73,56,64,61,55,692
method also,0,0,0,0,0,0,0,0,0,0,3,5,3,0,5,17,22,19,22,29,29,40,57,85,86,53,65,62,45,44,691
carlo simulations,0,0,0,0,0,0,0,0,0,0,0,5,6,11,7,17,17,27,25,29,28,31,42,36,46,57,65,54,77,111,691
feature extraction,0,0,0,0,0,0,0,0,0,0,0,0,0,3,8,0,3,14,14,14,29,60,107,161,108,37,29,29,31,43,690
probabilistic models,0,0,0,0,0,0,0,0,0,0,0,0,0,3,5,9,27,26,21,16,59,43,56,60,77,59,53,53,67,55,689
mixed models,0,0,0,0,0,0,0,0,0,0,0,6,10,0,6,13,17,24,36,34,29,35,57,56,35,65,63,69,67,66,688
extensive numerical,0,0,0,0,0,0,0,0,0,0,0,0,0,0,5,3,7,4,8,17,17,31,35,54,73,56,59,99,99,120,687
challenging problem,0,0,0,0,0,0,0,0,0,0,0,0,4,0,4,6,15,9,19,26,36,42,83,128,95,48,37,39,45,50,686
model data,0,0,0,0,0,0,0,0,0,0,0,5,5,3,8,9,15,18,23,19,34,42,51,71,87,57,69,63,53,54,686
prediction intervals,0,0,0,0,0,0,0,0,0,0,0,0,0,9,0,0,5,0,9,4,13,16,40,65,75,64,69,80,126,111,686
method using,0,0,0,0,0,0,0,0,0,0,0,0,3,8,8,8,12,18,16,30,37,38,61,81,89,34,55,51,62,74,685
propose general,0,0,0,0,0,0,0,0,0,0,3,6,3,5,7,5,13,25,23,27,31,30,66,95,89,54,54,51,41,56,684
empirical performance,0,0,0,0,0,0,0,0,0,0,0,0,0,4,0,4,11,9,8,14,27,39,42,70,80,64,76,72,77,87,684
studies demonstrate,0,0,0,0,0,0,0,0,0,0,0,0,3,3,0,0,10,6,7,5,20,27,28,60,68,53,52,65,107,169,683
data examples,0,0,0,0,0,0,0,0,0,0,0,0,5,7,7,6,12,20,32,34,47,46,45,56,67,66,68,57,68,38,681
theoretical framework,0,0,0,0,0,0,0,0,0,0,0,0,4,0,0,4,12,7,15,16,17,25,49,63,65,44,52,68,91,148,680
many realworld,0,0,0,0,0,0,0,0,0,0,0,0,0,0,0,3,14,7,4,13,14,23,77,108,114,52,66,55,55,74,679
training process,0,0,0,0,0,0,0,0,0,0,0,0,0,0,0,0,0,0,0,4,9,24,102,166,167,43,42,32,54,36,679
classification problem,0,0,0,0,0,0,0,0,0,0,4,3,3,0,0,11,13,16,26,17,17,56,92,141,93,46,37,42,28,34,679
methods often,0,0,0,0,0,0,0,0,0,0,0,3,0,3,0,0,8,0,9,10,16,19,53,63,61,46,45,71,105,167,679
metric learning,0,0,0,0,0,0,0,0,0,0,0,0,0,0,0,0,35,24,22,19,25,26,122,132,140,26,40,39,14,15,679
available data,0,0,0,0,0,0,0,0,0,0,0,0,7,5,9,4,15,16,17,18,26,39,61,78,100,47,52,59,73,52,678
address challenge,0,0,0,0,0,0,0,0,0,0,0,0,0,0,0,0,0,4,7,5,9,20,47,78,83,33,47,70,128,147,678
without requiring,0,0,0,0,0,0,0,0,0,0,0,0,0,0,0,0,5,9,12,20,10,33,41,78,92,37,28,48,78,187,678
variable models,0,0,0,0,0,0,0,0,0,0,0,3,0,0,5,11,19,21,26,33,31,41,72,71,87,36,66,44,54,58,678
data generated,0,0,0,0,0,0,0,0,0,0,0,0,4,4,4,6,13,14,27,27,28,33,44,77,96,56,57,58,61,69,678
learning paper,0,0,0,0,0,0,0,0,0,0,0,0,0,0,0,9,13,9,14,15,26,54,85,127,123,39,37,48,47,31,677
convergence guarantees,0,0,0,0,0,0,0,0,0,0,0,0,0,0,0,3,0,10,8,15,18,22,48,60,81,63,62,84,84,119,677
vector machine,0,0,0,0,0,0,0,0,0,0,0,5,3,8,8,4,22,27,23,25,31,57,98,124,106,40,17,31,26,21,676
sample covariance,0,0,0,0,0,0,0,0,0,0,7,6,5,10,15,27,23,31,36,45,40,50,43,45,41,43,51,55,57,45,675
link prediction,0,0,0,0,0,0,0,0,0,0,0,0,0,0,0,0,12,8,8,14,29,28,102,147,163,45,20,25,36,38,675
training samples,0,0,0,0,0,0,0,0,0,0,0,0,0,0,0,0,6,12,11,17,18,34,83,142,123,38,55,34,44,58,675
learning process,0,0,0,0,0,0,0,0,0,0,0,0,0,0,0,0,5,9,10,4,12,45,78,163,143,31,32,45,51,46,674
first show,0,0,0,0,0,0,0,0,0,3,0,0,0,3,5,6,14,16,15,25,21,26,69,87,88,62,57,66,58,52,673
partially observed,0,0,0,0,0,0,0,0,0,0,0,5,4,6,7,7,12,13,16,19,37,41,38,52,81,75,48,49,78,85,673
random graph,0,0,0,0,0,0,0,0,0,0,0,0,0,7,19,30,16,16,26,43,24,68,41,43,55,57,48,57,57,63,670
efficient algorithms,0,0,0,0,0,0,0,0,0,0,0,0,3,0,8,9,23,21,22,21,39,38,61,68,64,49,52,60,76,56,670
regression problem,0,0,0,0,0,0,0,0,0,0,0,10,6,9,9,10,14,26,19,22,39,42,35,67,79,60,61,71,59,32,670
two types,0,0,0,0,0,0,0,0,0,0,0,0,3,5,13,7,12,14,24,23,25,42,62,91,78,60,44,65,66,35,669
data example,0,0,0,0,0,0,0,0,0,0,0,4,5,6,8,9,17,14,22,28,31,42,53,63,73,72,60,55,63,43,668
paper provides,0,0,0,0,0,0,0,0,0,0,3,4,4,3,10,6,24,22,18,30,33,35,43,65,92,47,50,63,43,70,665
simulation experiments,0,0,0,0,0,0,0,0,0,3,0,4,5,6,5,7,13,6,11,19,28,44,56,42,55,57,62,76,78,87,664
precision matrix,0,0,0,0,0,0,0,0,0,0,0,0,0,0,3,9,15,35,21,56,50,42,43,58,50,70,62,43,51,56,664
generalization bounds,0,0,0,0,0,0,0,0,0,0,0,0,0,0,0,0,8,13,8,4,11,19,33,77,75,79,78,89,90,80,664
experimental data,0,0,0,0,0,0,0,0,0,0,3,3,5,6,7,8,16,21,14,23,32,46,63,57,64,51,68,45,55,76,663
previous works,0,0,0,0,0,0,0,0,0,0,0,0,0,0,3,0,9,6,11,14,18,26,73,111,108,56,65,67,59,37,663
studies show,0,0,0,0,0,0,0,0,0,0,0,0,6,0,5,6,7,13,10,24,30,46,52,71,81,61,67,52,63,69,663
gradient boosting,0,0,0,0,0,0,0,0,0,0,0,0,0,0,0,4,0,0,3,7,10,25,80,98,108,79,63,42,61,83,663
present paper,0,0,0,0,0,0,0,0,0,0,9,11,11,9,18,23,35,35,41,43,49,41,53,51,57,48,38,32,26,32,662
ordinary differential,0,0,0,0,0,0,0,0,0,0,0,0,0,0,5,10,12,9,26,17,27,16,30,64,107,65,66,73,66,69,662
bayesian methods,0,0,0,0,0,0,0,0,0,0,0,4,6,3,5,29,18,22,32,29,30,34,49,53,57,53,45,61,61,71,662
error bound,0,0,0,0,0,0,0,0,0,0,0,0,0,5,0,8,16,9,10,30,29,34,50,81,88,55,59,53,65,70,662
error rates,0,0,0,0,0,0,0,0,0,0,0,0,6,0,5,0,13,20,20,24,30,45,56,71,58,69,54,67,53,71,662
graph structure,0,0,0,0,0,0,0,0,0,0,0,0,0,0,5,5,18,6,5,20,20,31,35,117,152,45,41,46,58,58,662
covid pandemic,0,0,0,0,0,0,0,0,0,0,0,0,0,0,0,0,0,0,0,0,0,0,0,3,190,142,123,92,63,48,661
used model,0,0,0,0,0,0,0,0,0,0,0,4,4,4,6,5,19,21,25,21,35,44,50,76,87,57,55,52,45,51,661
continuous time,0,0,0,0,0,0,0,0,4,4,0,5,11,9,8,12,32,21,17,31,49,32,37,69,65,38,66,52,46,52,660
response variable,0,0,0,0,0,0,0,0,0,0,0,10,7,6,8,9,23,17,33,32,38,23,42,46,61,60,63,54,72,56,660
gibbs sampling,0,0,0,0,0,0,0,0,0,0,5,3,11,0,4,14,31,31,39,47,55,39,56,41,51,54,40,27,62,49,659
new framework,0,0,0,0,0,0,0,0,0,0,0,0,5,0,5,6,18,14,12,27,35,32,57,88,88,57,43,48,57,65,657
learning deep,0,0,0,0,0,0,0,0,0,0,0,0,0,0,0,0,0,5,8,25,24,47,119,144,121,31,42,35,30,26,657
empirical evidence,0,0,0,0,0,0,0,0,0,0,0,0,6,3,8,5,14,12,15,17,27,24,65,76,84,54,60,49,76,62,657
electronic health,0,0,0,0,0,0,0,0,0,0,0,0,0,0,0,0,0,0,5,4,18,33,70,131,99,40,53,57,54,92,656
causal structure,0,0,0,0,0,0,0,0,0,0,0,0,0,0,0,0,13,3,11,10,19,16,17,64,77,59,86,105,101,75,656
also discuss,0,0,0,0,0,0,0,0,0,5,5,5,6,5,9,9,26,28,19,28,38,56,43,74,78,39,53,41,41,45,653
model averaging,0,0,0,0,0,0,0,0,0,0,0,0,0,4,0,8,22,19,31,22,27,40,55,59,64,62,43,57,49,90,652
proposed test,0,0,0,0,0,0,0,0,0,0,0,0,7,7,7,10,9,19,23,21,37,35,49,41,55,55,71,63,66,77,652
vector machines,0,0,0,0,0,0,0,0,0,0,15,9,6,10,12,7,33,28,22,23,42,52,69,106,76,23,33,28,29,28,651
classification performance,0,0,0,0,0,0,0,0,0,0,0,0,0,0,0,0,7,22,9,18,26,46,89,141,115,36,30,32,31,49,651
approach allows,0,0,0,0,0,0,0,0,0,0,0,0,6,3,8,12,17,18,25,25,26,37,59,71,69,59,48,48,67,52,650
prior distributions,0,0,0,0,0,0,0,0,0,0,5,5,7,11,13,16,22,23,22,30,31,47,41,47,51,57,29,63,63,67,650
sample performance,0,0,0,0,0,0,0,0,0,4,0,3,11,10,8,15,14,19,19,26,35,44,36,48,57,55,62,56,69,59,650
results provide,0,0,0,0,0,0,0,0,0,0,0,4,4,0,5,5,15,14,15,18,24,28,43,52,73,50,55,59,68,118,650
estimation inference,0,0,0,0,0,0,0,0,0,0,6,0,0,5,5,7,8,5,7,25,17,30,55,50,51,60,70,80,85,83,649
gradient methods,0,0,0,0,0,0,0,0,0,0,0,0,0,0,0,4,4,7,12,15,39,40,92,110,110,47,46,31,46,46,649
discriminant analysis,0,0,0,0,0,0,0,0,0,0,0,0,3,9,0,13,26,31,30,42,39,39,65,77,73,39,45,27,45,46,649
test data,0,0,0,0,0,0,0,0,0,0,0,0,0,0,0,0,8,11,7,18,21,29,54,107,121,58,49,60,64,42,649
clustering algorithm,0,0,0,0,0,0,0,0,0,0,0,0,3,3,4,11,21,21,16,21,30,32,72,92,104,33,42,52,56,36,649
using simulated,0,0,0,0,0,0,0,0,0,0,0,0,3,5,11,9,18,24,35,32,38,40,35,44,63,61,47,47,65,71,648
singular value,0,0,0,0,0,0,0,0,0,0,7,0,0,6,15,8,16,26,44,26,32,47,66,54,76,38,43,32,65,46,647
empirical likelihood,0,0,0,0,0,0,0,0,0,6,0,11,13,16,17,11,27,51,45,23,44,25,36,33,40,35,52,51,45,66,647
series forecasting,0,0,0,0,0,0,0,0,0,0,0,0,0,0,0,0,3,4,3,5,10,11,27,65,104,81,34,47,129,123,646
model training,0,0,0,0,0,0,0,0,0,0,0,0,0,0,0,0,0,0,0,4,0,14,46,130,130,44,40,64,87,87,646
empirically demonstrate,0,0,0,0,0,0,0,0,0,0,0,0,0,0,0,0,8,6,5,10,9,22,46,98,110,57,62,67,76,70,646
data mining,0,0,0,0,0,0,0,0,0,0,8,0,10,5,3,13,21,21,24,34,27,56,93,134,97,25,17,26,15,17,646
approximation error,0,0,0,0,0,0,0,0,0,0,0,0,0,0,3,5,15,15,14,26,22,33,53,60,88,44,55,53,79,81,646
stateoftheart results,0,0,0,0,0,0,0,0,0,0,0,0,0,0,4,0,6,11,11,14,26,43,96,137,146,36,34,26,27,29,646
neural architecture,0,0,0,0,0,0,0,0,0,0,0,0,0,0,0,0,0,0,0,0,0,5,63,221,226,45,34,17,19,15,645
deep convolutional,0,0,0,0,0,0,0,0,0,0,0,0,0,0,0,0,0,4,7,23,40,109,141,155,94,30,16,11,8,6,644
feature learning,0,0,0,0,0,0,0,0,0,0,0,0,0,0,0,0,16,6,12,24,26,25,62,68,60,25,48,65,100,106,643
prediction performance,0,0,0,0,0,0,0,0,0,0,0,0,0,0,3,5,11,16,14,13,33,43,70,85,90,52,53,48,43,62,641
methods using,0,0,0,0,0,0,0,0,0,0,0,0,0,0,3,4,8,12,19,19,30,36,53,90,90,61,52,47,59,58,641
phase transition,0,0,0,0,0,0,0,0,0,0,0,0,0,8,5,13,8,22,20,48,31,34,36,43,59,68,41,66,64,75,641
factor model,0,0,0,0,0,0,0,0,0,6,0,0,0,3,4,10,9,22,23,17,25,27,32,40,58,59,67,70,94,74,640
models also,0,0,0,0,0,0,0,0,0,0,4,8,0,5,5,5,15,17,19,23,26,33,49,79,86,54,45,53,66,47,639
breast cancer,0,0,0,0,0,0,0,0,0,0,0,0,5,0,10,10,8,23,13,15,22,36,48,77,70,39,37,75,70,80,638
challenging task,0,0,0,0,0,0,0,0,0,0,0,0,0,0,0,0,5,7,6,12,17,22,65,133,111,46,54,56,54,50,638
limit theorems,0,0,0,0,0,0,0,0,0,5,8,16,21,26,16,15,22,26,29,21,42,32,36,51,39,34,39,44,58,58,638
process models,0,0,0,0,0,0,0,0,0,0,0,3,0,5,5,12,17,30,19,20,32,38,46,58,83,42,63,64,49,52,638
asymptotic behavior,0,0,0,0,0,0,0,0,0,6,11,12,16,17,11,22,33,18,27,38,37,34,37,52,49,35,38,34,51,59,637
data distributions,0,0,0,0,0,0,0,0,0,0,0,3,0,0,0,0,6,0,7,5,9,33,46,67,89,39,60,83,90,99,636
algorithm called,0,0,0,0,0,0,0,0,0,0,3,0,0,6,0,8,18,19,9,22,22,33,56,78,117,51,58,46,61,29,636
unknown parameters,0,0,0,0,0,0,0,0,0,0,5,7,6,7,11,12,23,23,27,37,34,47,46,57,57,51,50,51,35,50,636
propose efficient,0,0,0,0,0,0,0,0,0,0,0,0,0,6,5,5,14,14,22,25,38,36,46,94,83,48,49,50,44,56,635
without need,0,0,0,0,0,0,0,0,0,0,0,0,0,0,0,4,8,13,9,13,21,29,66,107,94,52,41,50,81,47,635
search space,0,0,0,0,0,0,0,0,0,0,0,0,0,0,0,0,18,13,9,6,16,29,50,161,136,47,42,29,40,38,634
prediction model,0,0,0,0,0,0,0,0,0,0,0,0,9,0,0,0,0,9,9,8,15,35,49,121,99,41,52,57,64,66,634
strongly convex,0,0,0,0,0,0,0,0,0,0,0,0,0,0,0,0,12,12,14,17,25,53,62,83,101,50,62,62,38,42,633
factor models,0,0,0,0,0,0,0,0,0,0,0,5,0,0,6,10,16,7,16,18,38,27,34,49,52,33,63,72,90,94,630
random vectors,0,0,0,0,0,0,0,0,0,0,4,5,13,3,5,15,21,24,30,28,26,40,47,53,38,53,39,67,63,56,630
target domain,0,0,0,0,0,0,0,0,0,0,0,0,0,0,0,0,7,0,0,7,11,22,102,119,135,27,51,48,43,57,629
gibbs sampler,0,0,0,0,0,0,0,0,0,0,0,12,4,4,6,20,33,20,22,41,27,48,55,32,57,49,39,50,63,46,628
framework based,0,0,0,0,0,0,0,0,0,0,0,0,0,0,0,5,15,15,13,16,23,32,67,64,82,35,52,59,68,82,628
models including,0,0,0,0,0,0,0,0,0,6,0,4,3,6,5,9,8,15,21,24,26,25,54,57,58,49,49,52,71,85,627
uncertainty estimates,0,0,0,0,0,0,0,0,0,0,0,0,0,0,0,3,0,0,7,10,9,20,60,78,70,70,61,76,78,85,627
probabilistic model,0,0,0,0,0,0,0,0,0,0,0,0,4,4,7,6,26,18,23,22,43,50,85,74,63,46,44,47,25,40,627
decision tree,0,0,0,0,0,0,0,0,0,0,0,4,0,0,0,0,7,11,12,11,22,37,78,135,111,42,36,41,45,34,626
finally demonstrate,0,0,0,0,0,0,0,0,0,0,0,0,0,0,0,3,14,14,8,16,21,33,46,81,77,50,58,62,68,74,625
performance method,0,0,0,0,0,0,0,0,0,0,0,0,3,3,5,8,14,15,18,28,26,49,52,63,65,50,45,60,58,63,625
distributionally robust,0,0,0,0,0,0,0,0,0,0,0,0,0,0,0,0,0,0,0,0,10,17,29,66,80,75,78,87,93,89,624
bandit problem,0,0,0,0,0,0,0,0,0,0,0,0,0,0,0,13,7,15,0,22,18,40,34,94,107,43,81,55,58,37,624
contextual bandits,0,0,0,0,0,0,0,0,0,0,0,0,0,0,0,0,5,9,0,9,13,22,38,54,95,73,89,83,64,69,623
parameter estimates,0,0,0,0,0,0,0,0,0,0,0,0,5,8,9,11,16,21,26,26,43,29,34,49,50,49,69,42,63,73,623
historical data,0,0,0,0,0,0,0,0,0,0,0,0,0,0,0,4,7,3,15,11,15,17,46,65,104,63,80,62,63,68,623
algorithms based,0,0,0,0,0,0,0,0,0,0,0,3,3,5,4,7,20,19,21,25,40,35,53,74,81,60,44,59,34,35,622
simulations show,0,0,0,0,0,0,0,0,0,0,0,4,5,7,11,11,19,15,10,27,33,36,49,53,58,57,47,54,53,71,620
structure data,0,0,0,0,0,0,0,0,0,0,0,5,5,0,7,8,14,21,25,28,25,33,53,80,70,48,42,51,52,53,620
magnetic resonance,0,0,0,0,0,0,0,0,0,0,0,0,9,4,8,10,11,19,21,30,35,42,64,100,80,43,38,33,35,37,619
basis functions,0,0,0,0,0,0,0,0,0,0,0,0,0,6,0,5,23,11,27,27,36,27,47,54,62,61,47,56,65,63,617
learning systems,0,0,0,0,0,0,0,0,0,0,0,0,0,0,0,0,4,0,3,8,13,33,94,141,153,42,39,29,28,30,617
objective functions,0,0,0,0,0,0,0,0,0,0,0,0,0,0,0,5,12,10,18,20,36,37,68,85,87,43,49,49,48,50,617
experiments conducted,0,0,0,0,0,0,0,0,0,0,0,0,0,0,0,0,6,9,11,8,19,26,64,111,121,41,39,54,62,45,616
existing literature,0,0,0,0,0,0,0,0,0,0,0,0,3,6,4,0,6,10,12,15,17,27,47,63,58,49,61,63,98,76,615
markov model,0,0,0,0,0,0,0,0,0,7,0,5,3,8,6,12,39,23,26,34,32,42,68,50,57,50,34,35,51,33,615
stochastic approximation,0,0,0,0,0,0,0,0,0,0,0,6,0,4,17,19,8,29,25,34,32,23,38,50,74,39,39,45,62,70,614
methods developed,0,0,0,0,0,0,0,0,0,0,0,6,3,4,5,9,23,19,17,22,21,38,42,67,69,44,44,58,57,66,614
bayesian network,0,0,0,0,0,0,0,0,0,0,0,0,0,7,11,12,61,49,18,27,21,37,58,51,60,52,37,23,38,52,614
optimal solution,0,0,0,0,0,0,0,0,0,0,0,0,0,0,0,7,19,11,28,21,30,46,60,92,87,43,47,44,37,42,614
empirical study,0,0,0,0,0,0,0,0,0,0,0,0,0,4,3,3,17,16,21,21,13,29,59,90,101,50,46,37,57,46,613
square error,0,0,0,0,0,0,0,0,0,3,0,5,10,6,11,15,15,28,33,34,32,47,63,58,58,34,35,44,44,38,613
instrumental variable,0,0,0,0,0,0,0,0,0,0,0,0,0,3,0,3,7,0,7,18,50,26,39,38,64,38,75,65,73,107,613
powerful tool,0,0,0,0,0,0,0,0,0,0,5,0,4,0,5,8,7,10,7,16,25,26,36,72,47,58,47,63,85,92,613
statistical power,0,0,0,0,0,0,0,0,0,0,0,0,0,0,3,0,10,7,11,20,28,45,38,30,47,50,56,54,75,139,613
recently developed,0,0,0,0,0,0,0,0,0,0,0,0,4,3,4,14,16,26,17,29,27,32,41,59,67,64,59,51,55,44,612
gradient flow,0,0,0,0,0,0,0,0,0,0,0,0,0,0,0,0,0,0,0,0,5,12,23,38,74,57,74,96,126,107,612
potential outcomes,0,0,0,0,0,0,0,0,0,0,6,0,0,0,0,0,0,3,12,18,15,36,39,37,51,57,71,66,80,120,611
excess risk,0,0,0,0,0,0,0,0,0,0,0,0,0,7,9,8,7,8,19,11,16,20,25,46,69,73,80,78,65,69,610
two real,0,0,0,0,0,0,0,0,0,0,3,0,5,0,8,5,15,21,25,34,27,33,60,63,76,52,43,51,46,43,610
reward function,0,0,0,0,0,0,0,0,0,0,0,0,0,0,0,0,5,6,0,0,10,23,72,142,126,42,44,34,50,54,608
paper focus,0,0,0,0,0,0,0,0,0,0,3,5,0,4,3,4,13,14,16,7,26,38,59,84,101,55,48,40,57,30,607
data application,0,0,0,0,0,0,0,0,0,0,0,6,0,6,3,11,4,16,13,22,24,31,29,43,65,55,61,70,76,72,607
markov random,0,0,0,0,0,0,0,0,0,0,5,0,8,10,12,16,50,37,43,49,33,49,33,44,57,29,32,19,44,37,607
polynomial time,0,0,0,0,0,0,0,0,0,0,0,0,0,3,5,9,18,14,16,15,25,46,64,70,77,61,48,47,48,40,606
competitive performance,0,0,0,0,0,0,0,0,0,0,0,0,0,0,0,3,0,6,10,12,13,30,54,90,88,48,58,53,58,82,605
hyperparameter tuning,0,0,0,0,0,0,0,0,0,0,0,0,0,0,0,0,0,0,0,4,6,15,54,123,96,56,40,64,56,91,605
dynamical system,0,0,0,0,0,0,0,0,0,0,0,5,0,3,0,9,11,11,7,20,19,26,58,82,84,53,51,55,63,48,605
models show,0,0,0,0,0,0,0,0,0,0,0,4,3,9,10,12,13,16,18,25,16,30,60,74,77,47,39,49,49,53,604
two new,0,0,0,0,0,0,0,0,0,0,0,0,8,6,3,5,15,14,28,25,42,25,50,82,76,36,35,48,56,50,604
paper develops,0,0,0,0,0,0,0,0,0,3,0,4,10,6,8,12,17,9,11,18,27,34,45,56,53,57,46,48,39,101,604
asymptotic variance,0,0,0,0,0,0,0,0,8,4,4,7,4,11,7,15,19,19,17,26,33,39,41,33,39,39,49,37,60,93,604
highdimensional settings,0,0,0,0,0,0,0,0,0,0,0,0,0,4,3,7,9,15,17,26,12,27,30,45,36,41,38,67,84,143,604
downstream tasks,0,0,0,0,0,0,0,0,0,0,0,0,0,0,0,0,0,0,0,0,0,5,28,78,130,51,46,78,104,83,603
linear combination,0,0,0,0,0,0,0,0,0,0,0,5,6,12,18,18,29,23,30,22,16,33,47,63,65,31,43,50,32,60,603
effectiveness approach,0,0,0,0,0,0,0,0,0,0,0,3,0,0,0,4,10,10,10,15,16,18,46,75,90,40,28,63,87,87,602
optimal rate,0,0,0,0,0,0,0,0,0,0,6,8,8,10,7,12,26,27,31,15,22,36,33,45,65,45,48,47,58,53,602
positive definite,0,0,0,0,0,0,0,0,0,0,0,12,5,13,4,23,38,14,19,33,33,40,64,52,34,37,38,51,37,55,602
change points,0,0,0,0,0,0,0,0,0,0,0,0,0,0,0,13,10,11,17,25,22,30,36,67,77,76,49,61,54,53,601
two methods,0,0,0,0,0,0,0,0,0,6,0,5,0,3,8,10,11,15,14,19,32,31,64,68,76,54,50,39,60,36,601
data samples,0,0,0,0,0,0,0,0,0,0,0,0,0,0,0,5,7,8,8,8,22,25,55,122,120,36,53,52,42,37,600
work study,0,0,0,0,0,0,0,0,0,0,0,0,0,4,0,0,6,4,10,5,13,24,48,63,94,68,65,58,71,67,600
classification task,0,0,0,0,0,0,0,0,0,0,0,0,0,0,0,0,11,3,10,7,17,33,81,170,122,39,18,33,28,28,600
show model,0,0,0,0,0,0,0,0,0,0,0,0,0,0,6,6,16,9,17,9,23,39,71,131,116,31,38,28,35,25,600
models provide,0,0,0,0,0,0,0,0,0,0,0,0,3,5,0,10,13,7,13,26,25,38,53,52,84,41,50,57,59,63,599
recently introduced,0,0,0,0,0,0,0,0,0,0,0,0,6,4,6,6,15,26,24,28,48,31,57,63,72,38,46,39,43,46,598
regression classification,0,0,0,0,0,0,0,0,0,5,0,10,4,6,6,7,15,15,10,21,24,40,38,52,74,67,48,49,49,58,598
significantly improves,0,0,0,0,0,0,0,0,0,0,0,0,0,0,0,4,6,10,5,10,28,22,53,100,98,34,37,42,66,82,597
uncertainty estimation,0,0,0,0,0,0,0,0,0,0,0,0,0,0,0,0,0,0,0,7,7,9,41,65,111,80,56,71,83,67,597
additive models,0,0,0,0,0,0,0,0,0,0,0,5,10,8,12,7,21,12,25,22,26,27,30,38,60,45,54,65,53,77,597
demonstrate efficacy,0,0,0,0,0,0,0,0,0,0,0,0,0,0,0,0,8,12,11,9,12,21,59,80,105,49,41,58,73,56,594
paper investigates,0,0,0,0,0,0,0,0,0,0,0,0,3,7,3,7,16,19,16,9,20,21,43,68,59,31,32,51,83,106,594
sample efficiency,0,0,0,0,0,0,0,0,0,0,0,0,0,0,0,0,0,0,0,0,5,15,55,123,129,51,42,42,55,77,594
taking account,0,0,0,0,0,0,0,0,0,3,0,6,9,7,4,11,11,14,16,25,32,34,40,68,91,51,57,42,50,23,594
method proposed,0,0,0,0,0,0,0,0,0,0,0,7,3,4,9,8,20,19,27,26,26,38,50,82,77,36,36,40,55,31,594
sampling algorithm,0,0,0,0,0,0,0,0,0,0,0,0,0,5,9,6,20,16,17,15,22,40,36,59,66,44,60,66,55,58,594
causal relationships,0,0,0,0,0,0,0,0,0,0,0,0,0,0,0,6,9,4,5,5,9,18,20,39,57,47,42,96,123,113,593
surrogate model,0,0,0,0,0,0,0,0,0,0,0,0,0,0,0,5,9,9,6,9,9,17,18,78,90,61,77,58,75,72,593
order statistics,0,0,0,0,0,0,0,0,0,0,3,10,26,4,12,30,28,11,26,26,39,35,28,43,66,36,46,34,34,56,593
networks paper,0,0,0,0,0,0,0,0,0,0,0,0,0,0,3,5,11,17,12,13,24,38,81,118,93,36,42,38,31,30,592
cost function,0,0,0,0,0,0,0,0,0,0,4,0,5,0,0,14,17,14,24,28,32,44,82,76,74,38,34,53,27,26,592
complex systems,0,0,0,0,0,0,0,0,0,0,0,4,0,3,6,9,10,8,11,22,21,27,40,55,56,43,49,54,73,100,591
closely related,0,0,0,0,0,0,0,0,0,0,10,3,6,8,10,11,17,23,33,30,25,37,52,62,67,40,40,42,32,43,591
architecture search,0,0,0,0,0,0,0,0,0,0,0,0,0,0,0,0,0,0,0,0,0,12,68,204,202,43,31,11,13,7,591
take account,0,0,0,0,0,0,0,0,0,0,0,9,7,6,10,7,24,12,18,20,29,31,60,78,88,49,44,40,28,31,591
degrees freedom,0,0,0,0,0,0,0,0,0,0,0,5,13,7,19,25,17,30,34,25,43,26,33,53,38,39,37,48,52,47,591
also used,0,0,0,0,0,0,0,0,4,0,0,8,7,4,9,13,17,16,20,26,30,30,53,68,105,47,36,32,40,25,590
source code,0,0,0,0,0,0,0,0,0,0,0,0,0,0,0,0,4,0,10,11,8,31,74,162,142,34,23,27,40,24,590
label noise,0,0,0,0,0,0,0,0,0,0,0,0,0,0,0,0,0,11,7,0,5,20,27,102,114,93,72,38,44,57,590
independent identically,0,0,0,0,0,0,0,0,0,7,6,11,10,12,14,15,20,22,22,27,27,33,27,42,59,42,33,51,65,45,590
multivariate normal,0,0,0,0,0,0,0,0,0,5,8,9,8,11,5,9,24,14,30,32,32,36,31,46,60,53,44,52,41,39,589
imitation learning,0,0,0,0,0,0,0,0,0,0,0,0,0,0,0,0,0,0,0,0,0,12,75,192,184,40,23,32,14,17,589
speech recognition,0,0,0,0,0,0,0,0,0,0,0,0,0,0,0,0,3,10,16,25,46,90,101,148,84,15,14,20,13,3,588
classification regression,0,0,0,0,0,0,0,0,0,0,0,5,0,4,3,3,11,11,12,26,18,39,62,99,101,37,39,50,32,35,587
noisy data,0,0,0,0,0,0,0,0,0,0,3,0,3,5,5,7,10,19,17,20,21,17,49,73,81,43,45,44,57,68,587
nearest neighbor,0,0,0,0,0,0,0,0,0,0,0,0,18,5,5,9,18,14,27,22,18,47,67,91,66,36,38,26,33,47,587
networks trained,0,0,0,0,0,0,0,0,0,0,0,0,0,0,0,0,0,0,3,3,11,33,77,115,117,49,41,46,48,43,586
langevin dynamics,0,0,0,0,0,0,0,0,0,0,0,0,0,0,0,0,0,0,5,12,12,31,31,42,90,57,61,57,88,100,586
model uncertainty,0,0,0,0,0,0,0,0,0,0,0,0,4,0,0,6,13,7,9,21,10,37,51,90,66,49,43,44,52,84,586
policy optimization,0,0,0,0,0,0,0,0,0,0,0,0,0,0,0,0,0,0,0,0,0,11,72,117,135,49,31,53,42,75,585
activation function,0,0,0,0,0,0,0,0,0,0,0,0,0,0,0,0,0,6,6,0,11,24,93,108,103,45,33,69,49,38,585
properties proposed,0,0,0,0,0,0,0,0,0,0,0,3,6,8,5,5,12,12,18,28,29,38,41,35,48,62,59,58,64,54,585
robust estimation,0,0,0,0,0,0,0,0,0,0,0,0,3,4,0,8,10,8,15,27,18,32,46,29,67,51,56,45,61,105,585
analysis pca,0,0,0,0,0,0,0,0,0,0,0,0,7,9,5,10,16,17,27,24,41,44,34,58,51,45,44,44,50,59,585
propose bayesian,0,0,0,0,0,0,0,0,0,0,0,0,0,0,3,9,11,13,19,32,30,23,35,62,75,53,51,39,62,68,585
may lead,0,0,0,0,0,0,0,0,0,0,4,4,0,0,5,9,11,8,20,15,22,25,34,65,103,50,59,56,53,42,585
asymptotically optimal,0,0,0,0,0,0,0,0,0,0,6,8,8,10,6,18,17,15,18,36,28,28,41,59,65,45,43,64,28,41,584
using synthetic,0,0,0,0,0,0,0,0,0,0,0,0,0,0,0,0,7,11,8,18,25,37,47,68,86,58,36,53,66,64,584
testing procedure,0,0,0,0,0,0,0,0,0,0,4,10,9,4,0,13,20,20,32,18,26,35,31,47,49,50,41,50,61,64,584
risk factors,0,0,0,0,0,0,0,0,0,0,0,5,9,6,0,5,0,6,11,16,10,30,32,49,77,46,54,80,68,79,583
finite samples,0,0,0,0,0,0,0,0,0,0,4,8,9,6,4,6,10,25,16,25,26,22,38,37,41,61,56,53,60,76,583
establish asymptotic,0,0,0,0,0,0,0,0,0,5,0,5,4,7,4,12,11,10,15,17,18,25,35,32,42,45,55,48,89,102,581
optimal policy,0,0,0,0,0,0,0,0,0,0,0,0,0,0,0,0,8,0,0,8,7,20,51,101,100,59,54,55,53,65,581
open problem,0,0,0,0,0,0,0,0,0,0,0,0,0,0,0,4,6,13,15,24,17,31,48,67,84,42,62,57,51,60,581
current stateoftheart,0,0,0,0,0,0,0,0,0,0,0,0,0,0,0,0,7,9,10,18,11,24,81,114,115,36,40,35,47,34,581
data generating,0,0,0,0,0,0,0,0,0,0,0,0,3,0,0,0,19,11,12,19,30,26,37,58,74,61,67,58,65,40,580
traditional methods,0,0,0,0,0,0,0,0,0,0,0,0,0,0,3,3,0,6,5,6,15,23,50,55,66,24,34,54,112,124,580
model allows,0,0,0,0,0,0,0,0,0,0,0,4,9,4,4,0,25,24,23,20,38,34,44,65,61,36,49,51,51,37,579
recent works,0,0,0,0,0,0,0,0,0,0,0,0,0,0,0,0,0,0,3,8,9,17,43,79,105,57,60,71,76,50,578
empirical studies,0,0,0,0,0,0,0,0,0,0,0,0,0,0,3,5,10,7,21,16,24,24,45,62,82,53,39,54,78,55,578
decision process,0,0,0,0,0,0,0,0,0,0,0,0,0,0,0,3,8,7,6,6,11,22,46,105,108,56,54,49,46,51,578
selection methods,0,0,0,0,0,0,0,0,0,0,0,3,3,7,0,12,16,14,9,30,32,32,48,73,76,43,44,20,64,52,578
marginal distributions,0,0,0,0,0,0,0,0,0,0,4,7,0,5,9,12,12,19,18,20,24,24,33,45,48,50,40,63,77,67,577
step size,0,0,0,0,0,0,0,0,0,0,0,0,0,0,7,8,7,10,8,18,15,19,62,69,76,47,34,56,59,82,577
network analysis,0,0,0,0,0,0,0,0,0,0,0,0,5,0,5,9,11,10,20,22,32,21,59,54,73,46,48,46,56,58,575
total number,0,0,0,0,0,0,0,0,0,0,0,3,5,0,3,13,16,15,22,13,17,35,46,59,88,59,38,59,47,36,574
show algorithm,0,0,0,0,0,0,0,0,0,0,0,0,0,3,3,6,10,15,14,15,23,42,52,101,73,54,53,42,35,33,574
applications including,0,0,0,0,0,0,0,0,0,0,0,0,0,0,4,7,7,16,15,25,20,34,54,68,73,47,42,47,61,54,574
adversarial robustness,0,0,0,0,0,0,0,0,0,0,0,0,0,0,0,0,0,0,0,0,0,11,46,135,180,65,40,32,39,24,572
asymptotic theory,0,0,0,0,0,0,0,0,0,5,7,10,7,6,10,19,30,22,20,33,24,26,28,45,46,43,36,45,49,61,572
learning theory,0,0,0,0,0,0,0,0,0,0,3,4,7,0,4,11,6,10,12,17,16,18,41,71,73,48,50,54,64,63,572
data assimilation,0,0,0,0,0,0,0,0,0,0,0,0,0,0,0,0,11,11,23,14,27,34,56,54,59,66,30,40,61,85,571
make use,0,0,0,0,0,0,0,0,0,0,0,3,0,3,5,7,17,17,14,19,26,31,64,86,81,53,49,40,29,27,571
latent factors,0,0,0,0,0,0,0,0,0,0,0,0,0,0,4,0,10,20,12,23,25,36,36,64,63,29,53,38,92,66,571
networks gans,0,0,0,0,0,0,0,0,0,0,0,0,0,0,0,0,0,0,0,0,11,59,122,137,118,36,26,29,16,16,570
higher order,0,0,0,0,0,0,0,0,0,4,6,5,11,0,10,0,25,31,15,30,35,45,55,60,72,41,36,34,26,28,569
variational bayes,0,0,0,0,0,0,0,0,0,0,0,0,0,0,0,8,10,34,28,35,32,38,43,48,55,58,45,49,43,42,568
bayesian analysis,0,0,0,0,0,0,0,0,0,3,5,5,11,6,9,16,18,25,21,47,46,38,22,36,36,41,50,41,38,53,567
hilbert spaces,0,0,0,0,0,0,0,0,0,0,0,5,5,3,8,16,22,19,19,17,12,25,43,39,58,42,41,63,59,71,567
new data,0,0,0,0,0,0,0,0,0,0,3,0,0,0,5,4,6,16,13,14,10,22,45,59,102,53,51,53,58,53,567
target population,0,0,0,0,0,0,0,0,0,0,0,0,0,0,0,3,0,5,3,0,12,11,21,38,42,77,115,70,89,80,566
apply proposed,0,0,0,0,0,0,0,0,0,0,0,0,0,4,4,3,6,13,8,12,25,29,55,44,71,61,64,48,57,61,565
density functions,0,0,0,0,0,0,0,0,0,0,4,6,7,10,5,10,11,22,19,37,27,45,27,44,54,45,31,48,57,56,565
alzheimers disease,0,0,0,0,0,0,0,0,0,0,0,0,0,0,0,0,6,4,9,6,14,35,86,62,81,40,33,52,62,75,565
input space,0,0,0,0,0,0,0,0,0,0,0,0,0,0,3,3,8,15,13,15,13,37,68,94,105,52,39,33,29,38,565
hierarchical model,0,0,0,0,0,0,0,0,0,0,4,6,4,10,9,10,18,14,43,33,31,35,35,52,61,34,35,33,37,59,563
nonnegative matrix,0,0,0,0,0,0,0,0,0,0,0,0,0,0,4,5,19,20,44,26,61,48,51,71,54,38,39,19,26,38,563
tuning parameters,0,0,0,0,0,0,0,0,0,0,0,0,5,10,7,20,14,13,22,29,31,34,33,67,48,42,50,49,38,50,562
novel algorithm,0,0,0,0,0,0,0,0,0,0,0,0,0,0,6,6,14,16,11,13,23,33,47,88,83,33,39,46,59,45,562
main contribution,0,0,0,0,0,0,0,0,0,0,0,0,0,3,4,9,18,13,17,20,28,34,54,69,77,49,36,35,43,52,561
learning rates,0,0,0,0,0,0,0,0,0,0,0,3,0,0,0,0,6,9,9,9,11,30,59,71,110,39,41,44,57,61,559
spatial temporal,0,0,0,0,0,0,0,0,0,0,3,0,0,7,0,3,4,7,8,16,14,41,41,71,83,45,37,45,44,89,558
finally apply,0,0,0,0,0,0,0,0,0,0,0,0,0,4,9,7,10,8,12,18,23,28,41,39,55,47,54,61,63,79,558
methods also,0,0,0,0,0,0,0,0,0,0,4,3,0,9,8,10,9,15,17,21,28,27,60,65,76,40,33,43,38,52,558
models however,0,0,0,0,0,0,0,0,0,0,0,0,0,0,0,7,8,7,7,20,16,25,46,81,98,41,38,51,57,56,558
selection bias,0,0,0,0,0,0,0,0,0,0,0,0,0,0,0,7,0,4,14,5,17,20,41,56,72,47,58,67,65,85,558
clustering algorithms,0,0,0,0,0,0,0,0,0,0,0,0,6,3,0,11,10,15,10,24,30,35,58,100,75,27,36,26,54,37,557
data based,0,0,0,0,0,0,0,0,0,0,0,0,3,0,6,13,11,17,18,18,22,27,45,61,74,50,51,58,44,39,557
expression data,0,0,0,0,0,0,0,0,0,0,0,6,10,7,17,19,42,41,40,32,39,31,53,42,48,21,30,26,30,22,556
two approaches,0,0,0,0,0,0,0,0,0,0,0,5,7,3,9,0,22,17,26,18,23,30,47,67,69,51,37,31,44,50,556
training neural,0,0,0,0,0,0,0,0,0,0,0,0,0,0,0,0,0,0,6,10,12,35,70,125,97,43,41,34,47,36,556
euclidean space,0,0,0,0,0,0,0,0,0,4,0,6,6,3,5,7,4,7,13,15,23,24,59,55,84,44,44,46,51,56,556
data applications,0,0,0,0,0,0,0,0,0,0,0,0,0,3,11,0,3,16,12,18,26,37,38,51,47,51,41,55,68,77,554
mild assumptions,0,0,0,0,0,0,0,0,0,0,3,4,4,4,6,9,11,13,13,23,16,21,34,42,58,58,56,57,59,63,554
synthetic datasets,0,0,0,0,0,0,0,0,0,0,0,0,0,0,0,0,3,4,5,6,21,17,53,72,70,42,47,50,78,86,554
inverse probability,0,0,0,0,0,0,0,0,0,0,0,5,0,0,0,5,0,0,10,10,3,26,44,32,51,57,76,69,78,88,554
data point,0,0,0,0,0,0,0,0,0,0,0,0,5,7,3,4,16,11,15,15,20,30,55,62,75,46,44,50,54,41,553
estimated using,0,0,0,0,0,0,0,0,0,0,0,5,8,0,12,8,11,14,16,24,27,28,44,46,46,52,31,45,56,80,553
paper addresses,0,0,0,0,0,0,0,0,0,0,3,0,0,6,4,10,22,17,17,16,25,21,37,39,44,38,30,53,95,76,553
previous methods,0,0,0,0,0,0,0,0,0,0,0,0,0,0,0,5,11,9,11,16,10,26,61,83,95,37,50,49,51,39,553
conditional distributions,0,0,0,0,0,0,0,0,0,0,0,0,5,0,7,6,22,11,16,21,27,37,32,50,56,41,36,61,72,52,552
likelihood estimators,0,0,0,0,0,0,0,0,4,4,6,16,15,8,10,10,26,22,27,27,26,48,45,27,36,32,42,36,34,51,552
address issues,0,0,0,0,0,0,0,0,0,0,0,0,0,0,3,3,5,5,7,6,10,24,44,74,88,33,43,46,82,79,552
paper first,0,0,0,0,0,0,0,0,0,0,0,0,0,4,4,5,10,8,12,14,24,33,49,90,73,50,36,55,46,39,552
promising results,0,0,0,0,0,0,0,0,0,0,0,0,0,0,0,0,9,6,6,9,15,39,92,93,105,31,32,49,45,21,552
random vector,0,0,0,0,0,0,0,0,0,4,3,10,12,12,9,15,18,19,31,24,24,27,45,32,46,46,43,40,44,47,551
within framework,0,0,0,0,0,0,0,0,0,0,0,0,4,0,8,7,8,15,17,12,19,22,33,51,45,26,34,54,82,114,551
tuning parameter,0,0,0,0,0,0,0,0,0,0,0,0,6,10,10,14,15,23,23,24,39,34,26,53,35,58,40,36,48,57,551
autoregressive models,0,0,0,0,0,0,0,0,0,0,0,4,5,8,7,15,11,12,11,15,24,30,43,52,66,60,35,35,53,65,551
method uses,0,0,0,0,0,0,0,0,0,3,0,4,4,4,12,11,7,11,14,20,22,39,47,71,76,38,50,32,45,40,550
linear nonlinear,0,0,0,0,0,0,0,0,0,0,0,7,0,3,8,5,16,14,17,16,20,41,41,44,78,48,43,51,45,53,550
method estimating,0,0,0,0,0,0,0,0,0,0,0,4,7,7,5,22,18,17,16,18,27,24,34,62,50,51,36,42,52,57,549
time complexity,0,0,0,0,0,0,0,0,0,0,0,3,0,0,4,5,9,8,11,18,9,50,52,74,89,38,34,43,60,41,548
using two,0,0,0,0,0,0,0,0,0,0,0,0,4,0,0,5,9,11,19,16,29,23,49,86,87,41,31,40,45,52,547
survival data,0,0,0,0,0,0,0,0,0,0,6,0,0,0,0,4,10,13,14,16,15,25,34,49,59,58,54,45,80,65,547
dimensional data,0,0,0,0,0,0,0,0,0,0,0,0,8,4,10,13,14,22,31,34,32,42,38,70,70,27,44,39,30,19,547
much larger,0,0,0,0,0,0,0,0,0,0,0,6,21,8,10,15,23,23,25,21,34,24,48,71,62,31,36,28,38,23,547
learning via,0,0,0,0,0,0,0,0,0,0,0,0,0,0,0,5,6,4,12,7,13,18,49,76,119,45,41,53,42,56,546
derive asymptotic,0,0,0,0,0,0,0,0,0,3,4,6,6,5,9,10,23,19,21,26,27,19,44,44,43,44,44,37,55,56,545
analysis shows,0,0,0,0,0,0,0,0,0,0,0,0,0,0,3,5,9,14,15,21,13,33,47,56,78,35,47,44,48,76,544
descent algorithm,0,0,0,0,0,0,0,0,0,0,0,0,0,0,6,3,14,14,19,29,27,46,47,57,69,41,44,37,40,50,543
dictionary learning,0,0,0,0,0,0,0,0,0,0,0,0,0,3,6,6,18,39,49,52,48,59,67,76,36,22,11,25,13,13,543
furthermore show,0,0,0,0,0,0,0,0,0,0,0,0,3,4,0,8,8,12,16,17,22,33,54,89,65,32,47,42,47,44,543
information theory,0,0,0,0,0,0,0,0,5,3,0,0,7,4,8,11,9,15,14,24,27,27,43,60,74,36,38,46,45,45,541
coordinate descent,0,0,0,0,0,0,0,0,0,0,0,0,0,0,9,10,27,36,31,40,35,58,56,43,54,26,31,23,32,30,541
panel data,0,0,0,0,0,0,0,0,0,0,0,4,0,4,6,4,0,16,18,14,34,44,35,31,44,39,48,53,58,89,541
estimator based,0,0,0,0,0,0,0,0,0,0,0,6,10,11,12,22,16,9,20,22,27,30,45,33,31,39,52,50,48,58,541
data may,0,0,0,0,0,0,0,0,0,0,0,0,7,0,0,9,10,12,9,14,20,29,44,68,73,45,45,40,63,52,540
obtained using,0,0,0,0,0,0,0,0,0,0,3,7,7,8,3,6,13,17,21,24,24,28,42,55,65,46,41,48,37,45,540
moving average,0,0,0,0,0,0,0,0,0,0,0,7,11,6,6,11,18,10,23,8,19,39,48,58,71,35,48,40,38,42,538
models propose,0,0,0,0,0,0,0,0,0,4,0,0,0,3,3,7,15,21,17,21,30,42,50,61,61,38,32,47,44,42,538
multiple imputation,0,0,0,0,0,0,0,0,0,0,0,0,0,0,0,3,10,8,24,24,19,20,37,42,52,53,66,55,58,66,537
clustering methods,0,0,0,0,0,0,0,0,0,0,0,0,0,0,0,6,12,21,14,25,32,34,50,91,75,33,26,27,32,59,537
confidence sets,0,0,0,0,0,0,0,0,0,5,0,17,0,4,0,11,14,14,15,26,34,32,24,34,33,45,45,40,64,80,537
hierarchical clustering,0,0,0,0,0,0,0,0,0,0,0,0,3,7,7,21,24,13,18,33,25,19,52,57,81,37,47,30,32,30,536
large numbers,0,0,0,0,0,0,0,0,0,5,5,6,16,11,8,8,29,18,17,18,26,36,44,44,55,39,28,33,49,40,535
algorithm proposed,0,0,0,0,0,0,0,0,0,4,0,0,3,7,8,5,16,29,16,27,27,38,44,72,79,27,35,36,41,21,535
spatial data,0,0,0,0,0,0,0,0,0,0,0,4,0,0,5,4,9,10,16,27,17,23,38,42,60,38,35,63,81,62,534
mean variance,0,0,0,0,0,0,0,0,0,3,0,5,7,10,5,3,13,8,24,17,17,31,60,44,47,44,30,50,57,58,533
convergence properties,0,0,0,0,0,0,0,0,0,0,3,4,5,12,7,10,20,11,17,17,31,29,46,47,54,47,37,49,35,52,533
hierarchical bayesian,0,0,0,0,0,0,0,0,0,0,0,0,10,7,6,10,19,20,17,21,24,28,36,46,34,48,29,51,48,78,532
instrumental variables,0,0,0,0,0,0,0,0,0,0,0,0,0,0,4,10,12,13,26,27,29,25,22,25,55,43,57,49,71,64,532
data streams,0,0,0,0,0,0,0,0,0,0,0,0,0,7,0,0,7,9,13,15,23,37,50,101,78,37,49,38,37,29,530
health records,0,0,0,0,0,0,0,0,0,0,0,0,0,0,0,0,0,0,0,0,17,26,55,112,87,33,40,45,40,75,530
trained using,0,0,0,0,0,0,0,0,0,0,0,0,0,0,0,0,3,0,5,5,9,43,63,103,116,46,35,26,33,43,530
complex data,0,0,0,0,0,0,0,0,0,0,0,0,0,0,4,3,10,9,10,13,12,22,56,54,64,38,41,42,61,91,530
convergence analysis,0,0,0,0,0,0,0,0,0,0,0,0,0,0,0,0,9,10,6,19,21,32,41,46,72,39,36,38,89,72,530
particle filter,0,0,0,0,0,0,0,0,0,0,0,8,7,0,8,18,22,29,43,32,36,46,32,58,26,32,35,30,35,33,530
simulations real,0,0,0,0,0,0,0,0,0,0,0,3,0,0,4,11,5,16,16,16,21,34,37,41,40,52,46,53,70,64,529
sparse linear,0,0,0,0,0,0,0,0,0,0,0,0,0,3,9,14,24,21,25,32,33,37,25,37,54,33,45,53,52,32,529
covariance structure,0,0,0,0,0,0,0,0,0,0,0,3,0,9,3,11,13,21,16,40,19,36,40,52,48,47,36,42,31,61,528
achieves stateoftheart,0,0,0,0,0,0,0,0,0,0,0,0,0,0,0,0,3,3,5,7,12,24,57,103,102,36,36,26,53,61,528
simple yet,0,0,0,0,0,0,0,0,0,0,0,0,0,0,0,4,8,3,9,11,13,23,45,82,103,41,42,49,40,55,528
domain knowledge,0,0,0,0,0,0,0,0,0,0,0,0,0,0,0,0,11,6,6,7,14,14,48,75,102,43,53,44,58,46,527
model paper,0,0,0,0,0,0,0,0,0,0,0,4,7,8,7,7,15,23,12,20,19,29,43,57,76,32,52,33,43,40,527
estimation accuracy,0,0,0,0,0,0,0,0,0,0,0,0,0,0,5,6,11,15,14,10,26,19,30,40,38,40,42,53,64,114,527
also introduce,0,0,0,0,0,0,0,0,0,0,0,0,0,0,6,10,18,14,17,15,16,33,41,64,69,40,35,41,43,64,526
given data,0,0,0,0,0,0,0,0,0,0,0,3,7,0,7,4,21,16,18,28,43,31,44,61,67,40,44,44,23,25,526
series models,0,0,0,0,0,0,0,0,0,0,5,10,3,6,4,11,24,24,19,17,29,22,24,47,86,30,38,44,38,44,525
new methods,0,0,0,0,0,0,0,0,0,0,0,0,3,3,5,6,17,11,16,24,26,34,43,71,70,31,37,34,54,39,524
method provides,0,0,0,0,0,0,0,0,0,0,0,5,0,5,8,6,11,12,16,23,21,27,42,58,63,34,30,40,53,70,524
adversarial perturbations,0,0,0,0,0,0,0,0,0,0,0,0,0,0,0,0,0,0,0,8,6,35,100,121,134,36,15,15,32,21,523
framework allows,0,0,0,0,0,0,0,0,0,0,0,0,0,6,5,9,13,9,19,15,18,22,51,59,72,35,36,50,53,51,523
multiclass classification,0,0,0,0,0,0,0,0,0,0,0,0,0,0,0,0,15,7,8,17,27,21,53,77,82,38,51,38,51,38,523
problem using,0,0,0,0,0,0,0,0,3,0,0,0,0,7,5,9,9,16,21,14,29,37,52,86,63,41,38,27,38,27,522
spectral density,0,0,0,0,0,0,0,0,0,4,5,0,10,18,13,33,16,16,10,20,18,38,42,27,43,48,38,24,48,51,522
two main,0,0,0,0,0,0,0,0,0,0,5,0,6,5,3,5,13,13,18,13,23,24,44,78,59,39,51,34,40,49,522
negative binomial,0,0,0,0,0,0,0,0,0,0,0,0,11,0,0,8,20,25,12,32,24,32,34,43,57,41,38,42,43,59,521
modeling framework,0,0,0,0,0,0,0,0,0,0,0,0,0,3,5,6,4,3,23,12,21,20,55,47,42,54,37,43,52,93,520
demonstrate superior,0,0,0,0,0,0,0,0,0,0,0,0,0,0,0,7,3,4,9,10,15,14,34,69,52,43,31,60,77,91,519
system identification,0,0,0,0,0,0,0,0,0,0,0,0,0,0,5,7,6,28,28,28,30,23,46,54,54,40,35,40,36,59,519
signaltonoise ratio,0,0,0,0,0,0,0,0,0,0,0,0,3,5,3,7,15,13,21,22,17,31,42,50,61,35,40,33,62,58,518
paper address,0,0,0,0,0,0,0,0,0,0,0,3,0,0,5,8,14,15,17,19,21,24,49,74,55,31,24,33,55,71,518
procedure based,0,0,0,0,0,0,0,0,0,0,7,5,5,8,16,11,19,22,22,28,27,25,36,50,48,42,38,33,35,40,517
model proposed,0,0,0,0,0,0,0,0,0,0,0,3,5,4,4,5,7,17,15,31,19,27,36,67,63,38,32,45,64,35,517
statistically significant,0,0,0,0,0,0,0,0,0,0,0,5,8,8,3,5,9,9,16,17,19,28,36,66,55,37,49,38,51,57,516
local minima,0,0,0,0,0,0,0,0,0,0,0,0,0,0,0,4,12,9,11,11,27,50,79,97,87,36,21,24,27,21,516
significant improvement,0,0,0,0,0,0,0,0,0,0,0,0,0,0,3,3,10,13,15,15,25,35,71,85,90,31,27,33,28,32,516
fundamental problem,0,0,0,0,0,0,0,0,0,0,0,0,0,0,6,6,7,8,14,14,13,25,38,80,77,43,40,42,48,55,516
approximate posterior,0,0,0,0,0,0,0,0,0,0,0,0,0,0,4,0,12,12,15,26,16,33,51,62,48,49,46,55,39,47,515
introduces novel,0,0,0,0,0,0,0,0,0,0,0,0,0,0,0,0,4,7,0,0,13,15,25,34,33,16,27,58,158,125,515
multiarmed bandits,0,0,0,0,0,0,0,0,0,0,0,0,0,0,0,3,0,11,3,16,8,27,41,58,79,55,48,45,71,50,515
climate change,0,0,0,0,0,0,0,0,0,0,0,0,0,0,0,6,4,9,0,12,15,10,15,47,52,40,77,69,79,80,515
theoretical understanding,0,0,0,0,0,0,0,0,0,0,0,0,0,0,0,0,0,4,5,8,6,11,39,45,59,38,42,72,95,91,515
significantly improve,0,0,0,0,0,0,0,0,0,0,0,0,0,0,0,6,13,9,9,10,11,30,50,100,83,34,41,39,35,44,514
correlation analysis,0,0,0,0,0,0,0,0,0,0,0,0,0,5,0,9,20,12,34,26,41,48,44,41,59,27,18,47,38,45,514
compared standard,0,0,0,0,0,0,0,0,0,0,0,0,3,0,4,0,8,12,7,16,20,30,49,57,70,36,32,45,52,73,514
multivariate data,0,0,0,0,0,0,0,0,0,0,0,0,6,0,11,14,17,16,18,22,26,33,38,44,47,45,46,27,60,44,514
also provides,0,0,0,0,0,0,0,0,0,0,0,0,0,4,0,7,8,13,15,15,33,33,43,59,59,49,31,43,53,46,511
methods including,0,0,0,0,0,0,0,0,0,0,0,0,0,4,0,7,5,7,10,13,22,31,28,65,76,37,55,37,41,73,511
unmeasured confounding,0,0,0,0,0,0,0,0,0,0,0,0,0,0,0,0,0,0,8,8,19,13,25,30,58,48,66,77,64,94,510
low dimensional,0,0,0,0,0,0,0,0,0,0,0,0,0,0,4,6,14,16,33,32,26,26,47,88,82,40,26,27,26,17,510
black box,0,0,0,0,0,0,0,0,0,0,0,0,0,4,0,3,0,9,6,9,16,26,85,84,92,33,33,39,36,35,510
many cases,0,0,0,0,0,0,0,0,0,0,0,0,3,4,6,6,23,18,19,15,28,30,51,71,79,41,38,21,28,28,509
data generation,0,0,0,0,0,0,0,0,0,0,0,0,0,0,0,0,0,0,3,5,7,18,18,60,56,45,44,81,84,88,509
models proposed,0,0,0,0,0,0,0,0,0,0,0,0,6,5,6,4,13,13,11,23,24,25,41,95,68,33,40,37,36,29,509
faster convergence,0,0,0,0,0,0,0,0,0,0,0,0,0,0,0,5,7,10,6,22,29,28,58,71,71,30,29,26,55,61,508
proportional hazards,0,0,0,0,0,0,0,0,0,0,0,0,0,0,7,7,9,4,11,12,16,28,34,42,47,36,54,51,66,83,507
