,1997,1998,1999,2000,2001,2002,2003,2004,2005,2006,2007,2008,2009,2010,2011,2012,2013,2014,2015,2016,2017,2018,2019,2020,2021,2022,2023,2024,2025,Total
time series,7,0,7,17,17,22,17,42,44,59,61,68,57,53,68,66,88,102,101,103,113,102,170,174,158,190,176,247,232,2561
stock market,9,7,7,19,13,21,43,34,38,49,34,32,28,32,54,53,54,71,70,52,41,80,123,153,158,146,150,162,106,1839
machine learning,0,0,0,0,0,0,0,0,0,0,0,0,0,0,0,8,5,8,7,8,41,67,123,232,190,219,216,307,273,1704
financial markets,0,4,6,15,18,21,26,15,24,29,36,38,33,53,48,53,53,94,55,55,55,89,72,130,95,77,126,161,161,1642
risk measures,0,0,0,0,0,0,0,0,0,29,18,19,21,33,90,66,41,68,68,52,41,72,56,96,99,114,107,177,91,1358
stochastic volatility,0,0,0,0,0,0,7,8,13,23,27,32,44,62,28,62,55,52,69,69,65,77,101,75,58,77,59,72,84,1219
monte carlo,0,4,3,3,0,6,0,0,0,7,15,17,31,42,52,41,49,60,46,56,44,61,66,81,89,71,84,104,95,1127
financial market,0,3,0,5,9,4,7,11,12,30,23,23,16,30,34,33,44,39,43,37,40,48,65,76,76,86,100,117,60,1071
deep learning,0,0,0,0,0,0,0,0,0,0,0,0,0,0,0,0,0,0,0,6,19,55,80,125,125,125,121,197,172,1025
reinforcement learning,0,0,0,0,0,0,0,0,0,0,0,0,0,0,0,0,0,0,0,0,14,24,66,78,134,117,164,182,217,996
option pricing,0,8,0,6,0,14,0,14,5,13,17,15,19,21,15,21,30,55,45,40,69,59,69,68,79,59,83,84,81,989
results show,0,0,0,3,0,0,0,3,5,3,0,0,11,5,13,14,16,18,24,15,20,34,60,97,113,82,95,118,178,927
stock price,0,8,6,0,0,6,3,16,16,16,16,15,23,20,17,29,34,25,22,10,26,55,66,84,85,70,82,100,68,918
transaction costs,0,5,4,0,0,0,0,0,9,12,15,21,12,24,30,60,50,58,40,58,49,34,58,62,55,36,75,80,69,916
portfolio optimization,0,0,0,0,0,6,3,4,5,0,8,6,7,17,11,8,15,20,22,36,40,44,58,66,87,56,95,98,160,872
neural networks,0,0,0,0,0,0,0,0,0,0,0,0,0,0,0,0,0,0,6,4,14,43,89,101,112,100,118,138,107,832
neural network,0,0,0,0,0,0,0,0,0,0,0,0,0,0,0,0,0,0,0,25,17,40,77,101,77,96,122,165,101,821
systemic risk,0,0,0,0,0,0,0,0,0,0,0,0,0,6,13,27,49,49,74,53,24,78,83,42,52,52,44,59,70,775
interest rate,0,11,0,0,0,0,0,7,6,0,10,15,22,18,28,28,48,37,32,46,35,43,46,57,37,45,59,65,73,768
brownian motion,0,0,0,0,3,4,5,3,4,13,13,17,22,18,20,22,21,30,44,56,69,48,38,47,51,47,56,57,47,755
order book,0,0,0,0,6,0,0,0,0,0,13,6,11,11,18,29,25,30,45,39,34,54,51,54,61,31,71,58,79,726
risk management,0,0,0,0,6,3,0,0,0,8,6,5,18,11,12,19,21,24,23,15,26,29,19,53,48,51,50,130,137,714
implied volatility,0,0,0,0,0,0,0,0,0,7,7,5,23,24,21,55,28,32,36,16,34,29,47,42,47,56,43,51,44,647
volatility models,0,0,0,0,0,0,4,0,0,10,15,7,24,25,12,26,21,22,25,25,44,39,64,55,42,56,39,45,42,642
limit order,0,0,0,0,4,7,0,0,0,8,11,6,4,8,13,21,14,17,35,43,50,41,42,42,47,28,55,62,84,642
differential equations,0,0,0,0,0,0,0,0,4,7,9,10,12,19,17,33,21,29,32,41,28,40,40,49,44,43,45,51,52,626
stochastic differential,0,0,0,3,0,0,0,0,6,11,8,13,12,18,19,21,21,27,36,26,27,33,42,56,46,36,35,44,55,595
financial time,0,0,0,3,8,7,5,13,16,13,14,14,10,13,21,15,19,24,13,16,24,26,39,35,37,43,38,60,60,586
value function,0,0,0,0,0,0,0,0,0,0,11,11,9,27,22,28,26,48,27,42,28,39,31,35,38,36,27,36,47,568
economic growth,0,0,0,0,0,0,0,0,0,0,0,6,0,3,4,15,9,13,58,52,27,16,26,27,64,42,56,53,95,566
market data,0,0,0,0,0,5,0,4,9,12,5,11,5,7,4,8,12,13,24,14,16,23,44,48,42,49,53,73,85,566
volatility model,0,0,0,0,0,0,0,0,4,7,5,15,12,24,10,25,25,24,34,34,22,32,40,30,34,48,45,52,33,555
stock prices,0,0,0,0,0,7,5,15,11,12,8,6,5,9,13,16,23,20,14,17,19,21,44,49,55,46,60,44,35,554
large language,0,0,0,0,0,0,0,0,0,0,0,0,0,0,0,0,0,0,0,0,0,0,0,0,0,0,96,192,260,548
trading strategies,0,0,0,0,0,0,0,0,0,5,0,8,7,6,9,6,19,16,20,28,34,23,52,41,49,36,42,65,80,546
power law,4,6,8,18,27,15,36,32,33,26,19,19,14,27,19,11,21,28,14,32,9,10,15,19,21,13,9,11,10,526
artificial intelligence,0,0,0,0,0,0,0,0,0,0,0,0,0,0,0,0,0,0,8,3,0,4,31,30,50,41,68,114,160,509
credit risk,0,0,0,0,0,0,0,7,0,4,6,8,9,11,23,14,24,26,33,23,26,30,25,27,35,33,37,56,51,508
financial data,0,0,0,4,6,3,0,3,8,11,8,8,7,9,12,11,14,16,13,14,22,19,25,33,37,20,53,67,85,508
risk measure,0,0,0,0,7,0,0,0,0,12,0,0,9,11,23,17,28,24,30,26,35,19,26,54,40,35,22,50,36,504
language models,0,0,0,0,0,0,0,0,0,0,0,0,0,0,0,0,0,0,0,0,0,0,0,0,0,0,88,173,242,503
stock markets,0,0,5,8,0,9,5,20,13,24,15,8,24,9,8,12,17,16,27,22,26,28,39,35,38,16,22,32,16,494
stock exchange,3,0,5,5,0,0,15,15,13,29,20,17,13,16,12,16,28,21,20,20,23,19,22,30,17,34,32,22,26,493
optimization problem,0,0,0,0,0,0,0,0,0,0,7,0,5,7,9,13,8,26,21,40,30,29,45,33,45,40,42,33,40,473
risk aversion,0,0,0,0,0,0,10,0,7,5,5,4,0,4,35,13,17,24,27,20,11,16,26,34,41,47,26,47,46,465
differential equation,0,0,0,0,0,6,0,3,0,8,5,10,8,16,17,19,20,27,29,20,20,25,35,38,30,22,24,37,43,462
interest rates,0,0,4,0,0,0,0,6,0,12,10,8,8,7,17,18,12,12,20,29,7,44,32,31,23,24,39,43,40,446
price impact,0,0,0,0,0,0,0,4,0,10,10,0,7,10,19,12,10,16,17,29,20,41,26,33,43,25,37,25,52,446
asset pricing,0,0,0,0,0,0,3,0,0,8,8,5,7,14,13,13,22,26,16,19,17,30,28,28,19,31,33,57,48,445
market model,0,0,3,0,9,6,9,0,8,6,14,19,16,9,19,14,23,30,29,24,12,20,24,25,20,34,25,23,20,441
option prices,0,0,0,0,0,0,0,0,4,8,4,8,8,14,14,23,26,23,21,21,20,26,29,37,41,18,26,35,31,437
portfolio selection,0,0,0,0,0,0,0,0,0,0,6,5,6,8,9,21,15,20,14,19,20,19,28,24,24,44,43,59,52,436
asset price,0,0,0,0,0,0,0,0,0,8,8,13,14,11,10,13,24,18,21,26,21,25,33,19,28,36,43,31,32,434
control problem,0,0,0,0,0,0,0,0,0,0,0,0,3,18,13,16,17,24,16,23,14,32,32,35,29,37,29,43,44,425
optimal portfolio,0,0,0,0,0,5,0,0,0,0,6,5,8,8,10,15,18,16,14,21,24,34,33,34,28,35,44,33,25,416
covid pandemic,0,0,0,0,0,0,0,0,0,0,0,0,0,0,0,0,0,0,0,0,0,0,0,91,105,69,57,38,51,411
optimal stopping,0,0,0,0,0,0,0,0,0,0,7,0,13,10,12,10,18,29,19,19,39,17,36,20,43,38,17,28,22,397
learning models,0,0,0,0,0,0,0,0,0,0,0,0,0,0,0,0,0,0,0,0,0,7,21,43,41,50,60,92,80,394
stochastic control,0,0,0,0,0,0,0,0,0,0,0,0,4,9,13,8,15,18,18,22,13,22,31,36,34,32,34,39,45,393
paper propose,0,0,0,0,0,0,0,0,0,0,0,6,4,6,3,12,13,13,4,18,19,14,29,44,48,52,38,30,35,388
optimal investment,0,0,0,0,0,7,0,4,3,0,10,11,6,7,21,13,18,24,28,27,14,22,12,31,28,23,31,24,23,387
continuous time,0,0,0,0,0,0,0,6,4,9,7,16,11,8,20,17,19,21,18,19,27,17,38,25,21,24,19,23,16,385
numerical experiments,0,0,0,0,0,0,0,0,0,0,0,0,4,0,7,6,10,7,18,24,19,15,24,28,31,31,41,44,72,381
results suggest,0,0,0,0,0,0,0,0,0,3,4,0,3,4,6,0,3,11,11,4,5,13,26,48,43,34,35,49,75,377
paper presents,0,0,0,0,0,0,0,3,0,0,0,0,3,4,6,7,12,9,14,8,12,19,14,27,36,26,53,55,69,377
stock returns,0,0,0,6,4,6,0,11,6,0,3,4,6,13,3,6,17,15,8,12,12,19,27,30,19,25,40,38,45,375
trading strategy,0,0,0,0,0,0,0,0,0,0,4,3,4,9,12,18,4,12,10,12,16,26,35,37,42,27,35,29,34,369
case study,0,0,0,0,0,0,0,0,0,0,5,0,4,0,4,6,15,6,7,0,9,19,16,32,38,37,46,54,67,365
market dynamics,0,0,3,0,0,3,4,3,4,9,0,4,5,6,3,7,12,11,11,11,11,13,12,22,27,10,40,66,65,362
expected utility,0,0,0,0,0,0,0,0,0,0,9,0,9,7,12,10,14,20,21,23,8,24,46,24,25,26,28,29,24,359
partial differential,0,6,0,0,0,3,0,0,0,4,5,0,4,12,14,19,15,19,19,23,10,20,27,26,33,20,22,28,27,356
exchange rate,0,0,0,0,9,0,5,9,11,8,5,3,7,6,4,0,9,12,16,16,17,4,15,32,22,23,38,37,48,356
financial crisis,0,0,0,0,0,0,0,0,0,0,0,7,11,8,14,18,40,24,23,25,32,35,19,17,18,15,19,10,19,354
sharpe ratio,0,0,0,0,0,0,0,0,0,0,11,0,5,0,7,0,6,6,17,16,10,21,43,26,29,16,30,49,57,349
results indicate,0,0,0,0,0,0,0,0,0,5,0,0,0,0,0,3,3,0,8,10,9,9,15,23,54,31,46,56,74,346
growth rate,0,5,0,7,0,0,9,0,0,9,10,13,7,14,8,15,16,6,36,19,10,13,15,20,29,11,17,25,32,346
market impact,0,0,0,0,0,0,0,0,0,0,0,9,0,6,15,28,39,21,12,24,19,20,24,23,10,22,21,22,30,345
stylized facts,0,0,0,0,11,0,0,3,10,4,10,18,5,7,6,13,24,21,10,15,8,19,21,18,12,11,28,40,30,344
united states,0,0,0,0,0,0,0,0,0,0,0,3,7,0,0,3,0,5,8,10,9,8,18,48,53,34,37,38,63,344
optimal strategy,0,4,0,0,0,0,0,0,0,0,3,3,8,8,17,13,12,21,17,26,24,21,41,22,19,21,22,21,21,344
market makers,0,0,0,0,0,0,0,0,0,0,0,0,0,4,8,14,0,6,6,9,0,9,21,30,38,45,41,47,64,342
price dynamics,0,0,0,5,5,0,3,0,7,11,5,5,6,9,17,12,13,24,17,19,13,11,27,19,11,15,20,19,43,336
utility maximization,0,0,0,0,0,0,0,0,4,9,8,7,9,12,29,12,10,15,19,26,18,24,25,8,7,24,30,21,17,334
expected shortfall,0,0,0,0,13,0,0,0,0,7,0,0,4,8,9,0,10,12,11,14,22,15,35,31,15,29,22,42,33,332
heston model,0,0,0,0,0,0,0,0,8,4,0,5,0,11,7,12,17,17,20,14,9,34,21,16,27,14,24,27,39,326
foreign exchange,0,0,5,0,0,10,9,6,11,14,5,14,11,5,7,13,6,16,15,14,6,7,21,27,23,13,21,23,19,321
paper investigates,0,0,0,0,0,0,0,3,0,0,0,0,0,4,5,0,5,7,3,6,9,11,21,16,31,30,36,53,78,318
paper proposes,0,0,0,0,0,0,0,0,0,0,0,0,0,3,6,7,0,5,5,8,8,15,23,26,36,28,27,62,57,316
optimal control,0,0,0,0,0,0,0,0,0,0,0,0,0,18,3,7,9,14,17,24,12,22,24,29,16,20,27,28,42,312
financial institutions,0,0,0,0,0,0,0,0,0,0,0,0,5,4,9,10,10,13,12,15,18,28,21,14,19,21,23,48,39,309
paper studies,0,0,0,0,0,0,0,0,0,0,5,0,3,5,8,4,11,12,21,16,11,15,12,25,25,37,30,33,36,309
social media,0,0,0,0,0,0,0,0,0,0,0,0,0,0,0,0,0,0,3,0,3,18,11,18,59,45,57,45,50,309
market conditions,0,0,0,0,0,0,0,0,0,0,0,4,3,9,4,7,6,0,0,8,5,7,13,15,24,24,37,59,83,308
utility function,0,0,0,0,0,0,0,0,0,6,16,5,11,7,20,14,15,15,16,11,13,15,29,28,14,18,19,18,18,308
climate change,0,0,0,0,0,0,0,0,0,0,0,0,0,0,0,0,5,0,0,6,0,7,16,42,56,20,39,59,57,307
propose new,0,0,0,0,0,0,0,0,0,0,0,7,6,0,3,12,15,12,9,23,11,14,27,28,34,29,30,25,22,307
order flow,0,0,0,0,0,0,0,0,0,0,0,7,10,8,12,9,5,21,10,17,15,8,15,12,30,9,38,22,56,304
model based,0,0,0,4,0,0,0,0,3,5,5,8,3,0,5,8,4,16,14,14,13,19,20,29,31,23,30,31,17,302
model parameters,0,0,0,0,0,0,0,0,3,4,4,0,0,17,5,6,8,12,22,22,12,19,17,27,34,17,27,26,20,302
numerical examples,0,0,0,0,0,0,0,0,0,0,3,0,0,14,5,7,13,21,23,21,12,24,22,21,17,26,15,31,26,301
empirical analysis,0,0,0,0,0,0,0,3,0,3,4,4,0,0,7,9,4,4,9,12,6,7,12,18,32,20,40,51,56,301
discrete time,0,0,0,0,0,0,0,0,0,4,0,9,6,8,6,10,21,36,21,22,14,29,22,24,23,11,13,10,8,297
propose novel,0,0,0,0,0,0,0,0,0,0,0,3,0,0,0,0,3,5,3,10,15,7,26,22,23,30,43,53,53,296
also show,0,0,0,0,0,0,0,0,0,3,8,8,4,9,7,9,11,9,20,12,11,16,25,27,31,22,24,18,19,293
numerical results,0,0,0,0,0,0,0,4,0,0,4,5,7,14,9,9,10,23,16,19,22,17,22,18,23,16,16,20,19,293
using data,0,0,0,0,0,0,0,0,4,0,0,0,6,0,0,0,3,4,5,7,8,10,20,32,35,27,25,44,62,292
market price,0,0,4,3,7,3,0,3,5,4,12,5,3,17,12,9,9,9,15,11,13,8,21,21,21,15,21,20,21,292
asset prices,0,0,0,0,0,0,0,0,6,0,4,6,9,14,3,8,18,17,13,12,11,22,16,19,20,22,19,23,28,290
term structure,0,4,0,0,0,9,0,0,0,7,3,11,6,10,6,5,12,22,17,9,7,24,26,18,18,7,13,27,27,288
price changes,0,0,4,3,10,4,14,4,7,9,10,3,8,13,13,10,13,12,9,15,7,15,6,9,12,14,17,15,31,287
existence uniqueness,0,0,0,0,0,0,0,0,0,0,4,8,7,3,9,8,13,14,15,18,19,26,14,21,22,19,19,26,22,287
portfolio management,0,0,0,0,0,0,0,0,0,0,4,0,0,0,0,5,8,5,3,3,6,8,22,33,25,24,49,48,43,286
pricing model,0,0,0,0,0,0,0,0,0,0,3,0,3,12,16,9,11,20,12,9,16,20,21,24,19,14,12,39,23,283
decision making,0,0,0,0,0,0,0,0,0,3,3,0,0,4,0,9,13,7,10,0,13,9,22,37,33,16,26,48,26,279
deep reinforcement,0,0,0,0,0,0,0,0,0,0,0,0,0,0,0,0,0,0,0,0,0,9,22,33,55,37,31,47,45,279
price process,0,0,0,0,0,0,0,0,0,0,8,11,14,15,18,10,16,15,20,20,19,12,12,13,12,16,17,16,14,278
proposed model,0,0,0,0,0,0,0,0,0,4,5,0,4,4,3,9,10,7,8,13,11,19,15,21,26,27,29,37,26,278
probability distribution,0,6,4,6,0,5,12,13,6,16,9,16,9,10,6,14,12,6,11,7,13,13,14,15,13,12,17,8,5,278
widely used,0,0,0,0,0,0,0,0,0,4,0,5,0,5,8,3,6,12,8,9,11,12,15,33,25,21,32,30,38,277
high frequency,3,0,0,0,0,0,0,0,7,6,5,8,7,10,19,22,30,15,9,13,20,7,20,19,20,6,9,13,8,276
markov chain,0,0,0,0,0,0,0,0,0,0,3,0,14,14,23,8,19,13,8,19,16,16,23,14,16,16,20,18,15,275
monetary policy,0,0,0,0,0,0,0,0,0,10,0,0,0,0,9,0,3,4,0,0,4,10,20,24,30,24,57,33,46,274
empirical evidence,0,0,0,0,3,0,0,3,0,4,0,3,0,4,4,3,7,7,5,14,6,12,6,18,27,25,34,26,63,274
recent years,0,0,0,0,0,0,0,0,0,0,3,0,0,3,3,0,5,3,8,6,11,13,25,31,29,30,40,35,24,269
time scales,0,0,9,6,0,3,11,8,14,15,8,8,8,16,0,5,5,10,14,7,10,9,23,12,24,6,12,14,12,269
empirical data,0,0,0,7,0,4,3,5,5,17,11,12,5,7,10,9,11,13,14,22,6,9,11,12,12,6,25,15,13,264
historical data,0,0,0,0,0,0,0,0,0,0,0,0,0,3,7,5,6,6,4,3,10,7,18,24,25,33,34,44,35,264
paper introduces,0,0,0,0,0,0,0,0,0,0,0,0,3,0,0,3,4,3,0,4,3,6,10,11,14,19,29,76,78,263
empirical results,0,0,0,4,0,3,0,0,0,6,0,6,0,0,4,9,5,5,4,9,7,13,12,20,21,20,24,36,55,263
value risk,0,0,0,0,0,0,0,0,0,0,0,0,6,3,11,7,4,11,9,13,11,10,22,25,27,28,15,31,28,261
random variables,0,0,0,0,0,3,0,0,4,5,4,7,6,15,8,13,16,11,13,7,13,20,13,20,8,12,16,22,23,259
time horizon,0,0,0,4,0,4,0,0,5,6,6,4,7,7,7,14,11,9,9,19,13,14,15,30,22,11,17,15,10,259
models llms,0,0,0,0,0,0,0,0,0,0,0,0,0,0,0,0,0,0,0,0,0,0,0,0,0,0,33,89,136,258
paper study,0,0,0,0,0,0,0,0,0,5,0,7,3,4,6,7,14,9,14,20,18,18,13,26,22,19,23,19,10,257
labor market,0,0,0,0,0,0,0,0,0,0,0,0,0,0,0,0,0,0,5,0,8,0,7,8,24,30,44,56,75,257
supply chain,0,0,0,0,0,0,0,0,0,0,0,0,0,0,0,0,0,0,0,0,0,6,18,28,22,29,34,42,75,254
american options,0,0,0,0,0,4,0,0,0,8,0,0,5,15,0,8,11,7,19,35,8,11,13,24,14,7,20,16,29,254
large number,0,0,0,0,0,0,0,0,0,0,6,3,0,4,4,5,9,11,11,21,13,18,21,28,16,17,23,24,19,253
nash equilibrium,0,0,0,0,0,0,0,0,0,0,4,0,0,4,0,3,9,17,13,11,14,16,23,18,23,16,23,35,24,253
dynamic programming,0,0,0,0,0,0,0,0,0,0,0,0,0,5,11,12,12,6,17,18,13,16,22,24,14,15,26,21,19,251
local volatility,0,0,0,0,0,0,0,0,0,0,0,0,7,6,0,17,19,12,0,22,11,13,19,25,20,25,16,24,14,250
backward stochastic,0,0,0,0,0,0,0,0,0,3,3,8,3,10,5,8,11,10,16,17,10,14,19,21,14,14,17,28,15,246
proposed method,0,0,0,0,0,0,0,0,0,0,0,0,0,0,8,9,5,4,3,5,12,8,25,14,22,30,33,42,24,244
option price,0,0,0,0,0,0,0,5,0,4,0,7,8,7,5,5,8,7,12,13,20,18,11,23,27,15,17,15,16,243
learning algorithms,0,0,0,0,0,0,0,0,0,0,0,0,0,0,0,0,0,0,0,0,7,9,27,44,31,20,27,45,32,242
learning techniques,0,0,0,0,0,0,0,0,0,0,0,0,0,0,0,0,0,0,0,0,9,6,15,32,26,31,32,56,34,241
market participants,0,0,0,0,0,0,0,0,0,0,9,5,6,0,9,0,12,4,7,10,13,16,20,22,23,25,23,16,21,241
geometric brownian,0,0,0,0,0,0,0,0,0,6,5,6,5,7,3,8,11,13,16,20,17,15,8,17,12,13,20,22,15,239
wealth distribution,0,0,0,4,0,0,15,11,21,11,9,8,14,8,13,12,8,23,6,13,7,7,4,10,13,8,0,5,7,237
asset returns,0,0,0,0,0,0,3,0,0,0,3,4,4,3,5,11,11,12,5,12,8,10,17,17,28,24,15,27,16,235
learning methods,0,0,0,0,0,0,0,0,0,0,0,0,0,0,0,0,3,0,0,0,5,7,23,26,30,37,30,38,36,235
investment strategies,0,0,0,0,0,0,0,0,0,0,0,6,6,0,9,4,5,6,4,11,5,10,20,13,12,14,35,37,37,234
statistically significant,0,0,0,0,0,0,0,0,0,0,0,0,0,4,8,0,5,7,9,3,5,9,13,22,20,21,22,22,63,233
price prediction,0,0,0,0,0,0,0,0,0,0,0,0,0,0,0,0,0,0,0,0,0,11,18,29,28,35,33,47,32,233
paper examines,0,0,0,0,0,0,0,0,0,0,0,0,0,4,12,0,3,4,3,7,6,9,6,14,18,19,27,40,61,233
risky asset,0,0,0,0,0,0,0,0,0,0,0,0,9,6,10,3,20,18,14,16,5,16,16,12,13,11,25,18,19,231
data analysis,0,0,0,0,0,0,0,0,4,7,0,0,3,3,4,4,0,4,9,12,10,0,8,29,27,15,28,33,31,231
statistical properties,0,0,6,0,7,5,7,0,6,22,10,10,8,12,6,10,8,5,4,5,10,8,8,16,9,8,17,12,11,230
closed form,0,0,3,0,0,0,0,0,0,5,0,0,5,8,3,14,13,6,14,16,15,18,18,15,30,15,14,10,8,230
introduce new,0,0,0,0,0,0,0,0,0,0,3,0,0,3,9,16,10,11,6,5,12,10,18,28,14,17,19,24,23,228
mean field,0,0,0,0,0,0,3,0,0,0,0,0,0,0,0,5,5,0,0,15,11,12,33,21,35,14,30,27,16,227
data set,0,0,0,0,0,0,0,5,0,4,0,5,6,3,0,0,0,3,8,7,6,16,18,28,29,35,16,19,18,226
results demonstrate,0,0,0,0,0,0,0,0,0,0,0,0,0,0,0,0,0,0,0,3,5,6,7,10,11,13,21,67,82,225
levy processes,0,0,0,0,0,0,0,3,0,0,0,12,7,14,7,18,24,7,20,10,10,8,21,16,14,8,12,0,14,225
asset allocation,0,0,0,0,0,3,0,0,0,0,0,0,0,7,0,0,8,0,5,4,5,14,19,23,22,28,29,23,33,223
model uncertainty,0,0,0,0,0,0,0,0,0,0,0,0,0,0,0,0,14,18,7,13,12,15,12,23,17,30,19,27,16,223
underlying asset,0,0,0,0,0,0,0,0,0,0,6,4,8,11,8,7,6,11,4,13,19,13,12,15,15,14,27,20,10,223
renewable energy,0,0,0,0,0,0,0,0,0,0,0,0,0,0,0,0,0,0,0,0,0,7,4,25,29,24,33,33,67,222
findings suggest,0,0,0,0,0,0,0,0,0,0,0,3,0,0,0,0,0,0,6,0,3,7,6,11,18,18,18,42,90,222
central bank,0,0,0,0,0,0,0,0,0,0,0,0,3,0,4,0,6,8,12,0,13,13,6,26,25,13,23,30,40,222
price fluctuations,0,0,8,5,9,6,18,4,12,13,8,8,10,4,4,11,15,3,6,4,0,5,3,11,9,13,8,13,11,221
wide range,0,0,0,0,0,0,0,0,0,4,0,4,6,3,4,7,0,7,9,10,4,9,18,27,23,14,25,21,24,219
european options,0,0,0,0,0,0,0,0,0,5,0,4,6,11,4,5,9,11,10,16,6,15,17,11,19,13,25,16,16,219
income distribution,0,0,0,4,0,0,6,10,12,8,0,10,7,6,0,16,8,12,8,14,9,0,0,11,22,10,8,20,18,219
blackscholes model,0,0,0,0,0,0,0,0,0,0,0,0,8,13,9,5,13,12,15,7,9,13,10,19,16,15,18,18,18,218
optimal trading,0,0,0,0,0,0,0,0,0,0,0,0,0,5,6,9,7,6,12,16,16,18,17,28,24,13,9,13,17,216
real data,0,0,0,0,0,0,0,0,0,0,5,0,0,5,9,7,4,6,10,10,7,10,15,29,18,23,22,20,15,215
financial system,0,0,0,0,0,0,0,0,0,0,0,3,0,0,4,23,18,9,10,8,20,15,12,10,18,18,12,20,15,215
deep neural,0,0,0,0,0,0,0,0,0,0,0,0,0,0,0,0,0,0,0,0,3,16,35,31,39,21,22,20,28,215
covariance matrix,0,0,0,0,0,0,0,0,0,7,0,4,0,0,6,5,10,10,17,19,4,15,11,18,22,13,25,19,9,214
levy process,0,0,0,0,0,0,0,0,0,0,0,5,7,10,17,9,14,7,15,8,14,19,18,18,10,15,11,10,5,212
complex systems,0,0,0,0,0,0,0,0,0,0,5,12,3,8,5,17,9,15,12,20,8,14,14,8,8,9,14,17,14,212
financial risk,0,0,0,0,4,0,0,0,0,0,0,0,6,0,11,0,8,4,5,5,7,10,0,16,18,20,14,44,39,211
pricing hedging,0,0,0,0,0,0,0,0,0,0,4,0,7,9,6,8,9,16,8,11,9,16,21,11,19,13,8,17,18,210
exchange rates,0,0,0,0,10,0,10,3,3,5,4,10,13,7,0,5,8,14,7,6,0,12,17,14,7,10,14,12,19,210
utility functions,0,0,0,0,0,0,0,0,0,0,6,7,9,8,16,9,0,13,11,14,13,13,15,6,5,13,13,20,18,209
optimization problems,0,0,0,0,0,0,0,0,0,3,3,0,0,0,5,10,11,11,5,9,11,16,12,18,23,14,19,22,16,208
price movements,0,0,0,0,0,0,0,0,0,0,0,5,5,6,0,0,0,6,6,4,7,15,8,12,13,19,36,28,38,208
sufficient conditions,0,0,0,0,0,0,0,0,0,0,0,6,7,7,6,7,7,13,14,14,8,17,10,18,17,17,11,11,16,206
new approach,0,0,0,0,3,0,0,0,0,4,0,5,5,4,9,6,9,3,7,7,9,15,16,22,14,20,16,21,11,206
data sets,0,0,0,0,0,0,0,6,0,6,7,0,4,0,10,3,4,13,8,14,7,9,13,19,8,40,17,11,6,205
point view,0,0,0,0,4,0,4,0,0,0,3,5,9,4,5,7,11,11,9,12,11,8,18,16,16,15,15,10,8,201
market efficiency,0,0,0,0,0,3,0,0,0,6,8,6,0,0,0,16,7,10,10,3,21,0,21,13,8,10,16,15,27,200
future research,0,0,0,0,0,0,0,0,0,0,0,0,0,0,0,3,0,0,0,0,5,5,8,13,27,15,34,45,45,200
market models,0,0,0,0,0,0,0,0,0,4,7,8,8,9,10,7,14,9,29,8,6,11,15,5,8,10,14,13,5,200
random walk,0,3,6,5,3,4,6,6,5,9,6,10,4,0,13,16,15,11,13,7,7,6,10,8,8,4,6,3,4,198
probability density,0,0,3,0,8,5,7,8,10,11,7,9,9,14,7,3,7,5,0,5,15,7,11,14,8,7,4,9,5,198
results obtained,0,0,0,0,3,0,0,0,3,0,3,9,0,6,5,8,8,12,8,11,21,10,12,16,15,12,15,14,7,198
sentiment analysis,0,0,0,0,0,0,0,0,0,0,0,0,0,0,0,0,0,0,0,0,0,0,10,13,15,12,42,56,50,198
risk factors,0,0,0,0,0,0,0,0,0,0,0,0,5,4,0,0,3,15,7,8,6,8,5,20,39,13,24,19,22,198
also find,0,0,0,0,0,0,0,0,0,0,4,0,5,11,0,6,0,6,9,13,6,7,13,22,24,8,20,19,25,198
empirical study,0,0,0,0,0,0,0,4,3,0,0,0,3,4,4,0,6,5,9,6,9,16,15,11,16,20,29,23,15,198
stochastic process,0,0,5,0,4,0,0,6,4,7,10,7,13,9,0,8,5,6,12,3,6,15,10,12,10,20,8,7,10,197
approach based,0,0,0,0,0,0,0,0,0,0,0,4,4,4,0,5,9,6,15,10,7,14,14,17,24,21,15,15,13,197
carlo simulations,0,0,0,3,0,0,0,0,0,0,4,6,4,9,13,7,7,5,4,9,7,3,11,19,10,9,21,22,23,196
financial networks,0,0,0,0,0,0,0,0,0,0,0,0,0,0,6,9,0,16,12,14,9,9,19,14,16,11,11,29,20,195
per capita,0,0,0,0,0,0,0,0,0,0,0,27,0,0,3,16,0,0,11,17,3,0,0,14,28,6,12,30,28,195
optimal transport,0,0,0,0,0,0,0,0,0,0,0,0,0,0,0,0,0,8,6,9,20,12,22,18,28,9,25,13,25,195
market making,0,0,0,0,0,0,0,0,0,0,0,0,0,4,5,0,0,0,3,6,0,17,15,11,17,24,34,28,30,194
rough volatility,0,0,0,0,0,0,0,0,0,0,0,0,0,0,0,0,0,0,0,0,16,13,20,16,18,37,23,29,22,194
stochastic processes,0,0,0,0,0,3,8,4,3,5,4,10,8,6,4,5,7,4,10,4,9,13,8,15,6,15,13,19,11,194
cryptocurrency market,0,0,0,0,0,0,0,0,0,0,0,0,0,0,0,0,0,0,0,0,0,7,28,26,21,20,34,37,20,193
mathematical finance,0,0,0,0,0,0,0,0,0,0,0,6,6,8,11,11,8,10,13,11,10,9,15,12,17,15,11,8,11,192
optimal strategies,0,0,0,0,0,0,0,0,0,0,0,0,8,4,3,7,9,9,8,11,6,14,16,13,13,17,13,20,21,192
agentbased model,0,0,0,0,0,0,0,0,3,0,0,4,0,3,0,6,7,12,12,9,7,6,18,17,26,14,15,13,20,192
international trade,0,0,0,0,0,0,0,0,0,0,7,0,0,0,6,12,0,11,18,10,8,8,4,22,14,13,24,19,16,192
correlation matrix,0,0,0,0,5,0,6,0,11,5,16,16,5,8,7,5,9,5,6,10,4,9,10,12,10,9,6,11,6,191
investment strategy,0,0,0,0,0,0,0,0,0,0,9,0,0,8,0,5,5,10,13,5,11,7,14,16,12,18,18,20,19,190
novel approach,0,0,0,0,0,0,0,0,0,0,0,0,0,0,0,0,3,3,5,3,7,7,11,11,12,9,39,53,26,189
market maker,0,0,0,0,0,0,0,0,0,0,0,0,0,6,4,7,0,3,9,4,0,7,20,14,14,19,25,24,32,188
terminal wealth,0,0,0,0,0,0,0,0,0,4,8,4,4,6,6,0,9,11,3,10,14,11,14,19,20,8,7,17,12,187
across different,0,0,0,0,0,0,0,0,0,0,0,0,0,0,3,0,0,0,0,5,6,8,10,15,14,13,21,44,47,186
paper present,0,0,0,0,0,0,0,0,0,0,0,0,7,5,9,6,6,10,11,11,8,8,12,23,13,12,17,18,9,185
series data,0,0,0,0,0,0,0,0,0,0,0,4,0,0,0,0,3,0,5,15,14,11,10,10,11,16,27,38,19,183
natural language,0,0,0,0,0,0,0,0,0,0,0,0,0,0,0,0,0,0,0,0,3,0,5,12,16,17,37,49,44,183
numerical simulations,0,0,0,0,0,3,0,0,4,3,8,0,3,4,5,8,12,12,8,8,6,19,10,6,9,12,11,19,13,183
control problems,0,0,0,0,0,0,0,0,0,0,0,0,0,0,7,5,5,8,7,11,8,11,11,14,17,17,21,17,24,183
learning approach,0,0,0,0,0,0,0,0,0,0,0,0,0,0,0,0,0,0,0,3,0,12,11,24,20,21,23,29,40,183
long term,0,0,0,0,0,0,0,0,4,4,4,0,0,0,0,5,7,16,11,12,12,10,14,21,14,10,11,11,17,183
two different,0,0,0,0,0,0,4,0,0,0,3,0,0,6,10,5,7,10,8,14,9,5,14,8,16,22,15,17,9,182
risk model,0,0,0,0,0,0,0,0,0,0,3,0,3,6,9,3,19,10,9,11,18,8,14,9,15,12,9,13,11,182
market prices,0,0,0,3,0,0,0,0,0,3,0,0,4,8,8,6,5,5,6,5,8,9,17,15,11,11,16,24,15,179
random forest,0,0,0,0,0,0,0,0,0,0,0,0,0,0,0,0,0,0,0,0,3,3,9,17,15,23,18,40,51,179
global financial,0,0,0,0,0,0,0,0,0,0,0,0,0,0,3,11,18,11,5,9,13,17,7,4,14,7,20,17,22,178
income inequality,0,0,0,0,0,0,0,0,0,0,0,0,0,0,0,0,0,0,11,5,13,4,0,19,30,28,9,25,33,177
different types,0,0,0,0,0,0,0,0,0,0,3,3,0,4,3,5,5,5,3,6,0,9,11,25,18,19,14,23,20,176
paper introduce,0,0,0,0,0,0,0,0,0,0,0,3,3,3,5,6,8,8,4,8,8,12,18,17,8,14,13,22,15,175
model using,0,0,0,0,0,0,0,0,0,0,0,0,7,3,3,4,7,4,8,6,0,12,13,15,14,13,17,22,25,173
risk assessment,0,0,0,0,0,0,0,0,0,0,0,0,0,0,4,0,6,3,5,0,3,5,4,10,15,14,16,34,54,173
factor model,0,0,0,0,0,0,0,0,6,0,0,0,0,0,4,0,12,14,4,0,16,12,14,13,7,8,26,15,22,173
optimal execution,0,0,0,0,0,0,0,0,0,0,0,0,0,0,5,9,9,15,10,9,10,7,0,11,12,18,18,12,28,173
carlo simulation,0,0,0,0,0,0,0,0,0,0,0,5,8,7,6,8,9,5,6,9,7,8,10,13,10,17,13,21,11,173
proportional transaction,0,0,0,0,0,0,0,0,0,4,0,4,0,8,13,14,18,13,11,19,8,10,18,3,5,5,5,6,7,171
prove existence,0,0,0,0,0,0,0,0,0,0,4,3,0,0,5,10,12,12,11,14,7,13,4,13,18,5,13,9,17,170
hurst exponent,0,0,0,0,0,0,10,0,6,11,17,0,0,0,12,12,5,7,6,5,8,4,19,9,3,14,6,7,9,170
quantitative finance,0,0,0,0,0,0,0,3,0,3,0,0,4,0,7,0,0,4,4,6,7,7,8,15,16,15,13,21,36,169
paper provides,0,0,0,0,0,0,0,0,0,0,0,0,0,0,0,5,0,3,4,5,6,9,12,17,15,17,19,24,33,169
investment decisions,0,0,0,0,0,0,0,0,0,0,0,0,0,0,0,0,5,6,6,3,5,10,8,11,12,15,24,21,42,168
commonly used,0,0,0,0,0,0,0,0,0,0,0,0,0,0,3,7,0,8,4,5,5,10,17,11,19,13,18,26,22,168
paper consider,0,0,0,0,0,0,0,0,0,0,5,3,6,4,5,7,7,10,11,9,13,7,16,22,9,10,7,8,9,168
life insurance,0,0,0,0,0,0,0,0,0,0,0,0,0,0,0,0,0,16,7,10,0,16,12,17,18,24,17,16,15,168
price volatility,0,0,0,0,0,0,0,0,0,0,0,0,0,5,0,3,0,5,6,4,3,15,16,21,19,16,9,18,27,167
moving average,0,0,0,0,0,0,0,0,5,8,0,4,0,12,0,14,0,8,5,5,5,0,27,12,10,12,9,15,16,167
random matrix,0,0,0,0,7,0,0,4,9,4,9,6,12,11,7,10,11,7,3,5,8,5,0,7,7,7,8,11,9,167
finite difference,0,0,0,0,0,0,0,0,0,0,0,0,0,6,8,3,0,17,12,17,16,11,9,18,17,7,8,8,10,167
model also,0,0,0,0,0,0,0,0,3,0,4,4,3,3,4,8,7,11,11,6,10,3,11,16,13,12,17,11,10,167
crude oil,0,0,0,0,0,0,0,0,0,0,0,0,0,0,0,10,7,10,14,4,0,18,0,33,17,15,23,9,6,166
study examines,0,0,0,0,0,0,0,0,0,0,0,0,0,0,0,0,0,0,0,0,0,0,5,6,19,15,16,35,69,165
proposed approach,0,0,0,0,0,0,0,0,0,0,0,0,0,0,3,0,5,3,5,8,6,8,12,12,22,18,17,26,20,165
realized volatility,0,0,0,0,0,0,0,0,0,0,0,0,8,0,0,8,9,0,5,6,8,6,14,20,7,13,14,21,26,165
maximum likelihood,0,0,0,0,0,0,0,0,0,0,0,4,5,0,0,14,4,7,9,12,8,17,15,14,13,13,11,12,7,165
study investigates,0,0,0,0,0,0,0,0,0,0,0,0,0,0,0,0,0,0,0,0,0,0,7,7,13,13,17,42,66,165
tail risk,0,0,0,0,0,0,0,0,0,0,0,0,0,0,0,0,0,6,0,4,8,7,10,25,10,18,20,30,26,164
well known,0,0,0,0,0,0,0,0,0,5,3,0,5,11,12,9,16,13,8,5,12,10,11,8,13,7,7,5,4,164
panel data,0,0,0,0,0,0,0,0,0,0,0,0,0,0,0,3,0,0,0,7,0,0,7,19,29,12,29,17,40,163
long shortterm,0,0,0,0,0,0,0,0,0,0,0,0,0,0,0,0,0,0,0,0,0,6,10,16,17,22,17,40,34,162
price data,0,0,0,0,0,0,0,0,0,4,0,0,0,0,0,4,4,4,0,0,3,8,18,15,14,20,29,14,25,162
fractional brownian,0,0,0,0,0,0,0,0,0,0,0,6,0,0,0,6,0,0,11,20,30,0,6,18,13,14,16,8,14,162
language processing,0,0,0,0,0,0,0,0,0,0,0,0,0,0,0,0,0,0,0,0,3,0,4,9,15,17,36,43,34,161
electricity markets,0,0,0,0,0,0,0,0,0,0,0,0,0,0,0,5,0,0,7,0,14,8,9,17,16,19,13,15,37,160
predictive power,0,0,0,0,0,0,0,0,0,0,0,0,0,3,0,3,3,5,5,0,6,6,13,11,10,19,20,19,37,160
probability distributions,0,0,5,0,0,4,0,0,7,4,0,0,6,8,4,8,5,5,4,6,6,13,7,6,10,10,13,16,13,160
also provide,0,0,0,0,0,0,0,0,3,0,0,3,6,3,3,4,9,3,12,6,0,9,11,10,12,20,18,16,12,160
short term,0,0,0,0,4,0,0,0,0,0,0,0,0,0,6,4,3,5,5,9,8,14,10,16,14,20,10,10,20,158
contingent claims,0,0,0,0,0,0,0,0,0,7,0,12,8,6,13,8,14,11,9,8,9,4,11,9,6,3,8,7,5,158
financial assets,0,0,0,0,0,0,0,0,0,4,0,0,0,4,4,5,8,4,5,4,5,13,14,9,18,19,12,12,18,158
long memory,0,0,0,0,0,0,0,4,0,9,11,14,4,0,18,11,4,11,8,9,7,6,11,9,3,0,8,5,6,158
automated market,0,0,0,0,0,0,0,0,0,0,0,0,0,0,0,0,0,0,0,0,0,0,0,7,17,30,29,35,39,157
taking account,0,0,0,0,0,0,0,0,0,0,4,3,8,0,4,6,3,15,11,4,7,9,17,15,9,7,16,8,11,157
trading volume,0,0,0,0,0,0,0,0,0,0,0,7,0,8,12,0,20,4,0,7,4,0,12,0,13,19,17,18,16,157
partial information,0,0,0,0,0,0,0,0,0,0,4,0,0,6,0,5,12,5,6,13,12,10,17,9,5,8,8,16,21,157
consider problem,0,0,0,0,0,0,0,0,3,3,0,3,4,3,7,8,9,5,13,13,14,10,9,16,10,10,9,3,4,156
economic complexity,0,0,0,0,0,0,0,0,0,0,0,0,0,0,0,0,0,0,10,9,26,9,8,8,10,18,7,16,34,155
real estate,0,0,0,0,0,0,0,0,0,0,0,0,3,0,0,3,10,0,0,8,0,0,0,25,18,20,13,41,14,155
big data,0,0,0,0,0,0,0,0,0,0,0,0,0,0,0,0,0,5,0,0,5,7,15,26,29,14,10,23,21,155
price formation,0,0,0,5,0,0,0,0,0,5,3,0,0,4,0,3,5,6,4,8,7,6,11,24,10,10,13,6,25,155
shortterm memory,0,0,0,0,0,0,0,0,0,0,0,0,0,0,0,0,0,0,0,0,0,6,10,18,18,20,15,36,32,155
analysis shows,0,0,0,0,0,0,0,0,0,0,0,0,0,0,0,3,7,4,7,3,3,6,6,11,18,12,17,18,39,154
stopping problem,0,0,0,0,0,0,0,0,0,0,0,0,6,4,5,0,9,11,9,6,16,8,12,6,16,21,9,8,7,153
market indices,0,0,0,0,0,8,3,0,0,6,5,0,4,0,14,7,4,4,0,4,3,5,12,12,16,9,18,11,8,153
model financial,0,0,0,0,0,4,0,5,4,5,3,5,0,7,4,7,11,8,7,5,6,6,10,3,15,9,10,7,12,153
maximization problem,0,0,0,0,0,0,0,0,0,4,0,4,0,4,10,4,7,6,11,16,9,11,10,8,6,12,12,12,6,152
limit orders,0,0,0,0,0,0,0,0,0,0,7,0,9,4,10,10,12,0,7,25,7,9,5,7,8,0,10,10,12,152
present paper,0,0,0,0,0,0,0,0,4,0,4,7,5,0,5,8,8,12,13,11,9,10,12,12,6,8,4,6,8,152
distribution function,0,0,0,6,0,0,6,11,5,12,0,0,4,12,4,8,10,0,6,6,14,6,6,4,7,5,9,6,5,152
algorithmic trading,0,0,0,0,0,0,0,0,0,0,0,0,0,0,0,5,5,0,4,0,0,7,7,27,12,13,10,32,30,152
analysis reveals,0,0,0,0,0,0,0,0,0,0,0,0,0,3,0,0,0,3,0,0,3,0,0,4,6,9,19,34,71,152
paper explores,0,0,0,0,0,0,0,0,0,0,0,0,0,0,0,0,4,4,0,4,5,0,6,11,8,4,20,50,36,152
model paper,0,0,0,0,0,0,0,0,0,0,4,0,0,3,5,6,3,0,11,0,11,12,13,18,7,16,18,9,16,152
general framework,0,0,0,0,0,0,0,0,0,0,0,0,3,4,7,9,5,6,8,12,10,8,8,9,11,14,15,14,8,151
least squares,0,0,0,0,0,0,0,0,0,0,10,0,0,0,6,4,7,8,0,5,5,13,12,17,13,11,7,15,18,151
hedging strategies,0,0,0,0,0,0,0,0,0,0,0,6,4,4,9,6,10,4,7,5,6,5,9,14,12,9,5,21,15,151
learning framework,0,0,0,0,0,0,0,0,0,0,0,0,0,0,0,0,0,0,0,0,0,3,7,17,8,7,22,32,54,150
necessary sufficient,0,0,0,0,0,0,0,0,0,0,0,5,5,5,6,6,8,6,9,10,4,12,6,15,10,10,13,6,14,150
market microstructure,0,0,0,0,0,0,0,0,0,4,3,0,4,6,0,0,5,3,4,8,11,6,6,10,12,7,12,13,36,150
economic development,0,0,0,0,0,0,0,0,0,0,0,0,0,0,0,0,0,0,3,5,12,8,9,24,20,10,7,32,20,150
pricing models,0,0,0,0,0,3,0,0,0,0,3,0,0,6,0,5,4,9,6,0,7,15,12,15,9,8,15,11,22,150
volatility clustering,0,0,0,0,0,0,0,5,6,8,13,3,3,7,0,4,7,5,8,8,7,3,12,8,0,5,5,13,18,148
special case,0,0,0,0,0,0,0,0,0,3,0,0,0,10,5,5,4,10,9,6,11,9,8,11,14,12,7,12,12,148
barrier options,0,0,0,0,0,0,0,0,0,0,0,13,7,0,5,13,5,13,0,11,7,12,6,16,9,18,6,0,6,147
random variable,0,0,0,0,0,0,0,0,0,0,3,0,3,5,7,6,10,6,12,10,7,10,7,8,12,12,5,11,12,146
first time,0,0,0,0,0,0,0,0,0,0,0,3,0,0,3,7,4,11,6,6,7,6,13,18,14,15,12,8,13,146
previous studies,0,0,0,0,0,0,5,3,0,4,0,0,0,0,3,3,4,7,3,5,5,4,7,23,12,16,13,15,14,146
experimental results,0,0,0,0,0,0,0,0,0,0,0,0,0,0,0,0,0,0,0,0,0,3,14,6,16,19,20,39,28,145
portfolio theory,0,0,0,0,0,0,0,0,0,0,0,0,5,0,0,4,7,0,0,18,16,5,7,12,15,11,10,16,19,145
study optimal,0,0,0,0,0,0,0,0,0,0,0,0,3,4,4,6,7,9,11,9,16,9,6,14,5,8,6,11,16,144
models paper,0,0,0,0,0,0,0,0,0,0,0,0,6,6,0,3,3,8,7,9,5,6,10,14,11,10,13,13,20,144
findings reveal,0,0,0,0,0,0,0,0,0,0,0,0,0,0,0,0,0,0,0,0,0,0,0,6,3,0,23,39,73,144
asian options,0,0,0,5,0,0,0,0,0,0,0,0,6,6,0,0,0,9,12,17,14,4,6,6,8,6,17,14,14,144
new method,0,0,0,0,0,0,0,0,0,0,3,3,0,5,5,5,13,6,5,8,8,9,12,15,15,13,4,11,4,144
meanvariance portfolio,0,0,0,0,0,0,0,0,0,0,0,0,4,0,4,0,5,0,6,9,0,4,17,12,11,15,19,16,20,142
decentralized finance,0,0,0,0,0,0,0,0,0,0,0,0,0,0,0,0,0,0,0,0,0,0,0,13,13,28,28,32,28,142
empirical studies,0,0,0,0,0,6,0,4,0,3,0,0,3,0,0,0,0,6,5,4,7,8,10,10,15,7,19,14,20,141
paper aims,0,0,0,0,0,0,0,0,0,0,0,0,0,6,0,4,3,0,0,4,0,9,8,10,21,19,26,16,15,141
arbitrage opportunities,0,0,4,0,0,3,0,0,0,0,3,7,0,6,4,5,7,8,3,0,9,6,8,18,8,5,14,11,12,141
portfolio construction,0,0,0,0,0,0,0,0,0,0,0,0,0,0,0,0,0,0,0,0,5,0,4,15,16,15,24,30,32,141
regime switching,0,0,0,0,0,0,0,0,0,0,0,0,7,5,4,6,0,10,6,14,5,19,8,9,14,13,7,8,6,141
long run,0,0,0,0,0,0,0,0,0,0,0,3,0,0,3,5,3,5,4,15,3,0,8,10,17,15,11,16,23,141
simple model,0,0,0,7,3,3,5,0,0,4,5,8,8,11,0,6,6,3,6,12,11,9,7,8,0,8,4,0,6,140
market risk,0,0,0,0,0,0,0,0,0,0,0,0,0,3,7,0,0,12,10,0,8,5,7,18,21,4,10,17,18,140
existing literature,0,0,0,0,0,0,0,0,0,0,0,0,0,0,0,0,0,3,9,7,0,10,7,12,11,9,19,28,25,140
positive negative,0,0,0,0,0,0,3,0,0,3,0,4,4,4,6,3,0,4,0,3,5,6,9,14,14,17,17,12,12,140
hjb equation,0,0,0,0,0,0,0,0,0,0,0,0,0,0,7,8,4,12,8,14,5,10,9,14,6,8,10,6,18,139
time period,0,0,0,0,6,0,0,3,0,3,0,0,0,4,3,5,12,7,4,18,8,7,7,4,19,5,10,8,6,139
market volatility,0,0,0,0,0,0,0,0,0,0,0,0,0,3,3,0,0,0,3,0,4,17,8,15,8,13,17,19,29,139
portfolio allocation,0,0,0,0,0,4,0,0,0,0,0,0,0,0,0,0,0,0,4,5,4,0,21,18,17,10,22,11,23,139
buy sell,0,0,0,0,0,0,0,0,3,0,0,4,3,0,9,5,0,7,9,5,4,5,15,10,13,14,9,14,10,139
recurrent neural,0,0,0,0,0,0,0,0,0,0,0,0,0,0,0,0,0,0,0,0,13,6,10,21,17,19,17,15,20,138
findings indicate,0,0,0,0,0,0,0,0,0,0,0,0,0,0,0,0,0,0,3,0,0,4,0,7,10,10,19,43,42,138
hedging strategy,0,0,0,0,0,0,0,0,0,0,0,0,0,0,6,5,14,12,4,5,8,3,7,8,11,13,15,12,14,137
financial systems,0,0,0,0,0,0,0,0,0,0,0,0,0,0,0,11,4,11,15,6,11,8,8,13,7,5,7,11,20,137
paper investigate,0,0,0,0,0,0,0,0,3,0,3,0,0,0,4,0,3,13,4,6,7,6,7,15,12,12,9,17,16,137
network structure,0,0,0,0,0,0,0,0,0,0,0,0,3,0,6,3,6,9,8,4,5,13,15,18,6,9,9,11,12,137
supply demand,0,0,0,0,0,0,0,0,0,0,0,0,0,0,3,3,0,4,9,0,0,13,12,17,13,8,19,16,19,136
different time,0,0,0,0,0,0,3,6,3,6,0,6,0,0,6,8,4,6,7,0,9,4,5,10,12,13,12,5,11,136
theoretical results,0,0,0,0,0,0,0,0,0,0,0,0,0,0,7,4,3,6,5,6,14,7,4,13,12,10,18,10,17,136
model risk,0,0,0,0,0,0,0,0,0,0,0,0,0,0,6,4,15,0,7,0,9,15,11,4,20,16,10,6,13,136
density function,0,0,0,0,7,0,3,0,6,5,6,7,9,10,3,3,4,3,3,8,5,5,9,12,6,6,7,5,4,136
order books,0,0,0,0,0,0,0,0,0,0,0,0,0,0,0,4,5,4,6,9,12,12,6,10,11,6,11,17,22,135
method based,0,0,0,0,0,0,0,0,0,0,0,0,0,0,0,5,6,5,9,9,4,8,7,13,15,16,15,13,10,135
hawkes process,0,0,0,0,0,0,0,0,0,0,0,0,0,0,0,0,11,13,0,6,16,0,4,7,15,12,9,24,18,135
correlation matrices,0,0,0,0,0,0,0,3,0,8,9,4,0,6,13,5,7,0,4,5,0,4,8,24,9,0,8,7,11,135
dow jones,0,0,0,0,0,0,3,9,8,8,6,3,7,8,4,4,0,7,10,4,0,6,7,6,4,6,7,5,12,134
model used,0,0,0,0,0,0,0,0,0,0,0,0,3,3,0,5,0,4,0,11,7,10,8,14,13,16,11,18,11,134
model allows,0,0,0,0,0,0,0,0,0,0,0,0,3,0,3,6,9,10,8,4,6,5,10,15,11,11,13,11,9,134
chinese stock,0,0,0,0,0,0,0,0,0,0,5,8,5,5,7,0,5,0,15,9,8,6,14,10,5,4,7,6,15,134
superior performance,0,0,0,0,0,0,0,0,0,0,0,0,0,0,0,0,0,0,0,0,4,5,9,6,8,9,21,47,25,134
main result,0,0,0,0,0,0,0,0,0,0,3,0,3,5,5,4,6,12,14,4,4,7,12,7,5,11,7,14,11,134
price forecasting,0,0,0,0,0,0,0,0,0,0,0,0,0,0,0,0,0,0,0,0,4,4,11,14,12,11,23,23,31,133
european union,0,0,0,0,0,0,0,0,0,0,0,0,0,0,0,0,10,5,0,5,0,4,7,30,14,9,8,22,19,133
state space,0,0,0,0,0,0,0,0,0,0,0,4,0,0,3,5,6,6,7,5,6,11,4,12,14,12,13,14,11,133
default risk,0,0,0,0,0,0,0,0,0,0,0,0,4,5,7,9,12,0,10,6,7,14,5,8,7,7,18,3,11,133
financial derivatives,0,0,0,0,0,0,0,3,0,4,0,4,0,4,0,0,7,0,3,3,7,12,7,12,14,12,6,22,13,133
nash equilibria,0,0,0,0,0,0,0,0,0,0,0,0,0,0,0,0,5,0,9,0,9,6,15,16,15,6,18,10,23,132
human capital,0,0,0,0,0,0,0,0,0,0,0,0,0,0,0,0,0,0,0,0,0,16,4,7,22,10,22,23,27,131
take account,0,0,0,0,0,0,0,0,0,3,3,3,0,6,5,5,8,8,3,8,5,0,20,12,10,10,13,6,3,131
martingale measure,0,0,0,0,0,0,0,0,0,7,0,5,4,6,3,9,3,12,9,11,8,6,4,15,6,6,5,5,7,131
call options,0,0,0,0,0,0,0,0,0,0,0,7,0,0,10,8,9,5,11,8,6,7,5,6,6,8,9,11,14,130
principal component,0,0,0,0,0,0,0,0,0,0,0,0,0,3,0,0,0,10,6,0,0,6,11,14,17,16,13,15,19,130
volatility process,0,0,0,0,0,0,0,0,0,4,0,3,8,5,3,5,0,5,9,8,6,4,7,9,7,22,10,8,7,130
risky assets,0,0,0,0,0,0,0,0,0,0,0,5,0,0,4,6,6,10,3,12,4,7,10,12,8,8,15,14,6,130
network model,0,0,0,0,0,0,0,0,0,0,0,3,0,0,0,8,0,4,6,4,6,5,19,5,11,17,10,19,12,129
linear regression,0,0,0,0,0,0,0,0,0,0,0,4,0,0,0,0,4,3,0,0,0,7,8,12,9,12,33,17,20,129
market orders,0,0,0,0,0,0,0,0,0,0,4,0,0,9,17,6,7,5,5,17,12,4,5,11,5,0,9,7,6,129
three different,0,0,0,0,0,0,0,0,0,0,0,0,5,0,6,5,3,5,0,5,4,7,16,9,15,16,12,12,9,129
valuable insights,0,0,0,0,0,0,0,0,0,0,0,0,0,0,0,0,0,0,0,0,0,0,0,3,0,5,26,59,36,129
paper develops,0,0,0,0,0,0,0,0,0,0,3,0,0,0,0,3,4,5,4,4,0,0,5,9,14,10,9,10,49,129
second order,0,0,0,0,0,0,0,0,0,0,0,0,8,4,5,8,6,12,12,5,20,5,5,4,7,3,8,8,9,129
financial instruments,0,0,0,0,0,0,0,0,0,0,3,0,7,4,0,6,6,5,5,12,0,8,6,11,10,10,12,14,10,129
optimal policy,0,0,0,0,0,0,0,0,0,0,0,0,0,0,0,5,5,9,4,4,6,3,5,16,11,9,14,9,29,129
results reveal,0,0,0,0,0,0,0,0,0,0,0,0,0,3,0,0,0,0,0,0,5,0,4,9,9,7,18,20,53,128
publicly available,0,0,0,0,0,0,0,0,0,0,0,0,0,0,0,0,0,0,0,0,0,6,9,17,17,11,12,29,27,128
time scale,0,0,0,0,0,3,3,0,7,5,8,4,7,9,6,0,8,6,0,8,3,6,9,5,8,6,7,4,5,127
developing countries,0,0,0,0,0,0,0,0,0,0,0,0,0,0,0,0,0,0,5,5,5,0,13,19,19,10,24,13,14,127
models using,0,0,0,0,0,0,0,0,0,0,0,0,0,8,0,7,3,0,3,4,4,5,11,9,8,12,12,24,16,126
proposed framework,0,0,0,0,0,0,0,0,0,0,0,0,0,0,0,0,3,5,0,5,0,4,9,12,19,11,16,18,24,126
regression model,0,0,0,0,0,0,0,0,0,0,0,0,0,0,0,0,0,3,3,3,7,5,10,13,18,14,16,18,16,126
standard deviation,0,0,0,0,0,0,0,0,5,0,9,6,3,0,9,0,0,0,4,0,7,11,7,10,14,9,12,13,7,126
model study,0,0,0,0,0,0,0,0,0,0,3,4,0,0,3,4,8,10,6,6,8,6,7,3,9,13,11,13,12,126
language model,0,0,0,0,0,0,0,0,0,0,0,0,0,0,0,0,0,0,0,0,0,0,0,0,0,7,25,35,59,126
special cases,0,0,0,0,0,0,3,0,4,0,3,0,0,3,0,0,12,10,0,6,15,7,7,8,11,7,7,7,15,125
findings show,0,0,0,0,0,0,0,0,0,0,0,0,0,0,0,0,0,0,3,0,3,3,3,8,17,13,26,21,28,125
levy models,0,0,0,0,0,0,0,0,0,0,0,7,7,9,6,11,6,8,16,10,7,5,4,4,6,8,6,0,5,125
find evidence,0,0,0,0,0,0,0,0,0,3,0,0,0,0,0,0,0,3,3,5,7,6,4,17,16,12,16,16,17,125
new york,0,0,5,0,0,0,0,4,5,10,3,3,0,5,0,4,4,6,6,0,7,3,7,9,12,5,6,9,12,125
risk models,0,0,0,0,0,0,0,0,0,0,0,0,0,0,7,3,0,13,13,15,9,0,11,7,12,3,4,12,16,125
introduce novel,0,0,0,0,0,0,0,0,0,0,0,0,0,0,0,0,0,0,0,5,3,0,4,9,12,7,18,34,33,125
volatility surface,0,0,0,0,0,0,0,0,0,0,0,0,0,5,0,11,0,9,0,0,7,4,13,9,9,11,9,14,23,124
electricity prices,0,0,0,0,0,0,0,0,0,0,0,0,0,0,0,0,0,8,4,0,6,9,6,16,9,20,18,9,19,124
also discuss,0,0,0,0,0,0,0,0,0,0,0,6,0,0,3,4,4,9,7,5,8,5,11,13,14,10,10,5,10,124
efficient market,0,0,0,0,0,0,0,0,0,0,7,3,5,0,0,0,0,7,7,6,9,10,8,11,6,9,10,12,14,124
probability measure,0,0,0,0,0,0,0,0,0,0,5,0,0,6,0,9,9,13,8,6,5,4,8,9,7,10,7,8,9,123
data show,0,0,0,0,0,0,0,3,0,0,0,0,0,0,0,5,4,3,8,6,5,8,6,13,10,9,15,13,15,123
call option,0,0,0,0,0,0,0,0,0,0,3,3,0,11,6,10,8,4,8,5,7,5,8,5,10,3,15,5,7,123
important role,0,0,0,0,0,0,0,0,0,0,0,0,0,0,3,0,0,6,5,5,7,6,8,15,21,15,12,12,8,123
loss function,0,0,0,0,0,0,0,0,0,0,0,0,0,0,0,0,0,3,5,3,5,0,4,9,11,8,21,26,28,123
case studies,0,0,0,0,0,0,0,0,0,0,0,0,0,0,0,0,8,0,3,0,3,3,12,14,8,15,11,18,27,122
sustainable development,0,0,0,0,0,0,0,0,0,0,0,0,0,0,0,0,0,0,0,0,0,0,0,16,19,6,12,29,40,122
general equilibrium,0,0,0,0,0,0,0,0,0,0,0,0,0,0,0,0,3,8,8,6,10,7,5,3,11,8,16,15,22,122
electricity market,0,0,0,0,0,0,0,0,0,0,0,0,0,0,0,0,0,7,0,0,8,9,14,10,15,10,8,17,24,122
component analysis,0,0,0,0,0,0,0,0,0,0,0,0,0,3,0,0,0,12,6,0,0,5,12,13,15,12,11,16,17,122
stock trading,0,0,0,0,0,0,0,0,0,0,0,0,0,0,3,0,0,0,0,0,7,10,15,16,20,14,10,12,14,121
credit default,0,0,0,0,0,0,0,0,0,0,0,0,11,3,5,11,5,8,0,6,7,6,6,8,6,8,3,18,10,121
show model,0,0,0,0,0,0,0,0,0,6,4,3,3,0,4,5,7,0,3,5,3,4,9,9,9,6,17,13,11,121
probability measures,0,0,0,0,0,0,0,0,0,0,0,0,0,5,5,6,7,5,8,7,15,6,5,12,10,9,3,9,9,121
hawkes processes,0,0,0,0,0,0,0,0,0,0,0,0,0,0,0,0,0,5,15,6,13,10,9,5,19,0,8,11,19,120
real world,0,0,0,0,0,0,0,0,0,0,0,0,5,4,3,0,0,0,8,3,10,9,11,19,14,6,6,5,17,120
cash flow,0,0,0,0,0,0,0,0,0,0,5,0,3,6,0,0,7,4,10,13,5,6,8,7,11,14,6,8,7,120
financial applications,0,0,0,0,0,0,0,0,0,0,0,0,0,0,3,0,4,3,0,5,0,4,11,10,15,9,9,23,24,120
solve problem,0,0,0,0,0,0,0,0,0,0,0,0,3,3,3,3,4,9,7,6,6,4,6,6,9,9,16,18,8,120
technical indicators,0,0,0,0,0,0,0,0,0,0,0,0,0,0,0,0,0,0,0,0,4,0,16,12,23,12,8,21,23,119
finite time,0,0,0,0,0,0,0,0,3,0,6,0,3,0,6,7,7,5,3,17,3,9,11,7,6,4,7,9,6,119
exponential levy,0,0,0,0,0,0,0,0,0,0,0,7,6,8,7,18,8,7,10,10,10,7,6,4,4,0,0,0,7,119
markets paper,0,0,0,0,0,0,3,0,0,0,0,0,0,4,5,0,0,3,7,10,6,4,6,14,8,8,9,12,20,119
learning model,0,0,0,0,0,0,0,0,0,0,0,0,0,0,0,0,0,0,0,0,0,5,5,9,23,16,23,22,16,119
results also,0,0,0,0,0,0,0,0,0,0,0,0,0,0,3,5,5,5,6,0,5,9,9,11,10,9,16,15,11,119
models based,0,0,0,0,0,0,0,0,0,0,0,0,4,0,0,4,11,0,4,4,3,5,9,15,17,9,6,12,15,118
insurance company,0,0,0,0,0,0,0,0,0,0,6,0,0,26,5,0,3,6,0,12,0,5,8,13,9,10,0,7,8,118
prediction accuracy,0,0,0,0,0,0,0,0,0,0,0,0,0,0,0,0,0,0,0,0,3,7,8,11,12,17,12,30,18,118
theoretical framework,0,0,0,0,0,0,0,0,0,0,0,0,0,3,0,4,7,7,0,6,0,4,9,4,7,9,8,24,26,118
matrix theory,0,0,0,0,5,0,0,3,5,3,8,5,8,10,5,8,9,4,0,0,4,0,0,5,7,5,7,7,10,118
european option,0,0,0,0,0,0,0,0,0,0,0,0,0,7,4,12,8,6,5,8,14,10,7,9,4,4,9,4,6,117
lower bound,0,0,0,0,0,0,0,0,0,0,0,0,0,4,6,0,0,0,6,4,5,7,7,7,24,15,12,6,14,117
dependence structure,0,0,0,0,0,0,0,0,0,0,0,0,0,0,4,0,0,0,13,11,3,10,7,11,13,12,11,5,17,117
european call,0,0,3,0,0,0,0,5,0,0,0,5,6,4,0,8,7,6,5,10,7,8,5,5,7,4,5,9,8,117
real market,0,0,0,3,0,0,0,0,0,5,0,0,4,0,0,3,0,0,11,0,0,5,13,10,9,10,10,15,19,117
across multiple,0,0,0,0,0,0,0,0,0,0,0,0,0,0,0,0,0,0,0,4,0,0,8,6,5,8,14,18,54,117
logistic regression,0,0,0,0,0,0,0,0,0,0,0,0,0,0,0,4,0,0,0,0,0,0,8,14,14,17,11,24,24,116
brownian motions,0,0,0,0,0,0,0,0,0,0,3,3,5,0,0,3,13,3,10,13,13,3,10,7,7,4,9,3,7,116
model market,0,0,0,0,0,0,5,0,0,5,0,3,4,0,4,0,9,0,4,5,7,9,7,7,7,9,9,8,12,114
risk premium,0,0,0,0,0,0,0,0,0,0,0,0,0,0,4,10,0,17,4,5,3,0,14,12,9,7,8,9,12,114
simulation study,0,0,0,0,0,0,0,0,0,0,0,0,5,0,0,3,6,3,0,5,10,6,15,14,7,7,8,14,11,114
hamiltonjacobibellman equation,0,0,0,0,0,0,0,0,0,0,0,0,7,3,5,0,9,0,4,15,6,8,7,7,11,7,12,5,8,114
learning algorithm,0,0,0,0,0,0,0,0,0,0,0,0,0,0,0,0,0,0,0,0,0,0,10,21,12,19,15,23,14,114
results highlight,0,0,0,0,0,0,0,0,0,0,0,0,0,0,0,0,0,0,0,0,0,0,4,4,7,7,10,27,55,114
objective function,0,0,0,0,0,0,0,0,0,0,0,0,0,0,0,0,0,6,6,3,4,8,10,15,10,10,13,9,20,114
financial stability,0,0,0,0,0,0,0,0,0,0,0,0,0,0,0,0,5,9,3,5,13,0,0,13,4,6,11,15,29,113
memory lstm,0,0,0,0,0,0,0,0,0,0,0,0,0,0,0,0,0,0,0,0,3,0,8,13,18,14,7,24,26,113
model show,0,0,0,0,0,0,0,0,3,0,0,7,0,5,0,3,8,3,0,9,3,6,5,14,5,13,8,6,15,113
maximize expected,0,0,0,0,0,0,0,0,0,0,0,0,0,6,8,4,7,7,3,5,3,11,11,8,9,7,8,7,8,112
convex risk,0,0,0,0,0,0,0,0,0,0,0,7,8,9,9,3,4,6,6,9,6,7,0,5,9,8,4,12,0,112
market index,0,0,0,0,0,0,6,0,0,11,3,0,0,3,6,0,0,4,6,4,9,0,9,8,5,13,7,13,5,112
stochastic model,0,0,0,0,0,0,0,0,0,3,0,0,0,0,8,11,5,8,10,4,5,6,10,11,7,8,0,11,5,112
numerical methods,0,0,0,0,0,0,0,0,0,0,0,0,0,4,7,3,5,0,10,5,6,5,10,4,5,12,11,11,13,111
optimal solution,0,0,0,0,0,0,0,0,0,0,0,0,0,0,6,0,4,9,4,6,4,7,8,15,9,9,9,7,14,111
models financial,0,0,0,0,0,0,0,0,5,3,6,0,0,0,0,3,0,5,3,3,5,0,8,4,6,0,19,15,26,111
poisson process,0,0,0,0,0,0,0,0,0,0,6,0,5,5,15,7,6,3,3,0,7,6,6,7,6,7,5,7,9,110
supply chains,0,0,0,0,0,0,0,0,0,0,0,0,0,0,0,0,0,0,0,0,0,0,11,16,6,7,15,20,35,110
economic systems,0,0,0,0,0,0,0,3,0,0,0,0,5,5,4,0,12,4,5,3,5,14,0,7,0,6,8,11,18,110
social welfare,0,0,0,0,0,0,0,0,0,0,0,0,0,0,0,0,0,0,3,0,0,10,9,18,15,11,12,17,15,110
diffusion process,0,0,0,0,0,0,0,0,0,0,0,3,0,5,7,12,8,0,5,5,10,5,6,9,7,6,5,6,11,110
bidask spread,0,0,0,0,0,0,0,0,0,11,6,3,0,14,9,3,8,5,6,7,0,6,5,7,9,0,7,4,0,110
within framework,0,3,0,0,3,0,3,0,0,0,0,0,3,4,4,3,0,7,0,6,7,6,6,4,4,5,10,15,16,109
optimal consumption,0,0,0,0,0,0,0,0,0,0,0,0,0,11,7,0,0,19,6,7,0,0,6,19,10,5,0,9,10,109
local martingale,0,0,0,0,0,0,0,0,0,0,0,0,7,7,10,8,8,14,12,3,7,0,8,10,4,6,0,5,0,109
exponential utility,0,0,0,0,0,0,0,0,0,0,4,0,0,4,11,11,0,4,5,0,6,6,10,6,9,9,12,8,4,109
american option,0,0,0,0,0,0,0,0,0,0,0,0,3,5,4,0,7,3,5,10,9,5,11,6,12,8,9,6,6,109
sample size,0,0,0,0,0,0,0,0,0,0,0,0,0,0,4,0,4,4,6,10,11,8,7,6,12,10,4,10,13,109
liquidity providers,0,0,0,0,0,0,0,0,0,0,0,0,0,0,0,0,0,0,3,0,0,0,0,0,17,21,20,25,23,109
two types,0,0,0,0,0,0,0,0,0,0,0,0,0,3,0,3,0,0,7,0,6,5,7,8,12,14,14,12,18,109
coherent risk,0,0,0,0,5,0,0,0,0,16,0,0,0,6,4,3,5,8,3,3,8,3,6,9,5,4,7,9,4,108
market paper,0,0,0,0,0,0,0,0,3,0,0,0,0,0,4,4,5,3,3,5,5,4,6,10,4,6,16,13,17,108
shed light,0,0,0,0,0,0,0,0,0,0,0,0,0,0,4,4,0,4,3,5,0,7,6,9,11,9,23,12,11,108
results provide,0,0,0,0,0,0,0,0,0,0,0,0,0,0,0,3,4,0,3,5,0,8,5,10,12,10,9,11,28,108
ornsteinuhlenbeck process,0,0,0,0,0,0,0,0,0,0,0,3,0,0,0,3,0,6,8,12,6,12,3,9,4,10,4,16,12,108
factor models,0,0,0,0,0,0,0,0,0,0,0,0,0,0,3,0,0,10,0,6,7,10,0,10,0,0,14,26,22,108
fat tails,0,0,4,3,9,4,0,0,0,7,5,4,5,5,5,4,7,6,0,7,0,6,11,7,0,3,0,6,0,108
time evolution,0,0,0,0,0,6,0,0,0,6,0,5,5,0,4,8,5,7,3,4,5,0,7,5,7,10,5,7,8,107
show optimal,0,0,0,0,0,0,0,0,0,0,0,0,0,4,3,0,6,6,8,3,5,9,7,8,6,9,10,8,15,107
using deep,0,0,0,0,0,0,0,0,0,0,0,0,0,0,0,0,0,0,0,0,0,4,13,16,20,20,12,17,5,107
graph neural,0,0,0,0,0,0,0,0,0,0,0,0,0,0,0,0,0,0,0,0,0,0,0,0,6,11,22,48,20,107
statistical arbitrage,0,0,0,0,0,0,0,0,0,0,0,6,0,0,0,0,0,6,0,0,0,7,13,8,15,6,17,21,8,107
data using,0,0,0,0,0,0,0,0,0,0,0,0,0,0,4,4,0,4,4,7,0,4,4,7,15,8,13,18,15,107
optimal portfolios,0,0,0,0,0,0,0,0,0,0,0,0,0,0,0,4,6,0,3,5,8,9,14,10,11,13,8,11,5,107
new model,0,0,0,0,0,0,0,0,0,0,0,0,0,0,5,6,7,6,0,5,8,9,11,11,10,9,3,12,5,107
price returns,0,0,0,3,3,0,4,7,9,6,0,4,0,7,8,0,0,8,3,0,5,0,4,10,0,10,11,4,0,106
portfolio choice,0,0,0,0,0,0,0,0,0,0,0,0,0,0,0,10,4,9,5,5,0,6,5,9,14,9,8,8,14,106
existing methods,0,0,0,0,0,0,0,0,0,0,0,0,0,0,0,0,3,3,0,3,6,0,8,8,10,8,17,14,26,106
pricing formula,0,0,0,0,0,0,0,0,0,0,4,0,5,0,5,3,11,0,0,9,10,8,7,8,9,7,4,9,7,106
market hypothesis,0,0,0,0,0,0,0,0,0,0,7,0,0,0,0,0,0,7,4,6,5,8,10,9,9,10,9,8,13,105
incomplete markets,0,0,0,0,0,0,0,0,0,4,3,3,4,6,8,5,3,0,7,4,9,0,4,7,0,7,7,14,10,105
value functions,0,0,0,0,0,0,0,0,0,0,0,0,0,3,7,4,6,6,0,11,8,5,0,3,12,7,12,10,10,104
feature selection,0,0,0,0,0,0,0,0,0,0,0,0,0,0,0,0,0,0,0,0,0,4,6,11,9,6,21,35,12,104
recently proposed,0,0,0,0,0,0,0,0,0,0,0,4,0,3,4,6,5,6,5,8,5,8,6,5,7,7,12,9,4,104
data sources,0,0,0,0,0,0,0,0,0,0,0,0,0,0,0,0,0,0,0,0,0,9,6,17,7,4,16,22,23,104
large class,0,0,0,0,0,0,0,0,3,3,3,0,0,3,0,7,6,6,3,6,5,10,4,9,7,8,10,8,3,104
paper considers,0,0,0,0,0,0,0,0,0,0,0,0,5,9,6,0,5,5,9,3,5,7,6,7,9,4,6,6,11,103
convolutional neural,0,0,0,0,0,0,0,0,0,0,0,0,0,0,0,0,0,0,0,0,0,13,11,17,13,8,7,25,9,103
regression models,0,0,0,0,0,0,0,0,0,0,0,0,0,0,0,0,0,6,0,0,0,4,6,21,10,9,14,15,18,103
market prediction,0,0,0,0,0,0,0,0,0,0,0,0,0,0,0,0,0,0,0,0,0,10,12,13,7,15,7,25,14,103
characteristic function,0,0,0,0,0,0,0,0,0,0,0,0,6,0,0,0,0,8,7,7,0,8,6,11,10,7,11,11,11,103
using machine,0,0,0,0,0,0,0,0,0,0,0,0,0,0,0,0,0,0,0,3,4,6,6,20,13,9,10,22,10,103
time interval,0,0,0,0,0,0,0,0,0,5,4,6,3,8,4,0,6,5,7,8,0,11,0,8,6,4,7,7,3,102
problem optimal,0,0,0,0,0,0,0,0,0,3,3,0,8,0,7,7,0,5,7,7,0,13,9,9,5,5,0,5,9,102
equity markets,0,0,0,0,0,0,0,0,0,0,0,0,3,0,7,3,0,5,0,3,3,6,9,12,8,5,4,18,16,102
viscosity solution,0,0,0,0,0,0,0,0,0,0,0,0,0,9,0,3,0,8,8,6,5,5,10,9,4,3,9,10,13,102
return distribution,0,0,0,10,4,0,0,0,0,3,0,6,4,10,0,0,8,3,0,0,4,0,10,9,3,10,7,6,5,102
sensitivity analysis,0,0,0,0,0,0,0,0,0,0,0,0,0,0,5,0,0,0,5,0,8,7,11,8,14,8,5,13,18,102
daily returns,0,0,0,0,5,0,0,0,3,0,0,0,0,6,0,5,6,3,4,4,14,5,4,4,10,3,4,11,11,102
data collected,0,0,0,0,0,0,0,0,0,0,0,0,0,0,0,0,0,4,0,0,4,4,6,18,14,14,14,14,10,102
yield curve,0,0,0,0,0,0,0,0,0,0,0,0,0,4,0,0,0,10,4,0,0,22,18,5,0,0,16,8,15,102
model stock,0,0,0,0,0,6,4,0,0,6,4,0,0,0,4,8,9,4,3,4,4,0,9,3,3,9,5,11,5,101
percentage points,0,0,0,0,0,0,0,0,0,0,0,0,0,0,0,0,0,0,0,0,0,0,3,8,11,19,13,11,36,101
spillover effects,0,0,0,0,0,0,0,0,0,0,0,0,0,0,0,0,0,0,0,0,0,0,5,9,9,0,21,33,24,101
phase transition,0,0,0,4,0,0,0,6,0,7,4,6,4,0,6,4,13,3,4,9,0,0,7,9,9,6,0,0,0,101
study provides,0,0,0,0,0,0,0,0,0,0,0,0,0,0,0,0,0,0,0,0,0,0,9,4,8,5,19,21,35,101
paper show,0,0,0,0,0,0,0,0,0,0,0,3,0,4,0,5,4,3,5,8,9,9,9,9,9,6,6,6,6,101
deep hedging,0,0,0,0,0,0,0,0,0,0,0,0,0,0,0,0,0,0,0,0,0,0,0,6,17,4,27,23,23,100
paper provide,0,0,0,0,0,0,0,0,0,0,0,4,4,0,0,0,3,0,7,3,9,9,7,9,8,6,13,7,11,100
training data,0,0,0,0,0,0,0,0,0,0,0,0,0,0,0,0,0,0,0,0,0,6,4,17,6,11,8,29,19,100
best knowledge,0,0,0,0,0,0,0,0,0,0,0,0,0,0,0,0,0,5,7,4,6,4,10,7,14,13,9,9,12,100
cash flows,0,0,0,0,0,0,0,0,0,0,0,0,0,11,0,0,9,0,14,0,0,3,11,8,13,13,6,0,12,100
gdp per,0,0,0,0,0,0,0,0,0,0,0,17,0,0,0,10,0,0,9,5,0,0,0,9,16,0,5,13,16,100
find optimal,0,0,0,0,0,0,0,0,0,0,0,3,0,4,4,0,0,10,8,5,7,0,7,8,13,7,8,7,9,100
findings highlight,0,0,0,0,0,0,0,0,0,0,0,0,0,0,0,0,0,0,0,0,0,0,0,0,4,0,8,35,53,100
expected return,0,0,0,0,0,0,0,0,0,0,0,0,5,0,0,0,4,3,4,11,7,8,8,3,7,6,13,11,9,99
electricity price,0,0,0,0,0,0,0,0,0,0,0,0,0,0,0,0,0,0,9,0,6,9,5,12,12,13,5,7,21,99
economic activity,0,0,0,0,0,0,0,0,0,0,0,0,0,0,0,0,0,3,3,0,0,0,10,19,14,11,14,16,9,99
mean reversion,0,0,0,0,0,0,0,0,0,0,0,0,0,4,0,10,6,3,0,16,3,12,16,7,0,0,5,8,9,99
quantile regression,0,0,0,0,0,0,0,0,0,0,0,0,0,0,0,0,0,0,0,0,5,7,10,17,14,6,13,14,13,99
data used,0,0,0,0,0,0,0,0,0,0,0,0,0,5,0,0,0,3,8,6,4,3,7,13,14,8,6,13,9,99
expected returns,0,0,0,0,0,0,0,0,0,0,0,0,3,0,4,4,0,0,0,6,7,10,8,13,4,6,12,11,11,99
bid ask,0,0,0,0,0,0,0,0,0,0,0,0,0,0,0,8,11,5,10,10,5,0,15,11,10,0,0,6,7,98
show proposed,0,0,0,0,0,0,0,0,0,0,0,0,0,0,0,4,0,4,0,3,5,5,12,9,9,13,10,12,12,98
highfrequency trading,0,0,0,0,0,0,0,0,0,0,0,0,0,0,0,5,0,0,0,0,0,8,5,8,0,0,26,23,23,98
support vector,0,0,0,0,0,0,0,0,0,0,0,0,0,0,0,0,0,0,0,0,5,15,22,8,8,9,11,11,9,98
synthetic data,0,0,0,0,0,0,0,0,0,0,0,0,0,0,0,0,0,0,0,0,0,4,0,9,7,12,17,18,31,98
model stochastic,0,0,0,0,0,0,0,0,4,0,0,4,3,0,5,0,7,4,8,7,6,10,4,6,0,6,10,6,8,98
comparative analysis,0,0,0,0,0,0,0,0,0,0,0,0,0,0,0,0,0,0,0,0,0,3,4,11,4,4,15,26,31,98
network analysis,0,0,0,0,0,0,0,0,0,0,0,0,0,0,4,0,0,0,3,4,4,0,4,15,22,10,12,10,10,98
trading activity,0,0,0,0,0,0,4,5,5,8,0,0,0,5,6,5,0,0,0,4,0,9,4,4,8,11,6,5,9,98
analysis based,0,0,0,0,0,0,0,0,0,0,0,0,4,0,6,0,0,5,6,4,3,6,6,5,14,11,8,8,11,97
garch model,0,0,0,0,0,0,0,0,0,0,4,0,6,0,0,5,12,8,0,0,5,4,0,9,11,9,0,16,8,97
blackscholes equation,0,0,0,0,0,0,0,0,0,0,0,0,7,0,5,0,8,0,17,7,0,9,5,6,11,10,6,6,0,97
significant impact,0,0,0,0,0,0,0,0,0,0,0,0,0,4,0,0,0,0,0,0,0,5,5,12,10,16,12,16,17,97
social networks,0,0,0,0,0,0,0,0,0,0,0,0,0,0,0,0,0,3,0,4,6,0,4,10,4,28,8,18,12,97
asymptotic behavior,0,0,0,0,0,0,0,0,0,0,4,0,0,4,10,5,6,7,5,8,6,10,3,5,0,3,4,11,5,96
series forecasting,0,0,0,0,0,0,0,0,0,0,0,0,0,0,0,0,0,0,0,0,0,0,11,6,6,4,21,21,27,96
models used,0,0,0,0,0,0,0,0,0,0,0,0,0,0,0,0,3,4,4,4,3,3,11,9,9,9,8,12,17,96
contingent claim,0,0,0,0,0,0,0,0,0,3,0,7,4,0,8,5,9,9,9,6,6,3,10,7,0,0,5,0,5,96
stochastic optimal,0,0,0,0,0,0,0,0,0,0,0,0,0,4,0,0,5,0,5,3,3,4,12,6,12,4,7,12,19,96
even though,0,0,0,0,0,0,0,0,0,0,0,0,0,4,0,3,0,6,8,4,3,4,9,11,9,12,6,8,8,95
model able,0,0,0,0,0,0,0,0,0,0,0,0,0,3,0,7,7,11,5,5,9,4,4,5,8,10,10,7,0,95
bitcoin price,0,0,0,0,0,0,0,0,0,0,0,0,0,0,0,0,0,0,0,0,12,13,17,16,7,8,7,10,5,95
stock index,0,0,3,0,0,0,0,0,0,4,0,3,4,0,8,4,3,4,0,3,0,0,6,7,17,5,0,17,7,95
energy system,0,0,0,0,0,0,0,0,0,0,0,0,0,0,0,0,0,0,0,0,0,0,0,7,25,4,20,15,24,95
compare performance,0,0,0,0,0,0,0,0,0,0,0,0,0,0,0,6,3,0,4,3,3,4,6,6,10,10,14,12,14,95
news articles,0,0,0,0,0,0,0,0,0,0,0,0,0,0,0,0,0,0,0,0,0,0,7,12,7,12,6,25,25,94
macroeconomic variables,0,0,0,0,0,0,0,0,0,0,0,0,0,0,0,0,0,0,0,4,12,5,4,14,9,4,14,17,11,94
statistical physics,0,0,0,5,0,0,0,0,0,5,5,0,5,5,4,3,9,11,8,4,3,3,0,0,5,0,13,0,6,94
paper develop,0,0,0,0,0,0,0,0,0,0,3,0,0,0,0,3,3,3,10,5,5,9,7,11,7,0,15,8,5,94
stock data,0,0,0,0,0,0,0,0,0,0,0,0,0,0,0,0,5,3,0,0,0,4,9,3,4,11,27,20,8,94
dual representation,0,0,0,0,0,0,0,0,0,0,0,0,0,7,5,4,7,9,3,5,0,9,9,7,3,5,7,8,5,93
underlying assets,0,0,0,0,0,0,0,0,0,0,0,0,0,4,3,0,4,5,7,0,0,4,7,14,6,5,12,15,7,93
generative adversarial,0,0,0,0,0,0,0,0,0,0,0,0,0,0,0,0,0,0,0,0,0,0,12,9,22,10,18,16,6,93
power utility,0,0,0,0,0,0,0,0,0,0,0,0,7,7,12,4,0,3,4,5,10,9,4,5,7,3,5,5,3,93
across various,0,0,0,0,0,0,0,0,0,0,0,0,0,0,0,0,0,0,0,0,0,0,0,5,0,0,23,42,23,93
volatility smile,0,0,0,0,0,4,0,0,0,0,0,0,0,8,5,9,0,13,3,3,5,5,8,6,7,3,7,3,4,93
cryptocurrency markets,0,0,0,0,0,0,0,0,0,0,0,0,0,0,0,0,0,0,0,0,0,4,5,11,9,10,8,15,31,93
european countries,0,0,0,0,0,0,0,0,0,0,0,0,0,0,0,3,5,8,4,0,5,4,4,12,10,9,9,10,10,93
provide explicit,0,0,0,0,0,0,0,0,0,0,0,3,3,3,0,0,8,7,4,6,4,5,4,10,5,12,7,7,5,93
predictive accuracy,0,0,0,0,0,0,0,0,0,0,0,0,0,0,0,0,0,3,0,0,0,0,0,5,0,7,11,30,37,93
agentbased models,0,0,0,0,0,0,0,0,0,0,0,0,4,0,5,4,5,0,0,8,9,5,6,0,7,7,15,9,9,93
financial news,0,0,0,0,0,0,0,0,0,0,0,0,0,0,0,0,0,0,0,0,0,0,6,8,7,7,9,27,29,93
novel framework,0,0,0,0,0,0,0,0,0,0,0,0,0,0,0,0,0,0,0,0,0,0,3,3,3,7,10,19,48,93
rate return,0,0,0,0,0,0,0,0,0,0,0,0,0,0,9,11,0,8,5,5,8,3,4,0,6,7,10,9,8,93
price movement,0,0,0,0,0,0,0,0,0,0,0,0,0,0,0,0,0,10,5,0,0,0,12,16,12,13,14,5,6,93
martingale measures,0,0,0,0,0,0,0,0,0,0,0,6,0,4,10,3,9,8,3,8,5,8,8,9,7,5,0,0,0,93
growth rates,0,0,0,0,0,0,0,0,0,11,4,0,0,0,4,0,6,0,8,7,9,5,0,8,4,0,3,16,8,93
highfrequency data,0,0,0,0,0,0,0,0,0,4,3,0,0,4,0,3,0,0,3,0,6,4,6,6,8,15,10,9,11,92
gaussian process,0,0,0,0,0,0,0,0,0,0,0,0,0,0,0,0,3,0,4,0,6,6,18,18,10,7,8,4,8,92
may lead,0,0,0,0,0,0,0,0,0,0,3,0,0,3,5,4,0,0,0,5,4,3,3,5,20,6,9,9,13,92
stock return,0,0,0,0,0,0,0,0,4,0,0,0,0,0,0,4,0,0,0,0,0,0,12,10,7,4,20,17,14,92
experiments show,0,0,0,0,0,0,0,0,0,0,0,0,0,0,0,0,0,0,3,0,5,4,7,11,6,12,3,21,20,92
stopping problems,0,0,0,0,0,0,0,0,0,0,0,0,0,3,0,0,4,5,3,5,13,6,13,6,13,9,0,11,0,91
oil price,0,0,0,0,0,0,0,0,0,0,0,8,0,5,0,0,0,0,6,8,0,11,10,20,8,15,0,0,0,91
short rate,0,0,0,0,0,0,0,0,0,0,0,0,0,0,0,10,11,10,8,14,0,5,9,7,0,0,8,9,0,91
carlo method,0,0,0,0,0,0,0,0,0,0,0,0,3,0,4,3,5,4,8,5,10,7,4,0,6,6,8,12,6,91
upper bound,0,0,0,0,0,0,0,0,0,0,0,0,4,0,0,0,9,0,3,4,14,0,4,8,7,9,11,9,9,91
incomplete market,0,0,0,0,0,0,0,0,0,0,4,3,3,5,0,8,0,8,9,4,3,5,5,7,4,8,4,11,0,91
approach allows,0,0,0,0,0,0,0,0,0,0,0,0,0,3,4,0,0,6,8,5,0,8,5,13,8,7,6,7,11,91
portfolio weights,0,0,0,0,0,0,0,0,0,0,0,0,0,5,0,6,0,0,4,4,0,5,8,9,10,12,8,10,10,91
study explores,0,0,0,0,0,0,0,0,0,0,0,0,0,0,0,0,0,0,0,0,0,0,0,3,3,0,11,39,35,91
economic theory,0,0,0,0,0,0,0,0,0,0,0,0,0,3,0,7,4,5,4,3,0,7,6,8,9,4,12,3,16,91
literature review,0,0,0,0,0,0,0,0,0,0,0,0,0,0,0,0,0,0,0,0,0,0,8,12,13,10,18,17,13,91
one hand,0,0,0,0,0,0,0,0,0,0,0,0,0,0,4,4,6,5,10,10,0,0,3,8,10,6,10,6,9,91
pricing problem,0,0,0,0,0,0,0,0,0,0,0,3,0,0,4,6,4,3,6,4,6,5,8,10,10,0,8,6,7,90
loss distribution,0,0,0,0,0,0,0,0,0,0,0,0,7,13,11,0,4,9,0,6,7,4,0,5,8,4,0,4,8,90
study problem,0,0,0,0,0,0,0,0,0,3,0,0,0,4,3,5,0,4,7,5,5,6,9,6,8,7,7,3,8,90
capital requirements,0,0,0,0,0,0,0,0,0,0,0,0,0,0,3,6,9,6,3,4,11,9,6,7,7,3,6,0,10,90
fundamental theorem,0,0,0,0,0,0,0,0,0,3,0,3,0,4,0,6,12,13,3,4,4,7,5,6,4,6,5,0,5,90
model proposed,0,0,0,0,0,0,0,3,0,0,4,4,3,0,3,4,4,9,0,0,4,0,6,7,10,12,5,6,6,90
equilibrium model,0,0,0,0,0,0,0,0,0,0,0,0,0,0,0,6,0,0,6,3,0,0,0,12,8,12,16,13,14,90
present new,0,0,0,0,0,0,0,3,0,0,3,5,7,4,0,7,4,6,8,4,5,4,0,3,9,5,6,7,0,90
risk analysis,0,0,0,0,0,0,0,0,0,0,0,0,0,0,0,0,7,3,5,0,0,0,5,3,9,15,5,17,21,90
price risk,0,0,0,0,0,0,0,0,0,0,0,0,0,9,9,4,4,4,0,0,4,4,7,7,3,8,6,8,13,90
recently introduced,0,0,0,0,0,0,3,0,3,0,0,3,0,4,5,4,3,5,7,6,4,6,3,5,6,5,5,7,6,90
finally show,0,0,0,0,0,0,0,0,0,0,0,0,4,0,5,0,0,4,3,8,3,8,5,7,11,9,9,10,4,90
financial crises,0,0,0,0,0,0,0,0,0,0,0,0,3,0,0,7,7,11,3,4,5,6,0,7,8,5,9,5,10,90
fluctuation analysis,0,0,0,0,3,0,0,3,0,6,0,8,8,4,5,11,8,7,9,0,5,0,0,0,0,3,4,0,5,89
survey data,0,0,0,0,0,0,0,0,0,0,0,0,0,0,0,0,0,0,0,0,0,0,0,9,18,17,8,12,25,89
new class,0,0,0,0,0,0,0,0,0,0,0,0,0,0,0,7,0,4,8,8,6,3,7,4,0,10,5,12,15,89
analysis financial,0,0,0,0,0,0,0,3,0,6,3,0,4,0,4,3,4,4,0,0,5,6,3,5,5,0,5,17,12,89
discount rate,0,0,0,0,0,0,0,0,0,0,0,0,0,0,0,0,6,0,6,7,8,0,7,7,11,7,15,0,15,89
optimal dividend,0,0,0,0,0,0,0,0,0,0,0,0,0,12,8,0,0,3,0,13,6,10,6,5,0,0,10,0,16,89
derive optimal,0,0,0,0,0,0,0,0,0,0,0,0,4,5,0,3,4,6,4,7,5,0,3,8,9,6,6,9,10,89
finance defi,0,0,0,0,0,0,0,0,0,0,0,0,0,0,0,0,0,0,0,0,0,0,0,7,12,20,17,17,16,89
price processes,0,0,0,0,0,0,0,0,0,0,5,3,8,0,5,6,5,6,6,7,12,0,6,5,3,6,0,5,0,88
put options,0,0,0,0,0,0,0,0,0,0,0,0,11,0,4,0,0,7,8,6,5,8,4,9,8,0,6,9,3,88
counterparty risk,0,0,0,0,0,0,0,0,0,0,0,0,16,0,11,15,8,12,16,0,5,5,0,0,0,0,0,0,0,88
selection problem,0,0,0,0,0,0,0,0,0,0,0,0,0,0,0,3,0,9,0,5,4,9,7,4,5,15,7,8,12,88
impact covid,0,0,0,0,0,0,0,0,0,0,0,0,0,0,0,0,0,0,0,0,0,0,0,35,25,9,6,5,8,88
predicting stock,0,0,0,0,0,0,0,0,0,0,0,0,0,0,0,0,0,0,0,0,0,3,4,3,7,12,26,25,8,88
transaction cost,0,0,0,0,0,0,0,0,0,0,0,0,0,0,10,0,16,4,0,0,5,0,5,8,4,4,10,10,12,88
higher order,0,0,0,0,0,0,0,0,0,0,0,3,0,4,6,6,11,3,6,6,6,0,8,4,4,5,0,11,5,88
financial services,0,0,0,0,0,0,0,0,0,0,0,0,0,0,0,0,0,0,0,0,0,0,4,18,15,12,8,16,15,88
capital allocation,0,0,0,0,0,0,0,0,0,0,0,0,0,0,0,0,7,0,7,0,0,8,6,6,12,4,12,10,16,88
central limit,0,0,0,0,0,0,0,0,0,0,3,5,3,0,0,0,5,6,4,5,9,8,3,10,5,7,3,8,4,88
quantum computing,0,0,0,0,0,0,0,0,0,0,0,0,0,0,0,0,0,0,0,0,0,0,0,14,4,20,23,16,11,88
empirical findings,0,0,0,0,0,0,0,0,0,0,0,0,0,0,3,3,3,0,4,4,3,3,4,6,13,10,11,8,13,88
previous work,0,0,0,0,0,0,0,0,0,0,0,0,0,0,0,3,0,4,0,0,5,4,7,9,13,6,9,15,13,88
financial network,0,0,0,0,0,0,0,0,0,0,0,0,0,0,5,3,9,6,6,4,5,14,0,7,11,9,3,6,0,88
financial asset,0,0,0,0,0,0,0,0,0,3,3,0,0,0,3,0,3,4,0,0,8,5,5,9,9,4,4,9,19,88
market information,0,0,0,0,0,0,0,0,0,0,0,0,0,3,4,3,6,4,0,5,3,4,4,6,10,8,12,7,8,87
portfolio risk,0,0,0,0,0,0,0,0,0,0,0,0,4,0,0,0,0,6,0,0,0,0,0,12,17,8,11,15,14,87
market using,0,0,0,0,0,0,0,0,0,3,4,3,0,3,0,0,3,4,3,3,0,5,12,13,8,0,3,8,12,87
central banks,0,0,0,0,0,0,0,0,0,0,0,0,0,0,0,5,8,0,3,4,0,0,0,8,8,6,12,17,16,87
stopping time,0,0,0,0,0,0,0,0,0,0,0,3,7,3,0,4,10,6,5,7,8,0,6,5,8,3,0,5,7,87
takes account,0,0,0,0,0,0,0,0,0,0,4,0,0,4,0,4,4,6,6,6,5,8,11,13,5,8,3,0,0,87
stochastic interest,0,0,0,0,0,0,0,0,0,0,0,0,0,0,0,0,0,0,0,15,8,10,7,10,6,0,17,6,8,87
compare results,0,0,0,0,0,0,3,0,0,0,3,3,3,0,4,0,3,3,8,6,5,5,7,6,6,9,3,5,5,87
asset classes,0,0,0,0,0,0,0,0,0,0,0,0,0,0,0,4,0,0,0,0,3,7,8,5,6,11,13,11,19,87
data paper,0,0,0,0,0,0,0,0,0,0,0,0,0,0,0,0,0,3,3,4,3,4,6,7,13,7,12,18,7,87
implied volatilities,0,0,0,0,0,0,0,0,0,0,0,0,0,0,0,6,5,7,6,0,5,4,8,12,9,10,0,5,10,87
equity market,0,0,0,0,0,0,0,0,0,0,0,0,0,0,0,0,0,5,0,3,3,5,7,10,6,8,14,15,11,87
numerical method,0,0,0,0,0,0,0,0,0,0,0,0,0,0,5,0,0,3,4,3,12,9,13,5,4,5,9,8,7,87
fourier transform,0,0,0,0,0,0,0,0,0,0,0,0,5,0,0,8,0,9,5,4,4,6,12,5,0,4,6,13,5,86
real financial,0,0,0,0,0,0,0,0,0,0,0,0,0,0,4,3,3,4,7,4,0,8,10,6,5,4,8,12,8,86
model model,0,0,0,0,0,0,0,0,0,0,0,6,3,0,0,4,4,11,5,10,4,3,5,8,6,0,3,7,7,86
economic agents,0,0,0,0,0,0,4,0,3,0,0,0,5,4,6,7,4,0,0,6,14,0,0,6,4,5,6,6,6,86
existence optimal,0,0,0,0,0,0,0,0,0,0,0,3,0,0,5,7,6,8,9,3,0,7,3,7,0,9,6,3,10,86
stock prediction,0,0,0,0,0,0,0,0,0,0,0,0,0,0,0,0,0,0,0,0,0,13,13,9,10,11,6,14,10,86
approach paper,0,0,0,0,0,0,0,0,0,0,0,0,0,0,5,3,5,0,5,5,0,0,3,7,7,9,11,17,9,86
forecasting models,0,0,0,0,0,0,0,0,0,0,0,0,0,0,0,0,0,3,0,0,0,0,5,10,6,9,16,16,21,86
technical analysis,0,0,0,0,0,0,0,0,0,0,0,5,0,0,0,0,5,0,0,4,10,7,6,5,10,11,6,4,13,86
rate model,0,0,0,0,0,0,0,0,3,0,0,5,0,0,0,5,0,5,7,7,0,4,7,10,7,3,7,7,9,86
higher education,0,0,0,0,0,0,0,0,0,0,0,0,0,0,0,0,0,0,0,0,0,0,0,12,13,17,7,16,20,85
valueatrisk var,0,0,0,0,0,0,0,0,0,0,0,0,0,0,0,0,5,0,0,4,5,7,4,8,9,13,7,11,12,85
different market,0,0,0,0,0,0,0,0,0,0,0,0,0,0,0,4,0,0,3,0,0,7,6,7,6,10,11,15,16,85
first order,0,0,0,0,0,0,0,0,0,0,0,0,3,4,4,11,4,8,4,7,14,5,5,4,4,4,0,4,0,85
carlo methods,0,0,0,0,0,0,0,0,0,0,0,0,0,3,0,12,0,5,4,8,0,7,9,6,6,3,8,5,9,85
extensive experiments,0,0,0,0,0,0,0,0,0,0,0,0,0,0,0,0,0,0,0,0,0,3,3,3,6,9,10,22,29,85
provide numerical,0,0,0,0,0,0,0,0,0,0,0,0,0,0,0,0,5,4,4,4,7,7,7,7,4,5,11,7,13,85
robust optimization,0,0,0,0,0,0,0,0,0,0,0,0,0,0,0,0,0,0,0,0,0,5,9,9,13,9,9,7,24,85
exchange market,0,0,3,0,0,0,0,0,5,5,0,7,7,0,4,5,0,4,3,0,8,0,7,4,6,0,6,7,3,84
world trade,0,0,0,0,0,0,0,0,0,0,8,0,0,0,12,14,0,6,15,0,0,0,0,8,7,9,0,0,5,84
natural disasters,0,0,0,0,0,0,0,0,0,0,0,0,0,0,0,0,0,0,0,0,0,0,0,9,20,15,7,12,21,84
long time,0,0,0,0,0,0,0,0,0,5,0,4,0,0,3,5,0,5,6,5,0,0,5,5,10,8,6,10,7,84
framework based,0,0,0,0,0,0,0,0,0,0,0,0,0,0,0,3,3,0,7,0,0,4,5,7,8,8,11,10,18,84
study aims,0,0,0,0,0,0,0,0,0,0,0,0,0,0,0,0,0,0,0,0,0,0,0,9,9,5,22,24,15,84
expected value,0,0,0,0,0,0,0,0,0,0,0,0,0,0,3,0,0,0,0,0,8,5,15,9,10,9,10,10,5,84
diffusion processes,0,0,0,0,0,0,0,0,0,5,0,4,0,10,5,11,5,0,4,7,0,5,0,0,0,4,0,11,13,84
daily data,0,0,0,0,0,0,0,4,0,4,0,0,0,4,5,0,5,4,0,0,0,5,5,9,3,8,6,5,17,84
derive explicit,0,0,0,0,0,0,0,0,0,0,0,0,0,0,5,5,0,0,4,6,3,4,8,7,6,7,8,9,12,84
market structure,0,0,0,0,0,0,0,0,0,0,0,0,0,0,0,0,0,5,6,0,0,7,8,4,10,3,13,12,16,84
social network,0,0,0,0,0,0,0,0,0,0,0,4,0,0,0,0,0,3,0,4,0,6,10,11,22,12,0,7,5,84
decision makers,0,0,0,0,0,0,0,0,0,0,0,0,0,0,0,0,5,9,0,0,3,0,10,10,9,5,5,20,8,84
individual stocks,0,0,0,0,0,0,0,0,5,4,10,6,4,3,0,0,0,0,3,9,3,3,8,4,0,13,5,0,4,84
artificial neural,0,0,0,0,0,0,0,0,0,0,0,0,0,0,0,0,0,0,0,5,4,10,8,15,7,14,7,11,3,84
optimal liquidation,0,0,0,0,0,0,0,0,0,0,0,0,0,0,0,8,3,0,3,10,12,6,6,9,6,6,6,8,0,83
energy markets,0,0,0,0,0,0,0,0,0,0,0,0,0,0,0,0,3,9,0,5,4,5,3,9,5,4,8,12,16,83
risk preferences,0,0,0,0,0,0,0,0,0,0,0,0,4,0,3,0,0,0,0,3,0,8,7,10,7,5,3,16,17,83
provide evidence,0,0,0,0,0,0,0,0,0,0,0,0,0,0,0,0,3,0,4,4,0,7,8,4,9,12,8,10,14,83
correlation structure,0,0,0,0,0,0,0,0,0,0,0,0,6,3,0,8,0,14,4,9,3,8,4,3,3,5,5,8,0,83
also present,0,0,0,3,0,0,0,0,0,0,0,0,0,0,0,0,3,4,4,7,8,6,6,9,6,5,8,6,8,83
main results,0,0,0,0,0,0,0,0,0,0,0,0,0,0,4,0,6,4,4,4,3,11,7,6,6,5,6,8,9,83
markets study,0,0,0,0,0,0,0,0,6,0,0,3,4,6,3,0,0,3,4,0,0,4,0,9,5,4,8,12,12,83
efficient frontier,0,0,0,0,0,0,0,0,0,0,0,0,0,0,0,4,0,0,0,3,3,6,5,11,7,10,6,16,12,83
gdp growth,0,0,0,0,0,0,0,0,0,0,0,9,0,0,0,0,0,0,5,0,0,0,0,3,12,0,7,31,16,83
models including,0,0,0,0,0,0,0,0,0,0,0,0,0,0,0,0,0,5,0,3,6,4,3,3,6,4,7,23,19,83
approach using,0,0,0,0,0,0,0,0,0,0,0,0,0,0,0,0,0,0,6,0,3,5,3,6,4,13,14,13,15,82
short time,0,4,0,0,0,0,0,0,0,3,3,0,0,5,0,9,5,0,5,3,4,3,5,5,10,5,5,8,0,82
free boundary,0,0,0,0,0,0,0,0,0,0,0,0,0,0,8,0,7,5,3,6,6,9,5,9,0,7,5,8,4,82
class models,0,0,0,0,0,0,0,0,3,3,4,0,3,3,3,5,5,4,4,9,0,4,5,7,3,6,6,0,5,82
computational cost,0,0,0,0,0,0,0,0,0,0,0,0,0,3,0,0,3,3,0,0,0,3,5,6,8,12,14,8,17,82
positive effect,0,0,0,0,0,0,0,0,0,0,0,0,0,0,0,0,0,0,0,0,0,0,0,6,20,6,17,13,20,82
different levels,0,0,0,0,0,0,0,0,3,0,0,0,0,0,0,0,5,3,0,7,0,4,4,10,11,10,10,9,5,81
investment problem,0,0,0,0,0,0,0,0,0,0,0,0,0,3,0,0,5,6,4,8,6,6,4,9,6,3,6,12,3,81
pricing american,0,0,0,0,0,0,0,0,0,0,0,0,0,0,9,6,7,0,0,5,6,5,6,6,4,0,7,4,16,81
risk neutral,0,0,0,0,0,0,0,0,0,3,3,0,0,7,0,3,4,11,4,4,5,3,3,8,3,3,7,4,6,81
closely related,0,0,0,0,0,0,0,0,0,6,0,0,5,0,3,6,0,3,3,3,3,4,3,7,7,9,4,10,5,81
time horizons,0,0,0,0,0,0,0,0,4,0,0,0,0,5,4,3,0,3,12,4,0,3,3,6,5,6,7,5,11,81
fraud detection,0,0,0,0,0,0,0,0,0,0,0,0,0,0,0,0,0,0,0,0,0,0,0,0,0,8,17,32,24,81
traditional methods,0,0,0,0,0,0,0,0,0,0,0,0,0,0,0,0,0,0,0,0,0,0,0,6,9,5,9,29,23,81
taken account,0,0,0,0,0,0,0,0,0,3,0,0,4,0,5,5,4,5,9,3,4,8,6,3,9,3,5,0,5,81
develop new,0,0,0,0,0,0,0,0,0,0,0,0,0,0,3,5,4,4,5,0,6,4,11,5,6,7,8,4,9,81
environmental social,0,0,0,0,0,0,0,0,0,0,0,0,0,0,0,0,0,0,0,0,0,0,3,4,10,0,12,22,30,81
particular show,0,0,0,0,0,0,0,0,0,0,3,0,0,3,0,3,4,3,4,6,0,9,7,8,11,3,7,6,4,81
economic policy,0,0,0,0,0,0,0,0,0,0,0,0,0,0,0,4,0,0,0,4,0,0,0,20,13,11,9,8,12,81
minority game,0,0,0,6,10,6,0,8,10,4,8,0,3,8,4,8,5,0,0,0,0,0,0,0,0,0,0,0,0,80
proposed methodology,0,0,0,0,0,0,0,0,0,0,0,0,0,0,0,0,4,0,4,0,5,4,6,14,7,4,10,13,9,80
joint distribution,0,0,0,0,0,0,0,0,0,0,0,0,5,5,0,0,4,0,7,5,4,0,0,7,12,3,15,9,4,80
closedform solutions,0,0,0,0,0,0,0,0,0,3,0,0,0,4,0,0,3,4,0,4,8,3,3,6,3,0,4,12,23,80
first show,0,0,0,0,3,0,0,0,0,0,0,0,0,0,4,0,3,5,3,4,5,0,8,8,7,8,8,5,9,80
return distributions,0,0,0,0,0,0,0,0,3,4,0,0,0,7,12,5,4,0,0,0,0,3,0,4,6,5,4,9,14,80
numerical analysis,0,0,0,0,0,0,0,0,0,0,0,0,0,0,0,0,0,0,5,6,7,6,5,4,10,5,8,7,17,80
recent advances,0,0,0,0,0,0,0,0,0,0,0,0,0,0,0,0,0,0,0,0,0,3,7,4,11,11,10,10,24,80
stochastic dominance,0,0,0,0,0,0,0,0,0,0,0,0,0,0,0,0,0,0,0,0,0,0,0,4,4,13,8,24,27,80
statistical mechanics,0,0,0,0,0,4,10,7,10,6,3,0,6,3,4,6,6,0,4,3,0,0,0,3,0,0,5,0,0,80
dynamics financial,0,0,0,0,5,0,0,0,0,4,0,0,0,6,3,5,5,0,5,0,5,6,4,4,5,8,3,6,6,80
black scholes,0,0,0,0,0,0,0,0,0,3,0,7,0,3,0,4,8,0,0,5,7,4,8,7,5,8,11,0,0,80
market capitalization,0,0,0,0,0,0,0,0,0,0,0,0,0,0,0,0,0,0,0,5,4,0,6,16,0,6,12,12,18,79
analysis using,0,0,0,0,0,0,0,0,0,0,0,0,0,0,0,0,5,0,0,0,3,0,0,10,11,4,11,21,14,79
finally discuss,0,0,0,0,0,0,0,0,0,5,0,0,0,0,0,0,3,3,4,4,5,7,3,6,7,7,7,8,10,79
valuation adjustment,0,0,0,0,0,0,0,0,0,0,0,0,0,0,10,12,5,9,8,7,0,3,6,0,0,9,10,0,0,79
business cycle,0,0,0,0,0,0,0,3,0,0,0,11,0,0,0,0,7,0,4,0,0,0,4,7,6,4,8,13,12,79
credit scoring,0,0,0,0,0,0,0,0,0,0,0,0,0,0,0,0,0,0,0,0,0,0,13,16,11,15,0,10,14,79
stopping times,0,0,0,0,0,0,0,0,0,0,5,4,7,0,5,4,6,12,6,0,9,0,0,3,12,0,0,0,6,79
provide new,0,0,0,0,0,0,0,0,0,0,0,0,0,0,0,3,6,4,8,0,0,3,5,6,13,4,11,4,12,79
computational complexity,0,0,0,0,0,0,0,0,0,0,0,0,0,0,0,3,0,0,3,4,5,4,6,0,10,10,11,13,10,79
game theory,0,0,0,0,0,0,0,0,0,0,3,0,0,0,0,0,0,5,3,0,6,0,8,12,5,4,6,12,15,79
risk sharing,0,0,0,0,0,0,0,0,0,0,0,0,0,0,0,0,0,0,0,0,0,4,0,0,7,16,0,21,31,79
policy makers,0,0,0,0,0,0,0,0,0,0,0,0,0,0,0,3,0,6,0,0,0,3,8,16,11,10,12,3,6,78
energy consumption,0,0,0,0,0,0,0,0,0,0,0,0,0,0,0,0,0,0,0,8,0,0,0,15,17,4,11,13,10,78
address issue,0,0,0,0,0,0,0,0,0,0,0,0,0,0,3,0,0,3,0,0,3,0,8,9,5,12,8,14,13,78
conditional expectation,0,0,0,0,5,0,0,0,0,0,0,0,0,6,3,0,0,5,0,5,17,0,3,10,4,9,0,5,6,78
hidden markov,0,0,0,0,0,0,0,0,0,0,0,0,0,0,0,0,4,4,0,6,0,8,5,14,5,8,15,9,0,78
sharpe ratios,0,0,0,0,0,0,0,0,0,0,0,0,0,0,0,0,0,0,3,4,0,0,3,9,6,5,9,10,29,78
sabr model,0,0,0,0,0,0,0,0,0,0,0,0,0,0,0,0,7,0,3,4,10,9,5,9,7,5,10,3,6,78
predict stock,0,0,0,0,0,0,0,0,0,0,0,0,0,0,0,0,0,0,0,0,3,8,8,10,8,17,8,7,9,78
function optimal,0,0,0,0,0,0,0,0,0,0,0,0,0,7,5,4,3,4,0,13,0,6,6,4,5,4,5,4,8,78
method used,0,0,0,0,0,0,0,0,0,0,0,0,0,3,0,0,3,3,5,0,0,11,8,6,8,6,11,9,5,78
statistical analysis,0,0,0,0,0,0,3,0,0,0,0,3,0,5,0,0,0,4,7,3,0,0,6,7,4,3,13,16,4,78
covariance matrices,0,0,0,0,0,0,0,0,0,0,0,0,5,6,0,4,4,0,0,10,0,0,3,6,10,0,8,11,11,78
two main,0,0,0,0,0,0,0,0,0,0,0,0,0,3,0,0,0,3,5,3,0,0,4,10,12,7,4,20,7,78
banking sector,0,0,0,0,0,0,0,0,0,0,0,0,0,0,0,0,0,7,0,3,3,4,0,8,5,9,13,8,18,78
detrended fluctuation,0,0,0,0,3,0,0,3,0,8,0,7,9,5,5,8,6,5,10,0,4,0,0,0,0,0,0,0,5,78
pricing options,0,0,0,0,0,5,0,0,0,0,0,0,0,6,0,0,6,3,3,5,3,4,9,7,5,7,0,9,6,78
malliavin calculus,0,0,0,0,0,0,0,0,0,3,0,0,0,3,9,0,0,5,3,3,4,10,4,4,5,4,7,7,7,78
price change,0,0,0,0,6,4,0,3,0,4,9,0,0,4,0,0,0,0,0,4,7,4,7,8,9,3,5,0,0,77
two distinct,0,0,0,0,0,0,0,0,0,0,0,0,3,0,0,0,0,0,0,0,3,4,7,8,4,5,6,14,23,77
quantitative trading,0,0,0,0,0,0,0,0,0,0,0,0,0,0,0,0,0,0,0,5,0,0,0,3,17,4,18,12,18,77
conditional valueatrisk,0,0,0,0,0,0,0,0,0,0,0,0,4,0,3,0,3,6,7,0,6,4,5,7,4,8,4,6,10,77
present value,0,0,0,0,0,0,0,0,0,0,0,0,0,5,0,0,13,0,0,4,3,11,0,7,3,8,8,9,6,77
public health,0,0,0,0,0,0,0,0,0,0,0,0,0,0,0,0,0,0,0,0,0,0,3,8,26,12,11,6,11,77
paper addresses,0,0,0,0,0,0,0,0,0,0,0,0,0,0,4,0,4,0,3,0,0,4,0,6,9,0,10,19,18,77
also consider,0,0,0,0,0,0,0,0,0,0,0,0,0,4,5,0,0,4,3,4,4,3,5,6,9,10,8,5,7,77
present novel,0,0,0,0,0,0,0,0,0,0,0,0,0,0,4,0,0,0,0,0,0,4,7,4,9,6,11,18,14,77
risk financial,0,0,0,0,0,0,0,0,0,0,0,0,0,0,3,6,5,5,6,0,0,5,5,8,8,5,7,8,6,77
small number,0,0,0,0,0,0,0,0,0,0,3,4,0,4,0,4,5,5,0,3,3,7,8,4,5,4,5,8,5,77
based model,0,0,0,0,0,0,0,0,0,0,0,11,3,0,4,4,3,0,3,9,6,3,3,5,6,5,4,4,4,77
financial returns,0,0,0,0,0,0,0,3,0,0,5,0,0,4,0,4,4,0,0,0,0,0,8,5,3,6,11,9,15,77
insurance companies,0,0,0,0,0,0,0,0,0,0,0,0,0,0,3,5,3,0,0,5,6,0,15,11,0,14,4,7,4,77
strategy based,0,0,0,0,0,0,0,0,0,0,0,0,0,0,0,3,0,5,3,4,5,0,6,9,4,8,11,13,6,77
liquidity risk,0,0,0,0,0,0,0,0,0,0,0,0,0,0,0,4,0,0,7,0,0,4,11,7,20,0,10,0,14,77
trading system,0,0,0,0,0,0,0,0,0,0,0,0,0,0,3,0,0,0,0,0,4,0,4,12,10,10,7,9,18,77
market returns,0,0,0,4,0,0,0,0,0,0,0,0,0,0,0,0,0,0,6,0,3,0,7,11,11,7,10,9,9,77
time periods,0,0,0,0,0,0,0,0,0,0,0,0,0,0,0,0,0,0,0,0,0,7,4,10,8,15,12,6,14,76
portfolio performance,0,0,0,0,0,0,0,0,0,0,0,0,0,0,0,3,0,0,0,4,0,0,0,8,5,3,19,15,19,76
diffusion models,0,0,0,0,0,0,0,0,0,0,0,0,0,5,0,0,5,0,5,5,0,3,4,0,6,7,6,14,16,76
risk premia,0,0,0,0,0,0,0,0,0,0,0,0,4,4,0,0,0,6,0,14,5,0,3,3,7,10,6,8,6,76
market states,0,0,0,0,0,0,0,0,0,0,0,0,0,0,0,0,0,0,9,0,0,11,3,15,10,8,9,4,7,76
realworld data,0,0,0,0,0,0,0,0,0,0,0,0,0,0,0,0,0,4,3,0,3,0,4,3,10,11,10,17,11,76
american put,0,0,0,0,0,0,0,9,0,0,0,0,0,5,5,0,6,8,3,0,7,6,0,8,5,0,0,5,9,76
experiments demonstrate,0,0,0,0,0,0,0,0,0,0,0,0,0,0,0,0,3,0,0,0,0,0,5,5,9,5,9,16,24,76
given time,0,0,0,0,0,0,0,0,0,4,3,0,6,0,0,0,3,3,3,0,7,5,12,6,6,9,5,4,0,76
across countries,0,0,0,0,0,0,0,0,0,0,0,0,0,0,3,0,0,0,0,0,0,0,3,11,13,8,4,6,28,76
price time,0,0,0,0,0,0,0,0,0,0,5,0,0,5,0,3,0,6,4,5,0,8,3,6,9,9,3,3,6,75
convergence rate,0,0,0,0,0,0,0,0,0,0,0,0,3,0,6,0,0,9,4,0,7,4,7,0,7,11,7,4,6,75
study impact,0,0,0,0,0,0,0,0,0,0,0,0,0,0,0,0,0,5,4,0,0,0,7,8,10,17,8,6,10,75
ordinary differential,0,0,0,0,0,0,0,0,0,0,0,0,0,3,0,3,0,5,3,3,5,7,8,9,5,6,6,4,8,75
compared traditional,0,0,0,0,0,0,0,0,0,0,0,0,0,0,0,0,0,0,0,0,0,3,0,7,3,10,8,23,21,75
granger causality,0,0,0,0,0,0,0,0,0,0,0,0,0,0,0,0,0,6,8,3,0,6,3,7,5,9,5,9,14,75
spot price,0,0,0,0,0,0,0,0,0,0,0,0,0,0,0,3,5,9,4,5,0,7,5,6,8,7,8,3,5,75
framework allows,0,0,0,0,0,0,0,0,0,0,0,0,0,0,4,3,6,3,5,4,3,0,7,7,4,9,0,10,10,75
theorem asset,0,0,0,0,0,0,0,0,0,3,0,0,0,0,0,3,12,11,3,4,4,6,5,5,4,5,5,0,5,75
model provides,0,0,0,0,0,0,0,0,0,0,0,0,0,0,4,3,3,6,0,0,0,0,5,5,13,6,5,6,19,75
show existence,0,0,0,0,0,0,0,0,0,0,0,0,3,0,0,7,6,7,6,7,6,0,6,7,3,3,5,5,4,75
dynamic portfolio,0,0,0,0,0,0,0,0,0,0,0,0,0,0,0,0,0,0,0,6,4,3,4,10,11,4,10,7,16,75
prediction using,0,0,0,0,0,0,0,0,0,0,0,0,0,0,0,0,0,0,0,3,0,4,10,6,10,11,14,7,10,75
methods used,0,0,0,0,0,0,0,0,0,0,0,0,4,4,0,3,0,0,6,4,0,4,5,7,10,0,8,10,10,75
willingness pay,0,0,0,0,0,0,0,0,0,0,0,0,0,0,0,0,0,0,0,0,0,0,13,7,12,8,11,13,10,74
predict future,0,0,0,0,0,0,0,0,0,0,0,0,0,0,0,0,0,3,0,0,6,3,11,8,10,14,7,6,6,74
pricing formulas,0,0,0,0,0,0,0,0,0,0,0,3,3,8,6,0,3,8,0,0,8,4,4,8,7,6,0,0,6,74
distribution returns,0,0,4,4,3,10,3,5,5,0,0,3,5,0,5,5,0,3,0,3,0,4,0,0,0,5,3,0,4,74
vanilla options,0,0,0,5,0,0,0,0,0,0,0,4,0,5,0,0,4,5,0,6,7,6,0,6,9,5,6,6,0,74
financial industry,0,0,0,0,0,0,0,0,0,0,0,0,0,0,0,4,0,0,0,3,0,0,8,5,9,11,8,13,13,74
mean variance,0,0,0,0,0,0,0,0,0,0,0,0,0,0,0,0,3,4,0,0,3,3,8,9,3,9,6,12,14,74
causal inference,0,0,0,0,0,0,0,0,0,0,0,0,0,0,0,0,0,0,0,0,0,0,0,5,6,11,16,14,22,74
policy implications,0,0,0,0,0,0,0,0,0,0,0,0,0,0,0,0,4,0,0,0,0,0,8,8,10,8,8,12,16,74
paper shows,0,0,0,0,0,0,0,0,0,0,0,0,0,0,0,0,3,6,5,0,5,0,8,9,8,8,7,7,8,74
also study,0,0,0,0,0,0,0,0,0,4,3,0,0,0,0,4,8,4,8,0,7,5,3,3,4,5,8,4,4,74
carbon emissions,0,0,0,0,0,0,0,0,0,0,0,0,0,0,0,0,0,0,4,0,0,0,0,5,10,6,12,20,17,74
new insights,0,0,0,0,0,0,0,0,0,0,0,0,0,0,0,0,0,0,0,0,0,5,4,8,8,6,9,13,21,74
long short,0,0,0,0,0,0,0,0,0,0,0,0,0,0,3,0,0,0,0,9,4,5,4,9,13,6,6,8,7,74
problem using,0,0,0,0,0,0,0,0,0,0,0,0,3,0,0,0,0,4,5,4,3,3,5,10,9,9,8,7,3,73
global economy,0,0,0,0,0,0,0,0,0,0,0,0,0,0,3,0,4,0,0,6,0,4,6,16,10,10,3,5,6,73
decentralized exchanges,0,0,0,0,0,0,0,0,0,0,0,0,0,0,0,0,0,0,0,0,0,0,0,0,15,9,11,21,17,73
smart contracts,0,0,0,0,0,0,0,0,0,0,0,0,0,0,0,0,0,0,0,0,0,0,0,0,18,12,8,17,18,73
models study,0,0,0,0,0,0,0,0,0,0,0,0,3,0,3,0,0,0,3,5,5,4,7,5,4,5,7,13,9,73
address challenges,0,0,0,0,0,0,0,0,0,0,0,0,0,0,0,0,0,0,0,0,0,0,0,0,4,5,17,21,26,73
digital economy,0,0,0,0,0,0,0,0,0,0,0,0,0,0,0,0,0,0,0,0,0,0,7,3,5,12,10,23,13,73
extreme value,0,0,0,0,0,0,0,0,0,0,0,0,0,0,9,4,0,4,0,0,0,4,6,4,8,4,9,17,4,73
large deviations,0,0,0,0,0,0,0,0,0,0,0,0,0,0,0,10,6,15,0,0,8,10,0,11,0,0,3,7,3,73
labour market,0,0,0,0,0,0,0,0,0,0,0,0,0,0,0,0,0,0,0,0,0,0,0,0,34,5,8,8,18,73
obtained using,0,0,0,0,0,0,0,0,0,0,0,0,0,0,0,3,0,4,7,3,6,4,5,4,5,5,10,10,7,73
economic financial,0,0,0,0,0,0,0,0,0,0,0,0,0,0,6,5,0,10,0,0,10,6,3,12,4,3,3,6,5,73
general class,0,0,0,0,0,0,0,0,0,0,0,0,0,4,0,7,4,4,5,0,5,5,3,5,7,9,9,3,3,73
aim paper,0,0,0,0,0,0,0,0,0,3,0,0,0,6,5,3,0,0,3,7,7,5,3,5,5,6,7,4,3,72
chain monte,0,0,0,0,0,0,0,0,0,0,3,0,9,8,6,0,3,3,0,0,5,6,8,5,0,3,3,10,0,72
using large,0,0,0,0,0,0,0,0,0,0,0,0,3,0,0,0,0,0,3,0,4,3,0,14,4,0,9,17,15,72
pricing european,0,0,0,0,0,0,0,0,0,0,0,0,0,0,0,0,4,0,0,13,5,12,0,7,5,5,6,9,6,72
paper use,0,0,0,0,0,0,0,0,0,0,0,0,3,0,0,3,0,7,0,0,7,3,5,6,11,9,4,9,5,72
random time,0,0,0,0,0,0,0,0,0,0,0,0,0,0,0,3,11,14,12,5,4,4,0,5,0,7,3,4,0,72
significant positive,0,0,0,0,0,0,0,0,0,0,0,0,0,0,0,0,0,0,0,0,0,0,3,6,6,12,16,17,12,72
economic activities,0,0,0,0,0,0,0,0,0,0,0,0,0,0,0,0,0,6,10,5,0,0,0,20,11,3,4,7,6,72
lstm model,0,0,0,0,0,0,0,0,0,0,0,0,0,0,0,0,0,0,0,0,0,0,7,6,7,18,5,11,18,72
demonstrate effectiveness,0,0,0,0,0,0,0,0,0,0,0,0,0,0,0,0,0,0,0,0,4,5,3,9,7,5,15,16,8,72
introduces novel,0,0,0,0,0,0,0,0,0,0,0,0,0,0,0,0,0,0,0,0,0,3,0,0,3,0,14,28,24,72
labor markets,0,0,0,0,0,0,0,0,0,0,0,0,0,0,0,0,0,0,0,0,0,0,0,9,9,8,14,5,26,71
around world,0,0,0,0,0,0,0,0,0,0,0,0,0,0,0,0,0,0,0,0,0,7,5,8,15,14,6,5,11,71
markov process,0,0,0,0,0,0,0,0,0,6,4,0,4,0,8,10,5,4,6,3,0,0,3,0,7,0,4,0,7,71
equivalent martingale,0,0,0,0,0,0,0,0,0,8,0,5,0,6,6,3,4,3,0,0,3,0,3,12,4,0,4,3,7,71
model dynamics,0,0,0,0,0,0,0,0,0,0,0,3,0,3,3,0,4,3,3,5,8,7,7,4,4,3,3,7,4,71
using novel,0,0,0,0,0,0,0,0,0,0,0,0,0,0,0,0,0,0,0,3,0,3,0,9,6,5,9,22,14,71
book data,0,0,0,0,0,0,0,0,0,0,0,3,0,0,0,0,0,0,0,6,5,9,8,6,13,0,6,5,10,71
trade network,0,0,0,0,0,0,0,0,0,0,6,0,0,0,7,5,0,9,9,0,0,0,0,11,9,7,0,8,0,71
leverage effect,0,0,0,0,0,0,0,4,0,0,0,7,5,5,0,0,0,0,0,18,0,0,15,8,0,0,0,0,9,71
model selection,0,0,0,0,0,0,0,0,0,0,0,0,0,0,0,0,0,0,3,11,9,0,3,11,11,0,10,3,10,71
illustrate results,0,0,0,0,0,0,0,0,0,0,3,0,3,5,0,4,6,4,0,6,4,0,4,0,8,6,3,7,8,71
greenhouse gas,0,0,0,0,0,0,0,0,0,0,0,0,0,0,0,0,0,0,0,0,0,0,6,4,3,14,15,12,17,71
financial performance,0,0,0,0,0,0,0,0,0,0,0,0,0,0,0,0,0,0,0,0,0,0,0,18,8,0,19,16,10,71
labor supply,0,0,0,0,0,0,0,0,0,0,0,0,0,0,0,0,0,0,0,0,0,0,0,3,7,12,13,9,27,71
social economic,0,0,0,0,0,0,0,0,0,0,0,0,0,0,0,0,0,3,0,0,4,8,0,14,16,13,6,3,4,71
models also,0,0,0,0,0,0,0,0,3,0,0,0,0,4,4,0,0,4,0,3,0,6,7,3,11,7,6,9,4,71
life cycle,0,0,0,0,0,0,0,0,0,0,0,0,0,0,0,0,0,0,0,0,0,3,0,16,5,12,13,0,22,71
crucial role,0,0,0,0,0,0,0,0,0,0,0,0,0,0,0,0,0,0,0,0,0,3,4,5,3,7,11,23,15,71
current state,0,0,0,0,0,0,0,0,0,0,0,0,0,0,0,0,0,3,0,6,0,4,3,6,11,3,9,19,7,71
fixed point,0,0,0,0,0,0,0,0,0,0,0,0,5,0,0,0,0,5,11,5,4,5,6,4,4,5,8,6,3,71
model results,0,0,0,0,0,0,0,0,0,0,0,0,0,3,0,3,4,3,0,5,0,3,4,6,11,6,5,12,5,70
regression analysis,0,0,0,0,0,0,0,0,0,0,0,0,0,0,0,0,0,0,3,0,0,0,5,6,14,7,8,11,16,70
model price,0,0,0,0,0,0,0,0,0,0,0,0,0,4,4,0,5,0,4,3,7,3,5,6,7,8,0,6,8,70
mean squared,0,0,0,0,0,0,0,0,0,0,0,0,0,0,0,0,0,0,0,0,3,3,5,5,7,7,12,11,17,70
digital transformation,0,0,0,0,0,0,0,0,0,0,0,0,0,0,0,0,0,0,0,0,0,0,0,0,0,9,19,27,15,70
one important,0,0,0,0,0,0,0,0,0,0,0,0,0,0,0,0,0,0,6,6,0,4,6,12,7,11,9,5,4,70
investigate whether,0,0,0,0,0,0,0,0,0,0,0,0,0,0,0,0,0,4,4,0,0,4,3,9,7,6,12,7,14,70
propose two,0,0,0,0,0,0,0,0,0,0,0,0,0,0,0,0,4,4,0,0,4,0,9,8,9,6,7,11,8,70
fixed effects,0,0,0,0,0,0,0,0,0,0,0,0,0,0,0,0,0,0,0,5,3,0,0,7,8,15,4,5,23,70
proposed algorithm,0,0,0,0,0,0,0,0,0,0,0,0,0,0,0,0,0,4,3,0,0,4,11,4,8,11,9,9,7,70
high dimensional,0,0,0,0,0,0,0,0,0,0,0,0,0,0,5,0,0,3,0,7,4,0,3,8,9,8,10,8,5,70
develop novel,0,0,0,0,0,0,0,0,0,0,0,0,0,0,0,0,0,0,3,3,0,3,6,4,9,15,13,7,7,70
normal distribution,0,0,0,0,0,0,0,0,0,0,0,0,5,0,0,0,6,0,0,0,6,4,11,7,5,6,9,5,6,70
significantly outperforms,0,0,0,0,0,0,0,0,0,0,0,0,0,0,0,0,0,0,0,0,0,3,0,3,5,7,8,19,25,70
mental health,0,0,0,0,0,0,0,0,0,0,0,0,0,0,0,0,0,0,0,0,0,0,0,0,18,32,5,0,15,70
available data,0,0,0,0,0,0,0,0,0,0,0,0,0,0,0,6,0,0,0,4,3,3,8,0,6,5,8,13,13,69
resource allocation,0,0,0,0,0,0,0,0,0,0,0,0,0,0,0,0,4,0,0,0,3,0,0,3,7,4,7,21,20,69
apply method,0,0,0,0,0,0,0,0,0,0,0,0,0,0,0,0,0,0,7,0,0,3,6,9,8,9,7,10,10,69
one main,0,0,0,0,0,0,0,0,0,0,0,0,0,0,0,0,0,4,0,3,3,5,7,11,10,6,6,7,7,69
parameter estimation,0,0,0,0,0,0,0,0,0,0,0,0,0,0,0,7,5,4,0,0,5,5,4,0,9,7,3,11,9,69
riskadjusted returns,0,0,0,0,0,0,0,0,0,0,0,0,0,0,0,0,0,0,0,0,0,0,0,7,4,3,9,17,29,69
paper also,0,0,0,0,0,0,0,0,0,0,0,0,0,3,3,0,0,3,3,0,3,5,0,6,9,3,12,11,8,69
jones industrial,0,0,0,0,0,0,0,5,4,0,3,0,5,5,3,4,0,7,7,0,0,5,3,3,0,0,5,3,7,69
propose model,0,0,0,0,0,0,0,0,0,0,0,0,3,0,3,0,0,0,4,4,0,7,9,0,16,7,6,7,3,69
market power,0,0,0,0,0,0,0,0,0,0,0,0,0,0,0,0,0,0,4,0,0,0,0,0,20,9,9,7,20,69
boundary conditions,0,0,0,0,0,0,0,0,0,0,0,0,0,0,0,7,5,0,6,3,0,3,4,9,5,5,6,9,7,69
risk paper,0,0,0,0,0,0,0,0,0,4,0,0,3,0,0,0,0,0,8,3,3,0,10,7,10,9,3,4,5,69
stress testing,0,0,0,0,0,0,0,0,0,0,0,0,0,0,0,3,0,0,0,0,0,4,0,7,20,0,0,12,23,69
blockchain technology,0,0,0,0,0,0,0,0,0,0,0,0,0,0,0,0,0,0,0,0,0,5,8,3,6,10,14,14,9,69
economic models,0,0,0,0,0,0,0,0,0,0,0,0,0,4,5,0,0,0,0,0,0,0,3,3,9,13,12,7,13,69
mathematical model,0,0,0,0,0,0,0,0,0,0,0,0,0,0,0,0,0,0,0,12,8,7,4,7,6,4,6,10,5,69
financial trading,0,0,0,0,0,0,0,0,0,0,0,0,0,0,0,0,0,0,0,0,0,0,6,4,7,3,9,24,15,68
curse dimensionality,0,0,0,0,0,0,0,0,0,0,0,0,0,0,0,0,0,0,0,0,0,7,10,0,17,10,8,6,10,68
diffusion model,0,0,0,0,0,0,0,0,0,0,0,0,3,0,0,0,4,3,5,3,4,7,6,0,0,0,5,18,10,68
linear models,0,0,0,0,0,0,0,0,0,0,0,0,0,0,0,0,0,0,0,5,4,5,6,5,9,9,7,10,8,68
determine optimal,0,0,0,0,0,0,0,0,4,0,0,0,0,0,0,0,0,7,6,5,0,3,6,3,11,5,4,7,7,68
provides new,0,0,0,0,0,0,0,0,0,0,3,0,0,0,0,0,3,0,0,0,5,4,7,6,3,8,0,14,15,68
gives rise,0,0,0,0,0,0,0,0,0,0,0,4,0,0,0,0,4,0,0,3,5,5,8,8,8,4,5,4,10,68
several examples,0,0,0,0,0,0,0,0,0,0,0,0,0,0,4,3,0,5,4,10,4,3,4,9,4,7,3,5,3,68
social distancing,0,0,0,0,0,0,0,0,0,0,0,0,0,0,0,0,0,0,0,0,0,0,0,55,5,8,0,0,0,68
unified framework,0,0,0,0,0,0,0,0,0,0,0,0,0,0,0,0,0,3,0,4,0,3,3,0,3,4,11,9,28,68
number assets,0,0,0,0,0,0,0,0,0,3,0,0,0,0,3,0,3,0,3,4,0,7,4,8,7,6,4,10,6,68
cost function,0,0,0,0,0,0,0,0,0,0,0,0,0,0,5,3,0,9,4,3,4,6,3,9,0,5,9,3,5,68
utility indifference,0,0,0,0,0,0,0,0,0,0,4,0,0,0,11,3,5,16,4,4,8,0,0,0,5,0,4,0,4,68
derivative pricing,0,3,0,0,0,0,0,0,0,0,0,0,0,0,4,4,0,5,0,0,0,0,0,0,12,6,7,12,15,68
sufficient condition,0,0,0,0,0,0,0,0,0,0,0,0,0,3,8,0,3,0,5,4,3,6,5,9,0,7,9,0,6,68
dynamic risk,0,0,0,0,0,0,0,0,0,0,0,0,0,6,4,0,0,5,4,6,0,6,11,7,4,0,8,0,7,68
hamiltonjacobibellman hjb,0,0,0,0,0,0,0,0,0,0,0,0,0,0,0,0,0,5,3,0,3,5,9,5,3,4,6,10,15,68
gradient boosting,0,0,0,0,0,0,0,0,0,0,0,0,0,0,0,0,0,0,0,0,0,0,0,14,5,10,4,14,21,68
unique solution,0,0,0,0,0,0,0,0,0,0,0,0,0,0,3,0,0,4,3,8,4,4,8,6,7,4,5,9,3,68
volatility forecasting,0,0,0,0,0,0,0,0,0,0,0,0,0,0,0,0,0,0,0,0,0,0,0,0,5,5,4,25,29,68
wasserstein distance,0,0,0,0,0,0,0,0,0,0,0,0,0,0,0,0,0,0,0,0,0,5,8,9,4,8,7,11,15,67
asset management,0,0,0,0,0,0,0,0,0,0,0,0,0,0,0,0,4,5,0,4,0,0,5,7,8,7,12,4,11,67
agent based,0,0,0,0,0,0,3,0,0,0,0,15,5,0,0,0,0,6,5,8,4,4,0,9,3,0,0,0,5,67
first step,0,0,0,0,0,0,0,0,0,0,0,0,0,0,0,0,3,0,0,4,3,4,8,11,12,5,9,3,5,67
financial forecasting,0,0,0,0,0,0,0,0,0,0,0,0,0,0,0,0,0,0,0,0,0,0,3,0,5,5,13,16,25,67
study also,0,0,0,0,0,0,0,0,0,0,0,0,0,0,0,0,0,0,0,0,0,0,5,3,12,7,12,14,14,67
compound poisson,0,0,0,0,0,0,0,0,0,0,3,0,0,6,7,8,0,0,6,0,3,6,4,0,4,5,6,5,4,67
purpose paper,0,0,0,0,0,0,0,0,0,0,0,0,0,3,0,3,3,3,0,4,3,7,5,10,9,4,3,3,7,67
model outperforms,0,0,0,0,0,0,0,0,0,0,0,0,0,0,0,0,0,0,0,0,0,0,6,9,7,8,11,14,12,67
numerical solution,0,0,0,0,0,0,0,0,0,0,0,0,0,5,3,0,0,6,4,7,4,0,4,10,6,3,3,6,6,67
distortion risk,0,0,0,0,0,0,0,0,0,0,0,0,0,0,0,0,0,8,0,0,0,0,0,0,0,6,4,25,24,67
performance proposed,0,0,0,0,0,0,0,0,0,0,0,0,0,0,0,0,0,0,0,4,0,5,3,3,11,11,7,16,7,67
practical applications,0,0,0,0,0,0,0,0,0,0,0,0,0,0,0,0,0,5,5,5,4,0,4,5,8,0,8,10,13,67
explicit solution,0,0,0,0,0,0,0,0,0,0,0,3,0,0,0,4,6,3,8,0,4,4,6,6,4,7,4,0,8,67
stocks traded,0,0,0,6,4,0,0,4,0,5,7,0,5,3,3,0,8,4,3,0,3,5,0,0,0,0,4,3,0,67
maximum entropy,0,0,0,0,0,0,0,4,0,0,8,0,0,0,4,7,3,12,7,0,6,0,0,0,0,3,0,5,8,67
finite number,0,0,0,0,0,0,0,0,0,0,0,0,0,0,0,3,0,6,5,3,6,7,12,3,3,5,6,4,4,67
obtain explicit,0,0,0,0,0,0,0,0,0,0,0,3,0,0,4,0,4,3,6,4,6,5,4,8,0,7,3,3,7,67
digital currencies,0,0,0,0,0,0,0,0,0,0,0,0,0,0,0,0,0,0,0,0,7,0,8,4,7,9,8,14,10,67
markov decision,0,0,0,0,0,0,0,0,0,0,0,0,0,0,0,0,0,0,4,0,4,0,8,12,6,6,5,8,14,67
natural gas,0,0,0,0,0,0,0,0,0,0,0,0,0,0,0,0,0,0,0,4,0,8,0,9,5,15,11,6,8,66
futures contracts,0,0,0,0,0,0,0,0,0,0,0,0,0,0,6,5,4,0,0,4,0,3,6,4,5,5,8,8,8,66
prediction model,0,0,0,0,0,0,0,0,0,0,0,0,0,0,0,0,0,0,0,0,0,0,4,9,9,8,15,12,9,66
complex financial,0,0,0,0,0,0,0,0,0,0,0,0,0,0,0,0,3,4,5,0,6,0,0,0,4,4,8,14,18,66
economic system,0,0,0,0,0,0,0,0,0,0,0,6,3,6,3,3,0,0,5,3,0,7,6,8,4,3,0,9,0,66
exotic options,0,0,0,0,0,0,0,0,0,0,0,5,0,3,0,3,8,6,6,0,3,4,4,4,5,3,0,4,8,66
variance reduction,0,0,0,0,0,0,0,0,0,0,0,0,0,0,10,0,0,3,6,5,6,0,5,0,7,8,3,7,6,66
establish existence,0,0,0,0,0,0,0,0,0,0,0,0,0,0,3,0,0,4,5,4,4,5,0,6,0,6,5,11,13,66
cyber risk,0,0,0,0,0,0,0,0,0,0,0,0,0,0,0,0,0,0,0,0,0,0,0,0,18,20,0,28,0,66
study shows,0,0,0,0,0,0,0,0,0,0,0,0,0,0,0,0,0,0,0,0,0,8,6,11,9,9,7,9,7,66
models stochastic,0,0,0,0,0,0,0,0,0,0,4,0,3,0,0,6,4,0,3,3,7,3,5,0,4,4,6,5,9,66
risk parity,0,0,0,0,0,0,0,0,0,0,0,0,0,0,0,0,0,8,0,4,0,0,3,3,10,15,6,11,6,66
market show,0,0,0,3,0,0,0,0,0,0,3,0,0,0,0,0,0,3,3,0,3,5,7,7,5,6,6,7,8,66
jump diffusion,0,0,0,0,0,0,0,0,0,0,3,0,0,7,0,0,0,6,7,0,5,5,7,6,4,0,5,7,4,66
predictive performance,0,0,0,0,0,0,0,0,0,0,0,0,0,0,0,0,0,0,0,0,0,3,4,3,0,5,10,22,19,66
economic impact,0,0,0,0,0,0,0,0,0,0,0,0,0,0,0,0,0,0,0,0,3,4,0,13,6,10,9,6,15,66
energy systems,0,0,0,0,0,0,0,0,0,0,0,0,0,0,0,0,0,0,0,0,0,0,0,9,9,7,12,8,20,65
stock indices,0,0,0,0,0,0,0,0,0,0,0,0,5,0,6,0,0,0,6,0,0,3,7,7,3,6,6,4,12,65
public transport,0,0,0,0,0,0,0,0,0,0,0,0,0,0,0,0,0,0,0,0,0,0,0,0,29,10,11,10,5,65
second part,0,0,0,0,0,0,0,0,0,0,0,0,4,6,0,0,0,6,8,5,0,4,5,6,5,4,0,3,9,65
marginal distributions,0,0,0,0,0,0,0,0,0,0,0,0,0,0,0,0,0,0,4,6,5,0,4,13,9,5,5,7,7,65
first passage,0,0,0,0,0,0,0,0,0,0,6,5,7,0,5,0,12,0,0,0,4,10,4,0,4,0,0,0,8,65
heavy tails,0,0,0,0,0,0,0,0,0,0,0,0,0,3,0,9,0,0,3,6,4,0,0,8,0,0,3,8,21,65
paper uses,0,0,0,0,0,0,0,0,0,0,0,0,0,0,0,0,0,0,0,0,3,0,3,9,11,5,10,12,12,65
highlight importance,0,0,0,0,0,0,0,0,0,0,0,0,0,0,0,0,0,0,0,0,0,0,5,5,6,6,11,10,22,65
work propose,0,0,0,0,0,0,0,0,0,0,0,0,0,0,0,0,0,0,0,0,0,3,6,6,6,9,7,16,12,65
economic social,0,0,0,0,0,0,0,0,0,0,0,0,0,0,3,0,0,3,0,0,0,0,4,5,7,5,8,10,20,65
financial sector,0,0,0,0,0,0,0,0,0,0,0,0,0,0,0,0,4,0,0,0,0,0,4,10,0,6,9,20,12,65
using historical,0,0,0,0,0,0,0,0,0,0,0,0,0,0,0,0,0,0,0,4,0,3,5,3,11,10,10,10,9,65
distributionally robust,0,0,0,0,0,0,0,0,0,0,0,0,0,0,0,0,0,0,0,0,0,0,3,9,9,9,5,12,18,65
lower bounds,0,0,0,0,0,0,0,0,0,0,0,4,0,4,3,0,0,0,8,7,0,5,0,9,3,5,4,6,7,65
prediction models,0,0,0,0,0,0,0,0,0,0,0,0,0,0,0,0,0,0,0,0,0,4,13,6,7,6,10,12,7,65
market trends,0,0,0,0,0,0,0,0,0,0,0,0,0,0,0,0,0,0,0,0,0,3,0,3,4,3,21,22,9,65
investment risk,0,0,0,0,0,0,0,0,0,0,0,0,0,0,0,0,0,10,0,10,5,11,7,0,10,0,4,3,5,65
used model,0,0,0,0,0,0,0,0,0,3,0,3,0,0,0,3,4,0,3,5,4,5,6,5,7,4,5,5,3,65
quantitative investment,0,0,0,0,0,0,0,0,0,0,0,0,0,0,0,0,0,0,0,0,0,0,0,14,5,0,9,25,12,65
finally provide,0,0,0,0,0,0,0,0,0,0,0,0,0,3,0,0,3,4,5,0,5,5,0,6,7,8,6,8,4,64
findings provide,0,0,0,0,0,0,0,0,0,0,0,0,0,0,0,0,0,0,0,0,0,0,0,3,3,4,7,12,35,64
network approach,0,0,0,0,0,0,0,0,0,0,0,0,0,0,0,0,0,4,0,10,4,3,4,8,3,8,7,8,5,64
liquidity provision,0,0,0,0,0,0,0,0,0,0,0,0,0,0,0,0,0,0,0,0,3,0,0,3,6,8,10,12,22,64
market crash,0,0,0,0,0,0,0,0,0,0,0,0,0,0,6,0,0,0,3,5,0,7,0,16,18,5,0,0,4,64
novel method,0,0,0,0,0,0,0,0,0,0,0,0,0,0,0,0,0,0,0,0,0,5,5,6,6,5,10,15,12,64
volatility surfaces,0,0,0,0,0,0,0,0,0,0,0,0,0,0,0,5,0,4,0,0,0,0,5,3,8,6,9,0,24,64
model incorporates,0,0,0,0,0,0,0,0,0,0,0,0,0,0,0,0,0,5,0,0,0,3,0,6,3,5,10,17,15,64
integral equation,0,0,0,0,0,0,0,0,0,0,0,5,0,0,0,0,0,7,0,5,4,0,4,0,6,9,7,17,0,64
per year,0,0,0,0,0,0,0,0,0,0,0,0,0,0,0,3,9,0,0,0,0,0,0,8,5,0,10,13,16,64
numerical scheme,0,0,0,0,0,0,0,0,0,0,3,0,0,6,0,0,0,3,0,5,7,5,5,5,3,3,4,10,5,64
present numerical,0,0,0,0,0,0,0,0,0,0,0,0,0,6,4,3,0,4,7,0,4,6,7,4,5,7,4,0,3,64
performance compared,0,0,0,0,0,0,0,0,0,0,0,0,0,0,0,0,0,0,0,0,0,5,7,3,8,0,15,15,11,64
book lob,0,0,0,0,0,0,0,0,0,0,0,0,0,0,3,0,0,5,7,0,3,0,4,6,5,0,8,9,14,64
data study,0,0,0,0,0,0,0,0,0,0,0,0,0,0,0,0,0,0,0,3,0,0,7,9,7,8,7,9,14,64
estimated using,0,0,0,0,0,0,0,0,0,0,0,0,0,4,0,0,3,3,0,5,7,0,5,6,7,3,7,3,11,64
options using,0,0,0,0,0,0,0,0,0,0,0,0,5,0,4,0,3,9,4,4,0,0,4,6,5,0,4,6,10,64
financial mathematics,0,0,0,0,0,0,0,0,0,0,0,0,4,0,0,0,7,3,9,4,0,5,6,6,3,5,6,6,0,64
algorithm based,0,0,0,0,0,0,0,0,0,0,0,3,0,0,0,0,4,0,0,4,7,0,7,9,7,8,3,11,0,63
public policy,0,0,0,0,0,0,0,0,0,0,0,0,0,0,0,0,0,0,0,0,0,3,0,4,16,8,7,7,18,63
operational risk,0,0,0,0,0,0,0,0,0,0,0,0,25,12,0,9,10,0,0,7,0,0,0,0,0,0,0,0,0,63
information flow,0,0,0,0,0,0,0,0,0,0,0,11,0,0,0,0,0,5,3,6,0,3,4,12,0,0,3,5,11,63
model developed,0,0,0,0,0,0,0,0,0,0,6,0,3,0,0,0,0,0,6,0,0,4,6,8,5,5,9,5,6,63
markets using,0,0,0,0,0,0,0,0,0,0,0,0,0,0,3,0,0,6,0,0,0,5,4,7,5,0,8,8,17,63
emerging markets,0,0,0,0,0,0,0,0,0,5,0,0,0,0,0,0,0,0,3,4,0,0,0,4,4,8,4,9,22,63
correlation coefficient,0,0,0,0,0,0,0,0,0,0,0,0,0,4,0,4,5,0,0,0,0,6,8,4,4,0,10,14,4,63
financial contagion,0,0,0,0,0,0,0,0,0,0,0,0,0,0,4,7,6,8,3,8,6,7,0,0,6,0,0,4,4,63
energy transition,0,0,0,0,0,0,0,0,0,0,0,0,0,0,0,0,0,0,0,0,0,0,0,8,6,13,5,13,18,63
convex optimization,0,0,0,0,0,0,0,0,0,0,0,0,4,0,0,0,0,0,0,0,7,0,0,9,6,12,0,11,14,63
better understand,0,0,0,0,0,0,0,0,0,0,0,0,0,0,3,0,0,0,0,3,0,5,5,6,12,5,12,8,4,63
paper first,0,0,0,0,0,0,0,0,0,0,0,0,0,0,0,0,0,4,5,0,3,4,5,9,7,7,9,4,6,63
paper analyzes,0,0,0,0,0,0,0,0,0,0,0,0,0,0,0,0,0,0,4,0,5,4,4,6,4,5,8,13,10,63
extreme events,0,0,0,0,0,0,0,0,0,0,0,0,0,4,0,9,0,6,5,0,0,0,0,0,6,9,0,8,16,63
pairs trading,0,0,0,0,0,0,0,0,0,0,0,0,0,0,0,0,0,6,0,5,4,6,10,5,7,0,9,11,0,63
address problem,0,0,0,0,0,0,0,0,0,0,0,0,0,0,0,0,0,4,0,0,5,4,5,5,8,6,9,12,5,63
relative risk,0,0,0,0,0,0,0,0,0,0,0,0,0,0,8,5,0,4,0,0,4,5,4,6,6,8,5,0,8,63
impact model,0,0,0,0,0,0,0,0,0,0,0,0,0,0,4,5,3,5,3,7,0,7,3,5,5,4,7,0,5,63
also propose,0,0,0,0,0,0,0,0,0,0,0,0,0,3,0,0,0,3,0,5,3,3,3,12,5,11,5,6,4,63
challenging task,0,0,0,0,0,0,0,0,0,0,0,0,0,0,0,0,0,0,0,0,3,0,9,8,3,14,8,10,8,63
last years,0,0,0,0,0,0,0,0,0,0,0,5,0,5,0,3,0,5,0,6,0,0,4,6,11,7,7,3,0,62
model two,0,0,0,0,0,0,0,0,0,0,0,0,0,0,4,0,6,3,4,0,4,4,5,5,5,7,6,5,4,62
balance sheet,0,0,0,0,0,0,0,0,0,0,0,0,0,0,0,3,0,0,6,0,0,5,3,12,6,6,7,8,6,62
minimum variance,0,0,0,0,0,0,0,0,0,0,0,0,0,0,0,0,0,0,3,0,4,0,3,9,12,8,7,9,7,62
importance sampling,0,0,0,0,0,0,0,0,0,0,7,0,0,0,0,0,10,0,0,5,0,0,4,4,6,8,11,3,4,62
