,2003,2005,2007,2008,2009,2010,2011,2012,2013,2014,2015,2016,2017,2018,2019,2020,2021,2022,2023,2024,2025,Total
models,0,0,0,0,0,0,0,0,18,15,24,40,100,385,529,677,820,772,933,1075,1415,6803
economic,0,0,0,0,0,0,0,0,0,0,0,11,42,200,275,579,668,508,549,738,1125,4695
effects,0,0,0,0,0,0,0,0,20,0,28,34,71,214,248,492,599,533,623,736,1076,4674
market,0,0,0,0,0,0,0,0,0,0,0,0,18,199,274,417,616,450,576,736,1036,4322
information,0,0,0,0,0,0,0,0,0,0,0,0,40,174,223,395,572,503,505,626,775,3813
policy,0,0,0,0,0,0,0,0,0,0,0,18,23,111,192,456,428,382,434,457,885,3386
learning,0,0,0,0,0,0,0,0,0,0,0,12,45,112,176,362,444,500,391,584,731,3357
treatment,0,0,0,0,0,0,0,0,14,0,0,50,56,182,155,347,400,433,417,536,648,3238
framework,0,0,0,0,0,0,0,0,0,0,0,14,21,115,175,282,333,293,354,500,1099,3186
optimal,0,0,0,0,0,0,0,0,0,0,0,0,19,127,211,328,439,436,413,489,666,3128
methods,0,0,0,0,0,0,12,0,13,0,12,36,62,151,239,314,375,360,355,500,645,3074
effect,0,0,0,0,0,0,0,0,0,0,8,31,29,124,150,352,449,396,411,488,621,3059
social,0,0,0,0,0,0,0,0,0,0,0,0,8,78,176,412,441,444,385,446,588,2978
estimation,0,0,0,0,0,0,8,0,0,0,13,24,69,186,303,275,348,335,439,411,556,2967
use,0,0,0,0,0,0,0,0,0,0,0,14,36,145,229,311,460,408,385,459,488,2935
agents,0,0,0,0,0,0,0,0,0,0,0,0,21,136,156,286,357,380,397,488,556,2777
empirical,0,0,0,0,0,0,0,0,0,0,8,14,33,142,169,255,336,294,402,392,634,2679
provide,0,0,0,0,0,0,0,0,0,0,12,16,29,116,187,308,332,326,350,439,514,2629
network,0,0,0,0,0,0,0,0,0,0,0,0,21,87,256,376,392,348,279,377,472,2608
distribution,0,0,0,0,0,0,0,0,0,0,0,12,49,149,196,274,326,336,333,419,494,2588
impact,0,0,0,0,0,0,0,0,0,0,0,0,10,56,111,285,333,311,374,475,627,2582
find,0,0,0,0,0,0,0,0,0,0,0,0,13,104,196,334,335,339,366,384,500,2571
inference,0,0,0,0,0,0,0,0,19,0,16,30,53,156,219,208,273,280,304,373,575,2506
first,0,0,0,0,0,0,0,0,0,0,0,13,23,108,174,281,355,312,356,373,479,2474
equilibrium,0,0,0,0,0,0,0,0,0,0,0,0,16,105,178,273,299,306,359,367,556,2459
may,0,0,0,0,0,0,0,0,0,0,0,11,13,97,151,277,342,322,326,395,507,2441
research,0,0,0,0,0,0,0,0,0,0,0,0,7,89,122,188,306,267,377,454,583,2393
choice,0,0,0,0,0,0,0,0,0,0,0,0,22,126,212,263,320,332,343,311,438,2367
risk,0,0,0,0,0,0,0,0,0,0,0,0,0,66,159,271,375,287,301,359,546,2364
price,0,0,0,0,0,0,0,0,0,0,0,0,11,116,183,183,335,310,316,369,535,2358
regression,0,0,0,0,0,0,0,0,17,0,15,39,38,149,215,222,313,231,293,350,472,2354
large,0,0,0,0,0,0,0,0,0,0,10,17,30,94,199,237,283,286,318,359,493,2326
across,0,0,0,0,0,0,0,0,0,0,0,0,13,54,79,189,241,235,267,423,813,2314
number,0,0,0,0,0,0,0,0,7,0,9,17,29,107,225,307,352,295,297,296,299,2240
value,0,0,0,0,0,0,0,0,0,0,0,0,19,89,153,177,272,287,299,360,543,2199
estimator,0,0,0,0,0,0,0,0,0,0,16,16,39,164,212,202,243,227,334,348,368,2169
theory,0,0,0,0,0,0,0,0,0,0,0,7,17,132,185,215,236,230,316,323,503,2164
financial,0,0,0,0,0,0,0,0,0,0,0,0,14,74,107,189,303,200,320,386,542,2135
set,0,0,0,0,0,0,0,0,0,0,5,0,27,92,143,271,304,302,287,306,374,2111
design,0,0,0,0,0,0,0,0,0,0,0,0,10,76,82,169,270,269,264,339,534,2013
function,0,0,0,0,0,0,0,0,0,0,0,21,33,127,146,234,230,256,256,287,386,1976
dynamic,0,0,0,0,0,0,0,0,0,0,0,0,11,116,142,224,243,216,230,339,433,1954
conditions,0,0,0,0,0,0,0,0,11,0,10,8,29,101,172,201,215,255,234,262,454,1952
causal,0,0,0,0,0,0,0,0,0,0,0,10,15,69,94,167,235,216,246,384,498,1934
test,0,0,0,0,0,0,0,0,0,0,0,13,28,136,144,232,249,222,261,322,310,1917
findings,0,0,0,0,0,0,0,0,0,0,0,0,6,34,66,125,182,163,240,390,668,1874
outcomes,0,0,0,0,0,0,0,0,0,0,0,0,27,36,78,170,222,218,214,306,532,1803
growth,0,0,0,0,0,0,0,0,0,0,0,0,14,111,101,153,276,188,216,294,443,1796
variables,0,0,0,0,0,0,0,0,0,0,0,25,24,106,109,185,249,223,225,310,313,1769
markets,0,0,0,0,0,0,0,0,0,0,0,0,0,71,85,196,217,197,227,284,478,1755
mechanism,0,0,0,0,0,0,0,0,0,0,0,0,6,54,91,154,282,263,234,288,368,1740
average,0,0,0,0,0,0,0,0,0,0,0,21,22,101,101,192,216,237,204,280,354,1728
potential,0,0,0,0,0,0,0,0,0,0,0,6,14,52,86,157,200,192,253,366,401,1727
estimators,0,0,0,0,0,0,0,0,11,0,8,18,38,117,127,163,206,207,242,251,319,1707
evidence,0,0,0,0,0,0,0,0,0,0,0,0,0,68,87,165,217,226,250,232,448,1693
many,0,0,0,0,0,0,0,0,0,0,16,14,21,80,128,195,231,236,262,260,244,1687
demand,0,0,0,0,0,0,0,0,0,0,0,0,0,87,115,188,245,257,189,261,343,1685
well,0,0,0,0,0,0,0,0,0,0,0,11,18,89,143,246,258,207,226,218,255,1671
rate,0,0,0,0,0,0,0,0,0,0,0,11,15,81,115,233,205,213,196,262,330,1661
general,0,0,0,0,0,0,0,0,5,0,6,15,22,89,119,173,225,207,219,235,344,1659
linear,0,0,0,0,0,0,0,0,0,0,12,7,29,109,131,142,185,217,226,246,352,1656
countries,0,0,0,0,0,0,0,0,0,0,0,0,11,53,95,246,303,211,181,237,317,1654
prices,0,0,0,0,0,0,0,0,0,0,0,0,0,93,106,159,185,248,223,270,361,1645
parameters,0,0,0,0,0,0,0,0,7,0,0,25,30,106,133,191,215,192,218,230,291,1638
dynamics,0,0,0,0,0,0,0,0,0,0,0,5,8,58,111,154,224,193,208,253,423,1637
preferences,0,0,0,0,0,0,0,0,0,0,0,0,10,49,124,169,207,223,233,270,337,1622
literature,0,0,0,0,0,0,0,0,0,0,0,6,25,71,117,169,205,203,248,297,262,1603
robust,0,0,0,0,0,0,0,0,0,0,0,0,21,54,84,156,215,180,233,284,372,1599
case,0,0,0,0,0,0,0,0,0,0,0,0,13,72,131,210,257,191,188,238,297,1597
game,0,0,0,0,0,0,0,0,0,0,0,0,0,80,95,194,196,200,217,276,338,1596
studies,0,0,0,0,0,0,0,0,0,0,0,0,14,69,103,189,202,193,226,240,359,1595
novel,0,0,0,0,0,0,0,0,0,0,0,0,10,46,78,144,170,195,243,299,409,1594
structure,0,0,0,0,0,0,0,0,0,0,8,7,21,62,123,222,199,189,186,225,348,1590
cost,0,0,0,0,0,0,0,0,0,0,0,0,8,71,107,142,221,225,211,268,337,1590
utility,0,0,0,0,0,0,0,0,0,0,0,0,0,64,124,166,205,174,235,313,302,1583
energy,0,0,0,0,0,0,0,0,0,0,0,0,0,69,61,136,227,184,255,261,389,1582
estimate,0,0,0,0,0,0,0,0,0,0,0,9,16,93,118,182,218,208,197,200,327,1568
power,0,0,0,0,0,0,0,0,0,0,0,8,12,61,101,156,283,220,202,206,311,1560
factors,0,0,0,0,0,0,0,0,0,0,0,19,10,47,98,164,239,161,198,293,325,1554
work,0,0,0,0,0,0,0,0,0,0,6,0,9,69,90,160,251,194,197,227,322,1525
significant,0,0,0,0,0,0,0,0,0,0,0,0,0,36,74,120,171,161,243,338,377,1520
global,0,0,0,0,0,0,0,0,0,0,0,0,0,27,101,158,242,161,221,260,345,1515
among,0,0,0,0,0,0,0,0,0,0,0,0,11,51,97,174,217,211,196,231,323,1511
within,0,0,0,0,0,0,0,0,0,0,0,9,13,38,79,136,154,135,235,311,398,1508
behavior,0,0,0,0,0,0,0,0,0,0,0,0,5,68,112,164,240,157,217,241,300,1504
machine,0,0,0,0,0,0,0,0,0,0,0,0,20,53,81,153,234,202,180,266,308,1497
firms,0,0,0,0,0,0,0,0,0,0,0,0,0,34,87,140,157,163,223,248,425,1477
games,0,0,0,0,0,0,0,0,0,0,0,0,7,44,86,198,196,215,197,219,309,1471
decision,0,0,0,0,0,0,0,0,0,0,0,0,5,62,98,190,204,194,179,263,274,1469
systems,0,0,0,0,0,0,0,0,0,0,0,0,0,44,66,149,158,136,234,251,411,1449
level,0,0,0,0,0,0,0,0,0,0,0,12,0,53,89,177,222,178,224,231,262,1448
identification,0,0,0,0,0,0,0,0,0,0,0,0,29,73,98,155,160,168,191,254,314,1442
high,0,0,0,0,0,0,0,0,0,0,0,0,7,44,96,174,196,202,188,223,310,1440
sample,0,0,0,0,0,0,0,0,0,0,0,23,19,80,123,167,180,216,209,192,226,1435
costs,0,0,0,0,0,0,0,0,0,0,0,0,0,53,69,124,211,179,163,252,371,1422
demonstrate,0,0,0,0,0,0,0,0,0,0,0,6,10,36,58,107,137,150,205,278,435,1422
even,0,0,0,0,0,0,0,0,0,0,0,0,18,50,91,162,198,197,188,199,313,1416
income,0,0,0,0,0,0,0,0,0,0,0,0,0,57,75,187,235,191,178,213,276,1412
three,0,0,0,0,0,0,0,0,0,0,0,0,12,55,90,138,175,177,196,237,320,1400
higher,0,0,0,0,0,0,0,0,0,0,0,0,0,29,72,159,210,191,172,227,339,1399
public,0,0,0,0,0,0,0,0,0,0,0,0,0,55,63,140,210,154,193,214,363,1392
functions,0,0,0,0,0,0,0,0,0,0,0,18,23,68,104,176,144,169,195,199,292,1388
networks,0,0,0,0,0,0,0,0,0,0,0,0,19,66,133,201,146,185,158,200,272,1380
standard,0,0,0,0,0,0,0,0,0,0,7,0,19,77,95,123,189,153,181,196,339,1379
process,0,0,0,0,0,0,0,0,0,0,0,0,10,79,107,148,191,167,236,178,258,1374
develop,0,0,0,0,0,0,0,0,0,0,0,10,22,74,99,127,150,170,151,221,350,1374
properties,0,0,0,0,0,0,0,0,0,0,0,9,12,72,139,155,193,169,191,202,229,1371
local,0,0,0,0,0,0,0,0,0,0,0,6,6,54,92,157,169,175,201,215,288,1363
application,0,0,0,0,0,0,0,0,0,0,0,15,17,60,125,175,163,161,195,205,241,1357
policies,0,0,0,0,0,0,0,0,0,0,0,0,0,27,68,187,197,165,190,195,324,1353
development,0,0,0,0,0,0,0,0,0,0,0,0,13,44,82,147,190,117,164,240,355,1352
random,0,0,0,0,0,0,0,0,0,0,0,11,25,64,108,168,173,161,183,204,254,1351
strategies,0,0,0,0,0,0,0,0,0,0,0,0,7,44,70,118,166,150,140,243,393,1331
multiple,0,0,0,0,0,0,0,0,0,0,0,0,15,61,104,155,155,162,154,235,290,1331
consider,0,0,0,0,0,0,0,0,0,0,7,6,15,72,105,170,163,222,194,200,173,1327
increase,0,0,0,0,0,0,0,0,0,0,0,0,5,29,83,150,183,188,203,221,262,1324
welfare,0,0,0,0,0,0,0,0,0,0,0,0,0,49,69,127,143,215,170,209,339,1321
series,0,0,0,0,0,0,0,0,0,0,0,7,31,66,146,160,154,142,199,193,219,1317
individual,0,0,0,0,0,0,0,0,0,0,0,8,9,52,105,137,191,193,191,197,231,1314
control,0,0,0,0,0,0,0,0,0,0,0,7,37,46,105,150,157,164,191,188,265,1310
provides,0,0,0,0,0,0,0,0,0,0,0,0,12,44,102,116,156,149,168,204,351,1302
conditional,0,0,0,0,0,0,0,0,0,0,0,16,30,73,102,124,169,207,160,190,227,1298
asymptotic,0,0,0,0,0,0,0,0,0,0,0,13,21,124,120,126,131,162,186,183,231,1297
key,0,0,0,0,0,0,0,0,0,0,0,0,0,32,61,93,137,135,147,242,421,1268
including,0,0,0,0,0,0,0,0,0,0,0,0,7,40,67,119,156,135,156,260,326,1266
often,0,0,0,0,0,0,0,0,0,0,8,0,14,40,80,125,143,137,150,234,335,1266
production,0,0,0,0,0,0,0,0,0,0,0,0,0,28,74,120,181,130,181,217,329,1260
efficiency,0,0,0,0,0,0,0,0,0,0,0,0,0,46,77,108,127,106,171,238,384,1257
selection,0,0,0,0,0,0,0,0,16,0,0,9,13,89,63,143,112,130,202,203,276,1256
applications,0,0,0,0,0,0,0,0,0,0,0,12,10,64,99,144,144,129,184,181,279,1246
mechanisms,0,0,0,0,0,0,0,0,0,0,0,0,0,39,59,116,139,168,153,249,315,1238
existing,0,0,0,0,0,0,0,0,0,0,0,0,6,39,66,131,151,141,194,224,284,1236
strategy,0,0,0,0,0,0,0,0,0,0,0,0,0,65,62,135,152,194,140,205,267,1220
simple,0,0,0,0,0,0,0,0,0,0,5,6,9,56,93,139,163,176,163,186,220,1216
uncertainty,0,0,0,0,0,0,0,0,0,0,0,0,20,39,75,148,135,164,136,182,313,1212
covid,0,0,0,0,0,0,0,0,0,0,0,0,0,0,0,386,355,172,118,63,115,1209
bias,0,0,0,0,0,0,0,0,0,0,0,7,13,65,83,124,150,161,169,190,246,1208
present,0,0,0,0,0,0,0,0,0,0,0,6,13,62,88,137,180,162,172,185,202,1207
factor,0,0,0,0,0,0,0,0,0,0,0,0,10,47,126,120,149,150,175,191,238,1206
statistical,0,0,0,0,0,0,0,0,0,0,0,13,9,53,113,125,117,166,192,181,230,1199
estimates,0,0,0,0,0,0,0,0,0,0,0,8,19,54,88,150,169,136,143,167,262,1196
panel,0,0,0,0,0,0,0,0,0,0,0,0,21,63,87,112,139,132,196,137,306,1193
change,0,0,0,0,0,0,0,0,0,0,0,0,0,44,65,166,208,148,145,185,230,1191
economy,0,0,0,0,0,0,0,0,0,0,0,0,8,29,96,155,162,120,168,184,261,1183
due,0,0,0,0,0,0,0,0,0,0,0,0,9,58,69,137,176,135,167,192,238,1181
without,0,0,0,0,0,0,0,0,0,0,0,0,6,43,78,105,140,143,154,228,281,1178
problems,0,0,0,0,0,0,0,0,0,0,9,0,13,37,85,150,133,164,155,198,233,1177
identify,0,0,0,0,0,0,0,0,0,0,0,0,9,40,54,103,158,159,151,208,292,1174
variable,0,0,0,0,0,0,0,0,0,0,0,10,23,69,86,121,170,154,149,182,203,1167
heterogeneity,0,0,0,0,0,0,0,0,0,0,0,10,16,58,73,105,136,125,166,181,284,1154
stochastic,0,0,0,0,0,0,0,0,0,0,0,0,8,61,112,118,137,153,168,212,182,1151
important,0,0,0,0,0,0,0,0,0,0,0,7,12,63,80,163,197,158,140,155,176,1151
human,0,0,0,0,0,0,0,0,0,0,0,0,0,31,25,92,138,110,180,241,328,1145
assumptions,0,0,0,0,0,0,0,0,0,0,0,6,18,68,69,113,133,124,148,206,258,1143
individuals,0,0,0,0,0,0,0,0,0,0,0,0,0,31,50,154,164,178,146,190,229,1142
class,0,0,0,0,0,0,0,0,0,0,0,8,16,60,79,122,149,165,160,185,195,1139
structural,0,0,0,0,0,0,0,0,0,0,0,0,27,76,50,106,120,130,108,176,346,1139
efficient,0,0,0,0,0,0,0,0,0,0,0,0,0,52,70,128,135,140,150,183,280,1138
state,0,0,0,0,0,0,0,0,0,0,0,0,7,48,68,131,195,140,164,152,232,1137
future,0,0,0,0,0,0,0,0,0,0,0,0,0,28,83,117,155,131,178,205,238,1135
whether,0,0,0,0,0,0,0,0,0,0,0,0,9,51,61,119,130,160,139,180,284,1133
role,0,0,0,0,0,0,0,0,0,0,0,0,0,31,52,97,140,137,186,217,269,1129
interest,0,0,0,0,0,0,0,0,0,0,0,25,22,62,77,109,119,145,167,174,228,1128
tests,0,0,0,0,0,0,0,0,0,0,0,16,18,66,104,130,128,141,132,157,234,1126
size,0,0,0,0,0,0,0,0,9,0,0,15,10,63,92,132,138,126,156,172,206,1119
probability,0,0,0,0,0,0,0,0,0,0,0,0,18,38,73,139,148,179,148,149,217,1109
given,0,0,0,0,0,0,0,0,0,0,6,0,13,53,87,135,153,151,154,185,167,1104
trade,0,0,0,0,0,0,0,0,0,0,0,0,0,38,69,100,192,128,114,167,296,1104
theoretical,0,0,0,0,0,0,0,0,0,0,0,0,6,51,67,100,119,119,156,201,284,1103
matching,0,0,0,0,0,0,0,0,0,0,0,0,0,36,59,109,195,180,147,162,213,1101
forecasting,0,0,0,0,0,0,0,0,0,0,0,0,16,37,59,155,113,116,153,223,224,1096
pricing,0,0,0,0,0,0,0,0,0,0,0,0,0,59,71,70,145,142,156,196,256,1095
finally,0,0,0,0,0,0,0,0,0,0,0,0,8,40,65,114,157,159,165,172,214,1094
volatility,0,0,0,0,0,0,0,0,0,0,0,0,0,37,92,124,128,135,120,242,212,1090
second,0,0,0,0,0,0,0,0,0,0,0,0,11,63,82,131,157,139,154,151,201,1089
measures,0,0,0,0,0,0,0,0,0,0,0,0,9,28,48,183,178,159,124,160,198,1087
rates,0,0,0,0,0,0,0,0,0,0,0,0,8,68,53,138,133,127,143,183,232,1085
order,0,0,0,0,0,0,0,0,0,0,0,0,15,49,107,133,181,153,149,129,167,1083
common,0,0,0,0,0,0,0,0,0,0,0,0,15,53,78,119,135,127,143,164,247,1081
bayesian,0,0,0,0,0,0,0,0,0,0,0,12,12,43,71,135,143,154,101,153,256,1080
outcome,0,0,0,0,0,0,0,0,0,0,0,14,16,44,57,114,116,158,157,179,225,1080
population,0,0,0,0,0,0,0,0,0,0,0,8,16,42,73,157,182,147,123,142,188,1078
introduce,0,0,0,0,0,0,0,0,0,0,0,0,7,30,80,99,109,123,146,191,283,1068
supply,0,0,0,0,0,0,0,0,0,0,0,0,0,23,69,132,161,124,134,147,275,1065
various,0,0,0,0,0,0,0,0,0,0,0,6,11,27,71,131,132,115,142,235,191,1061
parameter,0,0,0,0,0,0,0,0,0,0,0,14,26,54,110,126,115,120,124,140,231,1060
experiments,0,0,0,0,0,0,0,0,0,0,0,11,13,27,66,94,121,112,159,206,248,1057
several,0,0,0,0,0,0,0,0,0,0,5,0,8,57,69,141,152,140,164,163,158,1057
distributions,0,0,0,0,0,0,0,0,0,0,0,9,14,50,59,106,123,131,136,184,231,1043
positive,0,0,0,0,0,0,0,0,0,0,0,0,10,38,46,124,171,121,148,161,223,1042
agent,0,0,0,0,0,0,0,0,0,0,0,0,0,35,71,108,118,146,144,176,241,1039
expected,0,0,0,0,0,0,0,0,0,0,0,0,7,41,94,109,133,132,143,167,209,1035
changes,0,0,0,0,0,0,0,0,0,0,0,0,0,37,52,131,171,123,159,168,187,1028
simulation,0,0,0,0,0,0,0,0,0,0,7,8,13,64,86,122,107,114,147,167,189,1024
observed,0,0,0,0,0,0,0,0,0,0,0,0,13,54,87,109,147,127,133,153,199,1022
group,0,0,0,0,0,0,0,0,0,0,0,0,18,62,53,124,150,140,142,152,177,1018
health,0,0,0,0,0,0,0,0,0,0,0,0,0,44,52,143,191,140,103,128,216,1017
settings,0,0,0,0,0,0,0,0,0,0,0,9,13,36,65,97,103,118,117,149,305,1012
lower,0,0,0,0,0,0,0,0,0,0,0,0,0,44,43,116,155,118,138,155,239,1008
decisions,0,0,0,0,0,0,0,0,0,0,0,0,0,34,57,81,123,127,150,201,234,1007
index,0,0,0,0,0,0,0,0,0,0,0,8,0,28,80,138,170,105,119,132,226,1006
values,0,0,0,0,0,0,0,0,0,0,0,0,19,41,64,100,144,138,136,162,200,1004
small,0,0,0,0,0,0,0,0,0,0,0,0,10,51,66,115,130,116,129,158,220,995
algorithms,0,0,0,0,0,0,0,0,0,0,0,0,11,34,40,101,133,154,134,192,189,988
via,0,0,0,0,0,0,0,0,0,0,0,8,12,43,77,114,129,121,117,127,235,983
setting,0,0,0,0,0,0,0,0,0,0,0,7,16,42,76,108,115,127,122,158,211,982
labor,0,0,0,0,0,0,0,0,0,0,0,0,0,17,30,83,93,128,172,165,289,977
analyze,0,0,0,0,0,0,0,0,0,0,0,0,11,44,68,98,135,110,107,174,229,976
recent,0,0,0,0,0,0,0,0,0,0,0,0,14,37,73,129,115,137,139,156,172,972
error,0,0,0,0,0,0,0,0,0,0,0,7,13,61,78,125,113,108,116,149,198,968
apply,0,0,0,0,0,0,0,0,0,0,5,9,11,51,79,108,112,125,116,153,195,964
states,0,0,0,0,0,0,0,0,0,0,0,0,0,41,58,139,146,132,99,137,209,961
allows,0,0,0,0,0,0,0,0,5,0,0,0,8,52,85,122,121,134,153,130,150,960
simulations,0,0,0,0,0,0,0,0,0,0,0,8,13,44,62,90,110,115,125,163,229,959
players,0,0,0,0,0,0,0,0,0,0,0,0,0,50,65,113,101,156,123,152,196,956
heterogeneous,0,0,0,0,0,0,0,0,0,0,0,0,13,61,56,84,131,108,109,147,238,947
main,0,0,0,0,0,0,0,0,0,0,0,0,7,47,64,106,146,147,139,132,156,944
allocation,0,0,0,0,0,0,0,0,0,0,0,0,0,27,54,118,91,140,131,184,197,942
suggest,0,0,0,0,0,0,0,0,0,0,0,0,0,42,52,125,120,101,114,147,237,938
approaches,0,0,0,0,0,0,0,0,0,0,0,5,12,40,51,86,121,123,108,142,249,937
less,0,0,0,0,0,0,0,0,0,0,0,0,8,34,40,110,130,143,136,153,181,935
rules,0,0,0,0,0,0,0,0,0,0,0,0,0,22,57,98,94,172,160,126,201,930
terms,0,0,0,0,0,0,0,0,0,0,0,0,13,30,71,102,135,156,135,131,156,929
derive,0,0,0,0,0,0,0,0,0,0,8,7,19,46,69,96,115,112,111,150,195,928
particular,0,0,0,0,0,0,0,0,0,0,0,0,16,39,85,120,149,114,131,137,135,926
rule,0,0,0,0,0,0,0,0,0,0,0,0,0,24,98,78,107,146,139,133,198,923
inequality,0,0,0,0,0,0,0,0,0,0,0,17,0,47,42,112,180,104,90,132,196,920
spatial,0,0,0,0,0,0,0,0,0,0,0,0,0,43,72,104,136,90,104,140,231,920
fixed,0,0,0,0,0,0,0,0,0,0,0,0,9,52,66,96,122,111,122,126,211,915
knowledge,0,0,0,0,0,0,0,0,0,0,0,0,5,41,46,76,136,141,109,149,211,914
investment,0,0,0,0,0,0,0,0,0,0,0,0,0,28,60,64,123,115,135,162,224,911
form,0,0,0,0,0,0,0,0,0,0,0,0,13,42,73,108,129,116,122,144,163,910
alternative,0,0,0,0,0,0,0,0,0,0,0,0,12,47,77,107,119,107,121,144,175,909
consistent,0,0,0,0,0,0,0,0,0,0,0,5,15,34,50,97,121,117,108,124,237,908
economics,0,0,0,0,0,0,0,0,0,0,0,0,8,41,59,118,105,114,109,148,205,907
significantly,0,0,0,0,0,0,0,0,0,0,0,0,0,23,35,75,99,108,97,195,273,905
compared,0,0,0,0,0,0,0,0,0,0,0,0,5,41,34,108,105,129,133,161,187,903
relationship,0,0,0,0,0,0,0,0,0,0,0,0,10,42,46,77,144,105,135,144,198,901
quality,0,0,0,0,0,0,0,0,0,0,0,0,0,32,54,65,123,117,137,135,232,895
groups,0,0,0,0,0,0,0,0,0,0,0,0,5,33,52,109,106,143,125,147,170,890
solution,0,0,0,0,0,0,0,0,0,0,0,0,6,50,67,98,109,126,107,158,167,888
finite,0,0,0,0,0,0,0,0,0,0,0,5,21,56,82,106,113,117,101,141,145,887
shocks,0,0,0,0,0,0,0,0,0,0,0,0,0,42,48,89,107,98,100,152,249,885
implications,0,0,0,0,0,0,0,0,0,0,0,0,0,27,55,78,112,88,152,167,205,884
measure,0,0,0,0,0,0,0,0,0,0,0,0,0,45,74,106,132,121,113,143,149,883
influence,0,0,0,0,0,0,0,0,0,0,0,0,0,32,24,76,107,102,106,187,248,882
climate,0,0,0,0,0,0,0,0,0,0,0,0,0,13,30,76,108,79,161,185,227,879
relative,0,0,0,0,0,0,0,0,0,0,0,0,7,43,61,97,118,116,102,136,197,877
capital,0,0,0,0,0,0,0,0,0,0,0,0,0,47,40,104,94,79,157,144,211,876
real,0,0,0,0,0,0,0,0,0,0,0,0,6,45,43,138,123,114,106,134,167,876
procedure,0,0,0,0,0,0,0,0,0,0,0,11,12,68,73,81,99,107,116,133,175,875
nonparametric,0,0,0,0,0,0,0,0,0,0,11,21,23,64,105,71,121,88,106,119,145,874
applied,0,0,0,0,0,0,0,0,0,0,0,9,12,51,71,106,110,106,125,124,159,873
modeling,0,0,0,0,0,0,0,0,0,0,0,0,8,36,59,87,93,86,132,114,255,870
period,0,0,0,0,0,0,0,0,0,0,0,0,0,60,62,99,145,120,107,131,139,863
consumption,0,0,0,0,0,0,0,0,0,0,0,0,0,48,56,75,104,123,119,160,177,862
better,0,0,0,0,0,0,0,0,0,0,0,0,9,37,66,95,138,111,121,136,147,860
support,0,0,0,0,0,0,0,0,0,0,0,0,0,38,55,104,107,97,135,134,186,856
preference,0,0,0,0,0,0,0,0,0,0,0,0,0,38,57,59,103,127,107,171,191,853
innovation,0,0,0,0,0,0,0,0,0,0,0,0,0,11,38,65,110,148,116,151,212,851
estimated,0,0,0,0,0,0,0,0,0,0,0,8,14,43,82,103,109,113,112,109,158,851
equilibria,0,0,0,0,0,0,0,0,0,0,0,0,9,45,65,112,103,105,92,106,213,850
strategic,0,0,0,0,0,0,0,0,0,0,0,0,0,28,44,61,87,88,94,167,281,850
assumption,0,0,0,0,0,0,0,0,0,0,0,0,12,35,56,113,97,110,112,129,178,842
possible,0,0,0,0,0,0,0,0,0,0,0,0,7,41,71,109,125,115,129,127,112,836
electricity,0,0,0,0,0,0,0,0,0,0,0,0,0,61,37,80,139,80,106,119,213,835
investigate,0,0,0,0,0,0,0,0,0,0,0,0,6,40,48,90,135,108,130,130,148,835
experiment,0,0,0,0,0,0,0,0,0,0,0,0,0,34,34,83,86,111,128,175,183,834
prediction,0,0,0,0,0,0,0,0,0,0,0,0,8,33,84,88,109,117,90,129,176,834
technology,0,0,0,0,0,0,0,0,0,0,0,0,0,27,59,55,127,103,124,145,192,832
response,0,0,0,0,0,0,0,0,0,0,0,0,0,40,41,116,116,96,122,135,165,831
estimating,0,0,0,0,0,0,0,0,0,0,6,14,13,40,56,76,104,87,119,159,156,830
stable,0,0,0,0,0,0,0,0,0,0,0,0,0,30,51,95,111,125,100,111,202,825
digital,0,0,0,0,0,0,0,0,0,0,0,0,0,9,32,49,77,101,148,157,252,825
levels,0,0,0,0,0,0,0,0,0,0,0,0,0,40,36,89,120,108,103,142,186,824
point,0,0,0,0,0,0,0,0,0,0,0,0,12,52,80,103,117,80,101,124,148,817
characterize,0,0,0,0,0,0,0,0,0,0,0,7,8,20,38,86,110,109,116,124,197,815
types,0,0,0,0,0,0,0,0,0,0,0,0,0,20,45,90,126,97,115,147,175,815
complex,0,0,0,0,0,0,0,0,0,0,0,0,5,21,53,74,113,87,100,138,223,814
online,0,0,0,0,0,0,0,0,0,0,0,0,0,21,44,79,161,116,124,139,129,813
increases,0,0,0,0,0,0,0,0,0,0,0,0,0,32,57,88,82,88,111,144,211,813
space,0,0,0,0,0,0,0,0,0,0,0,0,0,34,60,89,99,116,95,143,174,810
traditional,0,0,0,0,0,0,0,0,0,0,0,0,6,31,40,70,90,83,98,150,241,809
strong,0,0,0,0,0,0,0,0,0,0,0,0,7,28,54,84,108,123,102,112,191,809
thus,0,0,0,0,0,0,0,0,0,0,0,0,6,36,68,94,137,116,112,110,124,803
returns,0,0,0,0,0,0,0,0,0,0,0,0,0,50,53,73,79,95,110,129,214,803
pandemic,0,0,0,0,0,0,0,0,0,0,0,0,0,0,0,203,230,124,96,54,91,798
shows,0,0,0,0,0,0,0,0,0,0,0,0,0,43,65,90,100,98,123,114,164,797
address,0,0,0,0,0,0,0,0,0,0,0,0,0,17,41,45,73,84,140,167,226,793
low,0,0,0,0,0,0,0,0,0,0,0,0,8,18,59,99,121,91,99,123,175,793
make,0,0,0,0,0,0,0,0,0,0,0,9,8,32,53,102,114,121,106,111,137,793
establish,0,0,0,0,0,0,0,0,0,0,0,0,12,45,49,62,67,90,111,128,229,793
context,0,0,0,0,0,0,0,0,0,0,0,0,7,22,54,76,105,109,142,120,153,788
mean,0,0,0,0,0,0,0,0,0,0,0,0,14,43,80,104,100,118,103,94,132,788
insights,0,0,0,0,0,0,0,0,0,0,0,0,0,10,31,71,65,67,88,206,250,788
identified,0,0,0,0,0,0,0,0,0,0,0,11,19,40,63,89,114,111,76,113,151,787
cases,0,0,0,0,0,0,0,0,0,0,0,0,10,35,48,128,111,88,99,123,142,784
testing,0,0,0,0,0,0,0,0,0,0,0,0,15,50,59,104,100,74,93,143,144,782
associated,0,0,0,0,0,0,0,0,0,0,0,0,7,35,45,100,107,87,103,130,168,782
negative,0,0,0,0,0,0,0,0,0,0,0,0,0,42,31,116,113,108,112,111,148,781
nonlinear,0,0,0,0,0,0,0,0,0,0,0,0,7,31,55,78,84,96,128,108,194,781
optimization,0,0,0,0,0,0,0,0,0,0,0,0,10,36,57,80,81,94,98,116,207,779
natural,0,0,0,0,0,0,0,0,0,0,0,0,0,25,48,85,105,102,118,123,173,779
illustrate,0,0,0,0,0,0,0,0,0,0,0,8,18,45,59,92,100,94,99,122,140,777
increasing,0,0,0,0,0,0,0,0,0,6,0,0,0,40,52,73,106,104,104,134,156,775
current,0,0,0,0,0,0,0,0,0,0,0,0,0,28,54,90,96,90,105,124,186,773
condition,0,0,0,0,0,0,0,0,0,0,0,0,12,41,56,66,96,122,104,104,171,772
macroeconomic,0,0,0,0,0,0,0,0,0,0,0,0,8,41,48,102,89,88,86,130,179,771
survey,0,0,0,0,0,0,0,0,0,0,0,0,0,22,48,83,124,115,103,109,167,771
business,0,0,0,0,0,0,0,0,0,0,0,0,0,26,43,102,98,100,116,143,141,769
improve,0,0,0,0,0,0,0,0,0,0,0,0,8,29,46,87,89,103,107,135,164,768
processes,0,0,0,0,0,0,0,0,0,0,0,0,14,39,62,61,92,75,117,142,157,759
private,0,0,0,0,0,0,0,0,0,0,0,0,11,25,57,81,121,90,88,90,190,753
accuracy,0,0,0,0,0,0,0,0,0,0,0,0,0,20,38,93,75,62,115,155,195,753
years,0,0,0,0,0,0,0,0,0,0,0,0,11,33,50,68,126,97,120,117,130,752
constraints,0,0,0,0,0,0,0,0,0,0,0,0,8,30,42,74,87,97,91,97,223,749
moreover,0,0,0,0,0,0,0,0,0,0,0,0,7,32,60,86,106,112,103,123,120,749
limited,0,0,0,0,0,0,0,0,0,0,0,0,0,33,35,63,108,87,108,110,198,742
available,0,0,0,0,0,0,0,0,0,0,0,7,7,35,57,97,113,92,112,102,119,741
least,0,0,0,0,0,0,0,0,0,0,0,0,12,34,62,77,90,93,112,118,141,739
type,0,0,0,0,0,0,0,0,0,0,0,0,16,41,40,93,116,90,111,96,134,737
carbon,0,0,0,0,0,0,0,0,0,0,0,0,0,8,19,51,109,94,124,172,159,736
benefits,0,0,0,0,0,0,0,0,0,0,0,0,0,14,38,74,92,72,133,141,172,736
consumers,0,0,0,0,0,0,0,0,0,0,0,0,0,26,67,68,107,74,109,122,162,735
related,0,0,0,0,0,0,0,0,0,0,0,5,0,35,55,92,126,105,102,114,100,734
could,0,0,0,0,0,0,0,0,0,0,0,0,0,22,35,88,126,115,111,119,116,732
prior,0,0,0,0,0,0,0,0,0,0,0,0,0,20,49,78,90,81,72,143,193,726
product,0,0,0,0,0,0,0,0,0,0,0,0,0,25,44,71,100,91,100,128,165,724
patterns,0,0,0,0,0,0,0,0,0,0,0,0,6,23,53,74,94,63,93,120,197,723
confidence,0,0,0,0,0,0,0,0,10,0,0,30,28,54,49,48,72,67,73,116,172,719
known,0,0,0,0,0,0,0,0,0,0,0,0,11,32,58,75,87,107,102,102,144,718
covariates,0,0,0,0,0,0,0,0,0,0,0,22,9,45,51,68,102,80,88,122,131,718
quantile,0,0,0,0,0,0,0,0,0,0,0,34,18,52,97,80,99,55,110,63,110,718
variance,0,0,0,0,0,0,0,0,0,0,0,0,16,40,68,64,100,76,105,98,150,717
prove,0,0,0,0,0,0,0,0,5,0,0,0,0,28,60,92,99,106,86,99,141,716
challenges,0,0,0,0,0,0,0,0,0,0,0,0,5,9,32,59,74,65,94,162,216,716
examine,0,0,0,0,0,0,0,0,0,0,0,0,0,23,37,83,74,70,103,127,199,716
environmental,0,0,0,0,0,0,0,0,0,0,0,0,0,9,40,38,109,63,84,106,261,710
stock,0,0,0,0,0,0,0,0,0,0,0,0,0,31,61,91,119,58,107,119,123,709
impacts,0,0,0,0,0,0,0,0,0,0,0,0,0,13,44,72,92,72,102,113,201,709
specific,0,0,0,0,0,0,0,0,0,0,0,0,0,20,49,90,101,76,93,138,139,706
methodology,0,0,0,0,0,0,0,0,0,0,0,0,0,23,47,80,95,101,96,120,143,705
central,0,0,0,0,0,0,0,0,0,0,0,0,6,27,47,71,71,94,104,110,172,702
sector,0,0,0,0,0,0,0,0,0,0,0,0,0,17,56,88,104,60,109,109,159,702
features,0,0,0,0,0,0,0,0,0,0,0,0,16,25,66,68,89,106,82,93,154,699
highdimensional,0,0,0,0,0,0,0,0,6,0,0,25,20,45,60,74,67,66,85,104,145,697
presence,0,0,0,0,0,0,0,0,0,0,0,0,7,37,44,74,102,87,96,125,120,692
would,0,0,0,0,0,0,0,0,0,0,0,0,0,24,62,84,81,94,122,100,121,688
need,0,0,0,0,0,0,0,0,0,0,0,0,0,23,36,67,90,85,91,130,165,687
characteristics,0,0,0,0,0,0,0,0,0,0,0,0,9,37,47,77,108,93,73,120,123,687
discrete,0,0,0,0,0,0,0,0,0,0,0,0,0,51,74,89,89,81,78,95,129,686
understanding,0,0,0,0,0,0,0,0,0,0,0,0,0,18,30,64,77,58,109,145,178,679
making,0,0,0,0,0,0,0,0,0,0,0,0,0,31,36,58,86,79,111,139,137,677
total,0,0,0,0,0,0,0,0,0,0,0,0,0,22,47,96,90,81,88,117,136,677
complexity,0,0,0,0,0,0,0,0,0,0,0,0,13,31,36,53,69,97,89,118,168,674
management,0,0,0,0,0,0,0,0,0,0,0,0,0,29,43,68,102,89,103,114,126,674
best,0,0,0,0,0,0,0,0,0,0,0,0,13,29,48,86,102,104,107,85,99,673
dataset,0,0,0,0,0,0,0,0,0,0,0,0,7,21,39,62,91,73,93,120,166,672
monetary,0,0,0,0,0,0,0,0,0,0,0,0,0,44,45,57,83,70,101,111,157,668
voting,0,0,0,0,0,0,0,0,0,0,0,0,0,15,45,65,97,94,102,113,137,668
single,0,0,0,0,0,0,0,0,0,0,0,0,6,26,38,70,72,96,94,109,156,667
nash,0,0,0,0,0,0,0,0,0,0,0,0,0,58,46,74,76,102,83,87,140,666
existence,0,0,0,0,0,0,0,0,0,0,0,0,0,43,62,94,73,85,102,78,128,665
workers,0,0,0,0,0,0,0,0,0,0,0,0,0,20,24,64,80,76,122,108,170,664
stability,0,0,0,0,0,0,0,0,0,0,0,0,0,35,33,53,75,75,91,105,196,663
adoption,0,0,0,0,0,0,0,0,0,0,0,0,0,13,31,51,51,67,83,117,250,663
lead,0,0,0,0,0,0,0,0,0,0,0,0,7,28,38,87,86,90,89,112,125,662
predictive,0,0,0,0,0,0,0,0,0,0,0,0,6,39,51,59,59,62,91,126,168,661
inflation,0,0,0,0,0,0,0,0,0,0,0,0,0,19,11,81,46,80,128,154,141,660
focus,0,0,0,0,0,0,0,0,0,0,0,6,0,19,42,78,100,63,105,119,128,660
importance,0,0,0,0,0,0,0,0,0,0,0,0,0,24,30,70,74,72,101,118,171,660
furthermore,0,0,0,0,0,0,0,0,0,0,0,0,0,27,35,60,80,79,116,115,146,658
developed,0,0,0,0,0,0,0,0,0,0,0,0,0,27,51,77,103,70,101,100,127,656
bounds,0,0,0,0,0,0,0,0,0,0,0,0,14,20,46,68,88,70,82,110,158,656
world,0,0,0,0,0,0,0,0,0,0,0,0,0,37,39,102,129,78,87,87,97,656
particularly,0,0,0,0,0,0,0,0,0,0,0,0,0,13,27,50,67,56,95,135,211,654
effective,0,0,0,0,0,0,0,0,0,0,0,0,0,20,29,76,87,63,114,105,159,653
reduce,0,0,0,0,0,0,0,0,0,0,0,0,0,12,40,77,70,78,92,122,161,652
matrix,0,0,0,0,0,0,0,0,0,0,0,0,17,29,69,65,89,82,91,105,104,651
restrictions,0,0,0,0,0,0,0,0,0,0,0,0,17,36,35,95,112,68,64,108,112,647
marginal,0,0,0,0,0,0,0,0,0,0,0,0,0,40,30,69,83,86,84,112,143,647
share,0,0,0,0,0,0,0,0,0,0,0,0,0,25,36,61,73,97,94,107,154,647
sets,0,0,0,0,0,0,0,0,0,0,0,18,17,28,62,57,65,78,80,106,136,647
critical,0,0,0,0,0,0,0,0,0,0,0,0,0,18,26,65,70,64,70,109,224,646
techniques,0,0,0,0,0,0,0,0,0,0,0,0,6,25,43,83,80,73,74,117,144,645
consumer,0,0,0,0,0,0,0,0,0,0,0,0,0,28,47,57,62,72,69,132,178,645
users,0,0,0,0,0,0,0,0,0,0,0,0,0,19,21,56,109,93,107,116,123,644
competition,0,0,0,0,0,0,0,0,0,0,0,0,0,22,36,87,68,74,83,116,156,642
choices,0,0,0,0,0,0,0,0,0,0,0,0,0,37,48,55,74,89,94,112,132,641
discuss,0,0,0,0,0,0,0,0,0,0,0,0,0,23,55,79,108,71,102,87,116,641
productivity,0,0,0,0,0,0,0,0,0,0,0,0,0,0,23,59,47,60,109,108,229,635
emissions,0,0,0,0,0,0,0,0,0,0,0,0,0,24,11,69,71,54,89,159,157,634
practical,0,0,0,0,0,0,0,0,0,0,0,0,0,24,35,52,52,55,95,108,211,632
overall,0,0,0,0,0,0,0,0,0,0,0,0,0,18,36,67,85,79,85,110,149,629
additional,0,0,0,0,0,0,0,0,0,0,0,0,5,29,38,62,67,57,109,120,140,627
continuous,0,0,0,0,0,0,0,0,0,0,0,0,8,46,50,73,84,71,66,96,133,627
carlo,0,0,0,0,0,0,0,0,0,0,0,12,10,45,61,73,63,64,80,103,115,626
generalized,0,0,0,0,0,0,0,0,0,0,0,0,5,38,53,71,98,69,90,90,111,625
industry,0,0,0,0,0,0,0,0,0,0,0,0,0,14,42,80,85,61,96,133,112,623
education,0,0,0,0,0,0,0,0,0,0,0,0,0,19,23,62,104,72,86,104,152,622
monte,0,0,0,0,0,0,0,0,0,0,0,12,10,45,59,73,62,64,80,103,114,622
example,0,0,0,0,0,0,0,0,0,0,0,0,15,38,53,87,80,81,89,86,93,622
access,0,0,0,0,0,0,0,0,0,0,0,0,0,8,36,50,85,86,70,110,176,621
errors,0,0,0,0,0,0,0,0,0,0,0,0,18,48,50,64,86,69,87,83,114,619
good,0,0,0,0,0,0,0,0,0,0,0,6,0,29,70,75,79,105,81,91,83,619
construct,0,0,0,0,0,0,0,0,0,0,0,0,15,34,40,70,62,84,66,91,157,619
differences,0,0,0,0,0,0,0,0,0,0,0,0,6,22,24,57,93,97,64,104,151,618
either,0,0,0,0,0,0,0,0,0,0,0,0,7,30,48,59,100,67,93,105,109,618
evaluation,0,0,0,0,0,0,0,0,0,0,0,0,5,29,43,97,60,63,74,102,144,617
convergence,0,0,0,0,0,0,0,0,0,0,0,9,0,39,34,50,110,56,71,110,138,617
likelihood,0,0,0,0,0,0,0,0,0,0,0,0,9,21,70,74,78,84,79,80,121,616
government,0,0,0,0,0,0,0,0,0,0,0,0,0,16,37,77,88,85,113,64,136,616
latent,0,0,0,0,0,0,0,0,0,0,0,0,7,37,61,79,70,61,81,77,139,612
likely,0,0,0,0,0,0,0,0,0,0,0,0,0,16,40,92,81,75,81,112,115,612
tax,0,0,0,0,0,0,0,0,0,0,0,0,0,26,56,41,119,82,66,101,116,607
long,0,0,0,0,0,0,0,0,0,0,0,0,14,36,47,64,75,92,80,71,128,607
goods,0,0,0,0,0,0,0,0,0,0,0,0,0,32,44,53,89,63,91,99,136,607
products,0,0,0,0,0,0,0,0,0,0,0,0,9,24,45,65,85,57,97,86,138,606
unique,0,0,0,0,0,0,0,0,0,0,0,0,0,22,39,73,79,69,85,111,125,603
revenue,0,0,0,0,0,0,0,0,0,0,0,0,0,13,36,57,103,81,69,130,112,601
incentives,0,0,0,0,0,0,0,0,0,0,0,0,0,21,23,53,75,74,90,103,161,600
sufficient,0,0,0,0,0,0,0,0,0,0,0,0,0,34,35,62,78,102,74,80,134,599
yet,0,0,0,0,0,0,0,0,0,0,0,0,0,15,31,59,71,66,74,84,198,598
dependence,0,0,0,0,0,0,0,0,0,0,0,0,0,26,39,67,76,63,92,84,150,597
found,0,0,0,0,0,0,0,0,0,0,0,0,0,28,42,67,111,92,90,90,76,596
way,0,0,0,0,0,0,0,0,0,0,0,0,6,30,47,72,87,75,83,102,93,595
explore,0,0,0,0,0,0,0,0,0,0,0,0,6,13,27,61,80,69,89,115,134,594
increased,0,0,0,0,0,0,0,0,0,0,0,0,0,18,25,61,89,75,72,101,153,594
students,0,0,0,0,0,0,0,0,0,0,0,0,0,19,6,50,86,109,106,91,126,593
independent,0,0,0,0,0,0,0,0,0,0,0,9,9,22,40,76,76,95,76,76,113,592
gap,0,0,0,0,0,0,0,0,0,0,0,0,0,17,29,42,66,78,70,137,152,591
synthetic,0,0,0,0,0,0,0,0,0,0,0,0,13,17,43,47,60,81,104,82,143,590
firm,0,0,0,0,0,0,0,0,0,0,0,0,0,14,28,43,90,71,101,89,153,589
actions,0,0,0,0,0,0,0,0,0,0,0,0,0,15,26,69,87,74,88,110,120,589
researchers,0,0,0,0,0,0,0,0,0,0,0,5,7,28,35,52,48,52,96,122,143,588
direct,0,0,0,0,0,0,0,0,0,0,0,0,0,20,41,62,70,57,93,85,159,587
food,0,0,0,0,0,0,0,0,0,0,0,0,0,0,53,85,35,64,53,127,168,585
addition,0,0,0,0,0,0,0,0,0,0,0,0,0,34,44,67,96,80,97,75,91,584
per,0,0,0,0,0,0,0,0,0,0,0,0,0,15,27,62,84,54,73,131,138,584
correlation,0,0,0,0,0,0,0,0,0,0,0,0,0,21,44,81,65,52,96,117,107,583
vector,0,0,0,0,0,0,0,0,0,0,0,9,0,30,42,73,77,65,72,104,111,583
like,0,0,0,0,0,0,0,0,0,0,0,0,5,16,27,46,72,73,74,123,144,580
leads,0,0,0,0,0,0,0,0,0,0,0,0,0,31,32,66,91,57,93,99,109,578
weak,0,0,0,0,0,0,0,0,0,0,0,0,0,24,43,68,51,88,95,94,114,577
account,0,0,0,0,0,0,0,0,0,0,0,0,11,28,50,69,84,73,77,75,109,576
scenarios,0,0,0,0,0,0,0,0,0,0,0,0,0,18,29,68,58,41,81,109,172,576
binary,0,0,0,0,0,0,0,0,0,0,0,0,10,38,57,79,61,70,82,71,107,575
rather,0,0,0,0,0,0,0,0,0,0,0,0,0,16,38,49,61,46,78,88,199,575
auctions,0,0,0,0,0,0,0,0,0,0,0,0,0,13,46,56,77,85,67,99,132,575
underlying,0,0,0,0,0,0,0,0,0,0,0,0,6,36,35,78,77,66,70,76,130,574
predictions,0,0,0,0,0,0,0,0,0,0,0,0,0,14,36,50,80,61,103,101,128,573
evaluate,0,0,0,0,0,0,0,0,0,0,0,0,0,17,20,55,67,78,92,108,136,573
international,0,0,0,0,0,0,0,0,0,0,0,0,0,17,41,56,87,63,79,108,121,572
exchange,0,0,0,0,0,0,0,0,0,0,0,0,0,32,45,58,78,73,70,76,139,571
similar,0,0,0,0,0,0,0,0,0,0,0,0,9,20,47,72,79,75,77,85,107,571
instrumental,0,0,0,0,0,0,0,0,0,0,0,0,17,32,39,66,69,78,79,84,106,570
classical,0,0,0,0,0,0,0,0,0,0,0,0,6,25,29,60,64,59,97,90,138,568
beliefs,0,0,0,0,0,0,0,0,0,0,0,0,0,23,21,65,92,68,99,73,126,567
regions,0,0,0,0,0,0,0,0,0,0,0,0,0,28,26,85,85,56,75,82,130,567
tools,0,0,0,0,0,0,0,0,0,0,0,0,10,12,27,43,65,53,92,106,159,567
resulting,0,0,0,0,0,0,0,0,0,0,0,6,7,23,48,57,68,65,78,97,117,566
auction,0,0,0,0,0,0,0,0,0,0,0,0,0,11,40,66,83,88,75,106,96,565
gdp,0,0,0,0,0,0,0,0,0,0,0,0,0,13,22,60,89,62,88,112,119,565
language,0,0,0,0,0,0,0,0,0,0,0,0,0,0,16,17,30,27,95,147,232,564
computational,0,0,0,0,0,0,0,0,0,0,0,7,0,34,43,54,64,55,59,104,142,562
decisionmaking,0,0,0,0,0,0,0,0,0,0,0,0,0,19,25,27,68,50,86,131,156,562
attention,0,0,0,0,0,0,0,0,0,0,0,0,0,24,26,48,95,73,73,81,141,561
forecast,0,0,0,0,0,0,0,0,0,0,0,0,0,35,34,78,51,94,70,98,101,561
alternatives,0,0,0,0,0,0,0,0,0,0,0,0,0,18,40,58,73,83,86,90,111,559
assess,0,0,0,0,0,0,0,0,0,0,0,0,5,14,27,66,60,78,86,92,131,559
since,0,0,0,0,0,0,0,0,0,0,0,0,8,29,44,70,93,80,73,76,86,559
interactions,0,0,0,0,0,0,0,0,0,0,0,0,5,21,44,56,80,54,74,109,115,558
valid,0,0,0,0,0,0,0,0,6,0,0,9,12,39,38,53,60,57,70,93,121,558
asymptotically,0,0,0,0,0,0,0,0,0,0,0,0,11,31,53,59,66,82,86,75,95,558
range,0,0,0,0,0,0,0,0,0,0,0,0,5,14,43,57,61,76,69,86,147,558
achieve,0,0,0,0,0,0,0,0,0,0,0,0,8,23,42,49,77,49,98,102,109,557
practice,0,0,0,0,0,0,0,0,0,0,0,0,7,30,32,60,79,68,83,87,111,557
areas,0,0,0,0,0,0,0,0,0,0,0,0,0,0,20,72,93,90,63,114,105,557
wealth,0,0,0,0,0,0,0,0,0,0,0,0,0,46,53,51,113,82,57,66,89,557
loss,0,0,0,0,0,0,0,0,0,0,0,0,0,30,43,74,73,65,74,80,118,557
principal,0,0,0,0,0,0,0,0,0,0,0,0,0,11,39,61,63,99,83,115,84,555
political,0,0,0,0,0,0,0,0,0,0,0,0,0,25,27,50,78,91,71,79,133,554
environment,0,0,0,0,0,0,0,0,0,0,0,0,0,21,44,50,86,70,73,94,116,554
specifically,0,0,0,0,0,0,0,0,0,0,0,0,0,18,23,58,58,70,72,118,134,551
indicate,0,0,0,0,0,0,0,0,0,0,0,0,0,12,27,46,80,64,71,105,144,549
certain,0,0,0,0,0,0,0,0,0,0,0,0,7,28,41,74,85,72,77,95,69,548
employment,0,0,0,0,0,0,0,0,0,0,0,0,0,11,26,68,47,70,86,93,147,548
national,0,0,0,0,0,0,0,0,0,0,0,0,0,27,23,81,91,63,71,67,125,548
article,0,0,0,0,0,0,0,0,0,0,0,0,5,35,38,62,79,70,75,86,97,547
endogenous,0,0,0,0,0,0,0,0,0,0,0,5,11,36,42,59,69,60,81,78,105,546
compare,0,0,0,0,0,0,0,0,0,0,0,0,9,26,33,69,73,77,66,69,123,545
implementation,0,0,0,0,0,0,0,0,0,0,0,0,0,15,38,65,91,48,79,74,135,545
trading,0,0,0,0,0,0,0,0,0,0,0,0,0,35,56,44,67,74,56,88,125,545
artificial,0,0,0,0,0,0,0,0,0,0,0,0,0,8,16,31,36,57,79,119,196,542
insurance,0,0,0,0,0,0,0,0,0,0,0,0,0,15,46,74,70,92,85,59,101,542
hypothesis,0,0,0,0,0,0,0,0,0,0,0,0,0,40,37,76,70,67,63,102,86,541
review,0,0,0,0,0,0,0,0,0,0,0,0,0,12,24,58,84,54,91,107,111,541
proposes,0,0,0,0,0,0,0,0,0,0,0,0,5,29,39,47,77,68,77,91,107,540
forecasts,0,0,0,0,0,0,0,0,0,0,0,0,8,35,23,87,43,68,67,123,86,540
partial,0,0,0,0,0,0,0,0,0,0,0,0,0,27,39,52,81,66,82,81,111,539
gender,0,0,0,0,0,0,0,0,0,0,0,0,0,14,17,54,69,65,76,115,129,539
maximum,0,0,0,0,0,0,0,0,0,0,0,0,6,14,55,71,65,68,80,80,99,538
competitive,0,0,0,0,0,0,0,0,0,0,0,0,0,25,40,45,66,55,69,113,124,537
units,0,0,0,0,0,0,0,0,0,0,0,0,14,22,36,49,70,76,93,68,107,535
unobserved,0,0,0,0,0,0,0,0,0,0,0,0,14,30,53,61,69,72,65,70,100,534
designs,0,0,0,0,0,0,0,0,0,0,0,0,0,29,25,38,81,62,68,83,148,534
aggregate,0,0,0,0,0,0,0,0,0,0,0,0,6,24,23,52,78,42,72,86,150,533
reduction,0,0,0,0,0,0,0,0,0,0,0,0,8,12,34,75,70,47,80,94,113,533
shown,0,0,0,0,0,0,0,0,0,0,0,5,5,37,44,72,93,68,85,61,63,533
despite,0,0,0,0,0,0,0,0,0,0,0,0,0,21,28,60,61,68,70,95,129,532
previous,0,0,0,0,0,0,0,0,0,0,0,0,8,25,42,61,81,81,60,86,88,532
capacity,0,0,0,0,0,0,0,0,0,0,0,0,0,6,32,59,89,61,63,93,127,530
variation,0,0,0,0,0,0,0,0,0,0,0,0,0,18,33,59,83,60,68,80,128,529
numerical,0,0,0,0,0,0,0,0,0,0,0,0,0,22,39,61,63,65,83,75,121,529
concept,0,0,0,0,0,0,0,0,0,0,0,0,0,22,57,49,76,60,63,84,117,528
reveal,0,0,0,0,0,0,0,0,0,0,0,0,0,9,25,31,47,44,54,96,222,528
contrast,0,0,0,0,0,0,0,0,0,0,0,0,0,23,29,55,64,86,67,76,128,528
much,0,0,0,0,0,0,0,0,0,0,0,0,7,26,50,83,79,52,80,65,86,528
job,0,0,0,0,0,0,0,0,0,0,0,0,0,5,27,61,42,64,76,120,133,528
therefore,0,0,0,0,0,0,0,0,0,0,0,0,0,35,36,58,81,72,87,77,82,528
allow,0,0,0,0,0,0,0,0,0,0,0,8,9,34,53,85,75,49,58,74,81,526
affect,0,0,0,0,0,0,0,0,0,0,0,0,0,15,9,51,112,81,79,78,100,525
search,0,0,0,0,0,0,0,0,0,0,0,0,0,11,25,63,85,46,71,73,151,525
experimental,0,0,0,0,0,0,0,0,0,0,0,0,0,10,32,57,52,69,75,121,108,524
relevant,0,0,0,0,0,0,0,0,0,0,0,0,0,15,45,69,78,76,63,100,77,523
obtain,0,0,0,0,0,0,0,0,0,0,0,0,7,27,35,62,73,73,69,79,95,520
perspective,0,0,0,0,0,0,0,0,0,0,0,0,6,26,32,54,65,57,73,81,126,520
theorem,0,0,0,0,0,0,0,0,0,0,0,0,0,22,44,49,52,88,91,70,104,520
neural,0,0,0,0,0,0,0,0,0,0,0,0,6,16,31,69,63,51,74,90,119,519
action,0,0,0,0,0,0,0,0,0,0,0,0,0,19,12,74,74,93,81,78,87,518
longterm,0,0,0,0,0,0,0,0,0,0,0,0,0,8,26,39,74,55,71,91,152,516
points,0,0,0,0,0,0,0,0,0,0,0,0,0,18,30,44,76,51,54,94,147,514
full,0,0,0,0,0,0,0,0,0,0,0,0,0,22,34,49,73,66,82,61,126,513
economies,0,0,0,0,0,0,0,0,0,0,0,0,0,12,29,43,79,55,70,90,135,513
intelligence,0,0,0,0,0,0,0,0,0,0,0,0,0,0,13,21,42,52,80,109,195,512
true,0,0,0,0,0,0,0,0,0,0,0,0,6,22,39,50,66,77,61,79,112,512
bootstrap,0,0,0,0,0,0,0,0,0,0,0,11,11,67,52,44,72,61,47,73,72,510
european,0,0,0,0,0,0,0,0,0,0,0,0,0,20,23,70,68,67,60,95,107,510
ability,0,0,0,0,0,0,0,0,0,0,0,0,0,19,21,63,59,70,62,103,113,510
indicators,0,0,0,0,0,0,0,0,0,0,0,0,0,12,35,67,67,43,72,82,131,509
core,0,0,0,0,0,0,0,0,0,0,0,0,0,16,23,47,72,89,59,65,138,509
bound,0,0,0,0,0,0,0,0,0,0,0,0,0,19,41,60,50,84,71,87,96,508
people,0,0,0,0,0,0,0,0,0,0,0,0,0,20,32,76,105,71,67,71,66,508
output,0,0,0,0,0,0,0,0,0,0,0,0,0,13,27,57,71,44,54,79,162,507
technologies,0,0,0,0,0,0,0,0,0,0,0,0,0,9,33,50,78,48,70,99,120,507
assignment,0,0,0,0,0,0,0,0,0,0,0,0,13,14,23,44,73,77,78,83,100,505
must,0,0,0,0,0,0,0,0,0,0,0,0,0,13,34,51,75,63,71,83,115,505
effectiveness,0,0,0,0,0,0,0,0,0,0,0,0,0,18,27,57,65,55,64,96,123,505
identifying,0,0,0,0,0,0,0,0,0,0,0,7,0,27,24,43,65,55,70,103,110,504
sustainable,0,0,0,0,0,0,0,0,0,0,0,0,0,0,25,42,54,39,71,120,153,504
examines,0,0,0,0,0,0,0,0,0,0,0,0,0,12,15,30,50,44,62,111,180,504
larger,0,0,0,0,0,0,0,0,0,0,0,0,0,14,36,56,63,55,79,98,102,503
econometric,0,0,0,0,0,0,0,0,0,0,0,0,9,38,42,38,65,57,50,96,106,501
services,0,0,0,0,0,0,0,0,0,0,0,0,0,8,39,60,80,62,86,71,93,499
mobility,0,0,0,0,0,0,0,0,0,0,0,0,0,0,30,109,112,52,51,53,92,499
trends,0,0,0,0,0,0,0,0,0,0,0,0,0,26,37,67,52,53,54,100,109,498
asset,0,0,0,0,0,0,0,0,0,0,0,0,0,24,33,50,73,51,67,77,120,495
resources,0,0,0,0,0,0,0,0,0,0,0,0,0,7,25,47,81,56,84,91,103,494
statistics,0,0,0,0,0,0,0,0,0,0,0,0,9,23,42,49,80,52,60,71,107,493
providing,0,0,0,0,0,0,0,0,0,0,0,0,0,8,22,47,54,41,65,109,147,493
cannot,0,0,0,0,0,0,0,0,0,0,0,0,0,23,31,62,55,78,68,73,102,492
uses,0,0,0,0,0,0,0,0,0,0,0,0,6,15,33,51,73,56,75,84,99,492
become,0,0,0,0,0,0,0,0,0,0,0,0,0,23,29,33,77,59,70,89,111,491
solutions,0,0,0,0,0,0,0,0,0,0,0,0,0,17,37,55,50,58,82,71,121,491
participants,0,0,0,0,0,0,0,0,0,0,0,0,0,11,42,36,62,86,63,77,114,491
structures,0,0,0,0,0,0,0,0,0,0,0,0,0,12,40,45,56,49,84,69,136,491
components,0,0,0,0,0,0,0,0,0,0,0,0,8,17,36,62,61,49,41,100,116,490
property,0,0,0,0,0,0,0,0,0,0,0,0,0,20,29,51,77,49,70,108,85,489
towards,0,0,0,0,0,0,0,0,0,0,0,0,0,24,34,56,74,58,97,82,64,489
behavioral,0,0,0,0,0,0,0,0,0,0,0,0,0,25,28,48,74,74,61,63,116,489
examples,0,0,0,0,0,0,0,0,0,0,0,8,11,25,50,52,62,59,65,66,89,487
especially,0,0,0,0,0,0,0,0,0,0,0,0,0,15,32,52,56,50,73,95,113,486
companies,0,0,0,0,0,0,0,0,0,0,0,0,0,17,27,57,65,59,76,119,66,486
transition,0,0,0,0,0,0,0,0,0,0,0,0,0,14,16,42,58,73,56,111,116,486
others,0,0,0,0,0,0,0,0,0,0,0,0,5,22,45,57,70,60,65,76,85,485
characterization,0,0,0,0,0,0,0,0,0,0,0,0,5,7,27,42,72,73,64,74,121,485
platform,0,0,0,0,0,0,0,0,0,0,0,0,0,0,27,43,74,64,74,91,111,484
functional,0,0,0,0,0,0,0,0,0,0,0,0,14,19,19,53,64,56,47,77,135,484
deep,0,0,0,0,0,0,0,0,0,0,0,0,0,29,17,55,75,57,64,86,101,484
regional,0,0,0,0,0,0,0,0,0,0,0,0,0,32,27,75,56,46,50,74,123,483
risks,0,0,0,0,0,0,0,0,0,0,0,0,0,6,21,55,59,37,71,86,148,483
ratio,0,0,0,0,0,0,0,0,0,0,0,0,0,11,19,53,60,87,57,81,115,483
necessary,0,0,0,0,0,0,0,0,0,0,0,0,5,20,32,50,66,76,68,78,88,483
reveals,0,0,0,0,0,0,0,0,0,0,0,0,0,11,16,30,35,41,65,106,178,482
observations,0,0,0,0,0,0,0,0,0,0,0,0,6,25,43,43,77,76,59,67,86,482
major,0,0,0,0,0,0,0,0,0,0,0,0,11,18,30,50,72,70,64,71,93,479
llms,0,0,0,0,0,0,0,0,0,0,0,0,0,0,0,0,0,0,38,163,278,479
weighted,0,0,0,0,0,0,0,0,0,0,0,0,0,29,36,59,66,56,68,74,90,478
depends,0,0,0,0,0,0,0,0,0,0,0,0,5,12,33,46,67,59,58,74,124,478
households,0,0,0,0,0,0,0,0,0,0,0,0,0,23,36,49,41,63,80,94,90,476
wage,0,0,0,0,0,0,0,0,0,0,0,0,0,28,16,58,29,64,72,91,116,474
leading,0,0,0,0,0,0,0,0,0,0,0,0,5,24,20,49,56,42,60,88,130,474
four,0,0,0,0,0,0,0,0,0,0,0,0,0,20,25,69,63,53,59,63,122,474
technological,0,0,0,0,0,0,0,0,0,0,0,0,0,20,28,59,69,46,44,59,149,474
requires,0,0,0,0,0,0,0,0,0,0,0,0,0,20,25,45,55,72,63,76,116,472
fairness,0,0,0,0,0,0,0,0,0,0,0,0,0,18,23,41,39,90,62,101,96,470
chain,0,0,0,0,0,0,0,0,0,0,0,0,0,14,39,59,44,55,58,78,123,470
urban,0,0,0,0,0,0,0,0,0,0,0,0,0,11,26,46,67,68,58,83,111,470
substantial,0,0,0,0,0,0,0,0,0,0,0,0,0,15,16,43,47,56,66,91,136,470
robustness,0,0,0,0,0,0,0,0,0,0,0,0,14,8,23,47,69,50,45,67,146,469
suggests,0,0,0,0,0,0,0,0,0,0,0,0,0,12,33,63,54,57,77,92,80,468
china,0,0,0,0,0,0,0,0,0,0,0,0,0,25,14,60,70,57,59,84,98,467
program,0,0,0,0,0,0,0,0,0,0,0,0,9,28,25,83,60,74,30,57,99,465
coefficients,0,0,0,0,0,0,0,0,0,0,0,9,14,23,42,62,44,50,81,57,82,464
field,0,0,0,0,0,0,0,0,0,0,0,0,9,20,28,54,59,59,69,65,101,464
resource,0,0,0,0,0,0,0,0,0,0,0,0,0,20,15,53,56,61,43,112,103,463
include,0,0,0,0,0,0,0,0,0,0,0,9,7,25,30,30,66,54,62,75,105,463
considered,0,0,0,0,0,0,0,0,0,0,0,0,5,28,36,60,71,54,70,76,61,461
capture,0,0,0,0,0,0,0,0,0,0,0,0,0,19,20,44,57,42,62,86,130,460
highlight,0,0,0,0,0,0,0,0,0,0,0,0,0,14,10,37,45,34,46,100,174,460
tool,0,0,0,0,0,0,0,0,0,0,0,0,0,16,26,39,55,42,62,81,139,460
objective,0,0,0,0,0,0,0,0,0,0,0,0,7,28,29,56,51,63,61,74,90,459
obtained,0,0,0,0,0,0,0,0,0,0,5,0,6,37,30,65,77,60,59,61,59,459
determine,0,0,0,0,0,0,0,0,0,0,0,0,0,24,38,52,74,62,73,61,75,459
limit,0,0,0,0,0,0,0,0,0,0,0,0,0,42,45,55,58,45,57,59,97,458
gains,0,0,0,0,0,0,0,0,0,0,0,0,0,15,12,38,52,58,71,51,161,458
periods,0,0,0,0,0,0,0,0,0,0,0,0,0,27,33,43,52,60,57,60,124,456
offers,0,0,0,0,0,0,0,0,0,0,0,0,0,13,19,24,32,36,57,92,182,455
platforms,0,0,0,0,0,0,0,0,0,0,0,0,0,0,25,55,52,47,63,92,121,455
extend,0,0,0,0,0,0,0,0,0,0,0,0,6,14,28,45,48,40,65,79,130,455
counterfactual,0,0,0,0,0,0,0,0,0,0,0,0,11,11,39,52,37,54,75,63,113,455
consistency,0,0,0,0,0,0,0,0,0,0,0,0,7,32,37,29,49,59,49,78,114,454
approximation,0,0,0,0,0,0,0,0,0,0,0,0,0,30,32,54,47,59,62,84,86,454
datasets,0,0,0,0,0,0,0,0,0,0,0,0,0,16,32,38,53,59,54,101,100,453
fundamental,0,0,0,0,0,0,0,0,0,0,0,0,5,25,34,38,58,55,66,73,99,453
rational,0,0,0,0,0,0,0,0,0,0,0,0,0,28,35,39,64,50,55,67,114,452
highly,0,0,0,0,0,0,0,0,0,0,0,0,0,13,18,72,60,44,58,63,123,451
density,0,0,0,0,0,0,0,0,0,0,0,0,17,36,46,67,71,36,50,44,80,447
analyses,0,0,0,0,0,0,0,0,0,0,0,0,0,10,10,47,73,49,68,71,119,447
unknown,0,0,0,0,0,0,0,0,0,0,0,0,9,26,44,49,69,58,60,53,78,446
representation,0,0,0,0,0,0,0,0,0,0,0,0,0,15,30,62,65,49,41,60,124,446
content,0,0,0,0,0,0,0,0,0,0,0,0,0,12,14,29,49,52,66,78,146,446
school,0,0,0,0,0,0,0,0,0,0,0,0,0,11,11,61,53,83,64,44,117,444
scale,0,0,0,0,0,0,0,0,0,0,0,0,0,12,37,45,52,57,55,62,124,444
portfolio,0,0,0,0,0,0,0,0,0,0,0,0,0,19,34,36,55,44,52,67,136,443
sequential,0,0,0,0,0,0,0,0,0,0,0,0,6,8,27,37,38,56,86,68,117,443
science,0,0,0,0,0,0,0,0,0,0,0,0,0,12,41,48,51,44,68,87,91,442
following,0,0,0,0,0,0,0,0,0,0,0,0,0,14,32,49,91,43,71,72,70,442
question,0,0,0,0,0,0,0,0,0,0,0,0,0,21,31,53,66,58,71,55,86,441
building,0,0,0,0,0,0,0,0,0,0,0,0,0,10,26,32,45,37,65,96,128,439
help,0,0,0,0,0,0,0,0,0,0,0,0,0,13,23,48,72,74,79,60,70,439
instruments,0,0,0,0,0,0,0,0,0,0,0,0,0,26,28,46,50,85,66,64,73,438
interventions,0,0,0,0,0,0,0,0,0,0,0,0,0,7,14,60,69,58,64,56,110,438
comprehensive,0,0,0,0,0,0,0,0,0,0,0,0,0,10,16,41,26,36,60,109,139,437
timevarying,0,0,0,0,0,0,0,0,0,0,0,0,0,13,62,63,49,47,67,56,80,437
credit,0,0,0,0,0,0,0,0,0,0,0,0,0,0,35,52,62,54,50,79,104,436
moment,0,0,0,0,0,0,0,0,0,0,0,9,8,41,38,65,59,37,57,39,83,436
conventional,0,0,0,0,0,0,0,0,0,0,0,0,0,27,28,39,55,48,55,66,118,436
household,0,0,0,0,0,0,0,0,0,0,0,0,0,12,23,75,67,50,51,49,108,435
still,0,0,0,0,0,0,0,0,0,0,0,0,0,14,28,44,77,56,55,68,93,435
although,0,0,0,0,0,0,0,0,0,0,0,0,0,14,33,41,65,63,55,56,107,434
threshold,0,0,0,0,0,0,0,0,0,0,0,0,0,29,32,51,36,51,64,55,116,434
score,0,0,0,0,0,0,0,0,0,0,0,10,0,20,30,53,54,58,57,74,77,433
country,0,0,0,0,0,0,0,0,0,0,0,0,0,22,27,62,89,52,59,50,72,433
transport,0,0,0,0,0,0,0,0,0,0,0,0,0,0,34,48,99,44,74,67,67,433
issues,0,0,0,0,0,0,0,0,0,0,0,0,7,28,32,41,61,60,57,85,62,433
payoff,0,0,0,0,0,0,0,0,0,0,0,0,0,25,30,47,40,71,71,64,85,433
sensitivity,0,0,0,0,0,0,0,0,0,0,0,0,0,23,30,45,63,31,47,53,141,433
autoregressive,0,0,0,0,0,0,0,0,0,0,0,0,15,24,37,56,50,50,65,67,68,432
widely,0,0,0,0,0,0,0,0,0,0,0,0,5,22,28,41,54,57,66,61,98,432
intervals,0,0,0,0,0,0,0,0,0,0,0,14,14,33,34,33,40,48,45,57,114,432
around,0,0,0,0,0,0,0,0,0,0,0,0,0,21,23,44,66,65,66,64,82,431
security,0,0,0,0,0,0,0,0,0,0,0,0,0,7,8,32,73,33,51,100,127,431
times,0,0,0,0,0,0,0,0,0,0,0,0,0,24,32,42,64,42,69,72,86,431
semiparametric,0,0,0,0,0,0,0,0,0,0,0,0,11,38,39,41,66,42,66,49,78,430
allowing,0,0,0,0,0,0,0,0,0,0,0,0,0,17,21,39,58,39,65,71,118,428
bank,0,0,0,0,0,0,0,0,0,0,0,0,0,20,11,49,54,48,57,84,105,428
fully,0,0,0,0,0,0,0,0,0,0,0,0,0,24,20,32,58,43,61,79,111,428
investigates,0,0,0,0,0,0,0,0,0,0,0,0,0,0,20,28,43,36,66,96,139,428
nature,0,0,0,0,0,0,0,0,0,0,0,0,0,17,40,43,62,50,58,76,81,427
finance,0,0,0,0,0,0,0,0,0,0,0,0,0,13,21,28,38,61,62,87,117,427
introduced,0,0,0,0,0,0,0,0,0,0,0,0,0,15,33,57,54,51,59,78,79,426
developing,0,0,0,0,0,0,0,0,0,0,0,0,0,11,25,48,68,47,59,80,87,425
presents,0,0,0,0,0,0,0,0,0,0,0,0,5,22,29,42,45,37,54,84,107,425
contracts,0,0,0,0,0,0,0,0,0,0,0,0,0,14,26,20,45,53,64,78,124,424
flexible,0,0,0,0,0,0,0,0,0,0,0,0,9,21,23,50,50,54,50,53,113,423
remains,0,0,0,0,0,0,0,0,0,0,0,0,0,12,13,29,37,40,52,74,166,423
issue,0,0,0,0,0,0,0,0,0,0,0,0,0,14,33,43,53,67,50,79,83,422
degree,0,0,0,0,0,0,0,0,0,0,0,0,0,21,35,60,56,46,73,54,77,422
challenge,0,0,0,0,0,0,0,0,0,0,0,0,0,0,23,32,41,44,60,85,136,421
offer,0,0,0,0,0,0,0,0,0,0,0,0,0,16,18,41,47,58,51,85,105,421
procedures,0,0,0,0,0,0,0,0,0,0,0,0,8,30,28,40,61,49,63,64,78,421
evolution,0,0,0,0,0,0,0,0,0,0,0,0,0,27,35,55,65,45,59,58,75,419
travel,0,0,0,0,0,0,0,0,0,0,0,0,0,22,55,39,66,51,83,49,54,419
benefit,0,0,0,0,0,0,0,0,0,0,0,0,0,8,15,48,61,72,57,76,82,419
introduces,0,0,0,0,0,0,0,0,0,0,0,0,0,9,22,29,37,32,44,89,157,419
provided,0,0,0,0,0,0,0,0,0,0,0,0,6,23,35,50,58,50,56,78,62,418
greater,0,0,0,0,0,0,0,0,0,0,0,0,0,14,28,49,44,54,50,59,120,418
relationships,0,0,0,0,0,0,0,0,0,0,0,0,0,8,35,39,52,42,49,72,121,418
samples,0,0,0,0,0,0,0,0,0,0,0,0,0,23,39,70,45,59,51,54,76,417
according,0,0,0,0,0,0,0,0,0,0,0,0,0,25,17,60,68,58,51,80,57,416
responses,0,0,0,0,0,0,0,0,0,0,0,0,0,11,15,42,38,57,52,68,132,415
sectors,0,0,0,0,0,0,0,0,0,0,0,0,0,7,29,55,56,35,68,58,105,413
integration,0,0,0,0,0,0,0,0,0,0,0,0,0,19,31,31,39,35,51,89,118,413
always,0,0,0,0,0,0,0,0,0,0,0,0,0,15,27,40,64,69,58,62,77,412
beyond,0,0,0,0,0,0,0,0,0,0,0,0,0,11,18,38,45,35,41,77,146,411
united,0,0,0,0,0,0,0,0,0,0,0,0,0,17,26,73,63,46,49,53,84,411
activity,0,0,0,0,0,0,0,0,0,0,0,0,5,13,23,64,69,46,61,59,71,411
require,0,0,0,0,0,0,0,0,0,0,0,0,0,23,26,52,54,45,62,66,80,408
joint,0,0,0,0,0,0,0,0,0,0,0,0,0,9,29,43,46,59,63,67,92,408
component,0,0,0,0,0,0,0,0,0,0,0,0,7,10,28,51,57,54,52,76,72,407
multivariate,0,0,0,0,0,0,0,0,0,0,0,0,7,27,32,62,45,61,40,54,77,405
infrastructure,0,0,0,0,0,0,0,0,0,0,0,0,0,0,16,49,50,47,46,57,137,402
respect,0,0,0,0,0,0,0,0,0,0,0,0,9,21,30,56,58,66,57,54,51,402
defined,0,0,0,0,0,0,0,0,0,0,0,0,6,23,25,46,49,51,56,64,82,402
sources,0,0,0,0,0,0,0,0,0,0,0,0,0,8,16,47,69,52,53,60,96,401
realworld,0,0,0,0,0,0,0,0,0,0,0,0,0,7,19,48,41,51,61,76,98,401
explain,0,0,0,0,0,0,0,0,0,0,0,0,0,25,48,45,64,51,53,54,61,401
made,0,0,0,0,0,0,0,0,0,0,0,0,0,18,36,46,69,58,68,51,54,400
weights,0,0,0,0,0,0,0,0,0,0,0,0,0,17,17,50,54,59,55,65,83,400
parametric,0,0,0,0,0,0,0,0,0,0,0,6,0,18,39,46,58,53,48,38,93,399
contribution,0,0,0,0,0,0,0,0,0,0,0,0,5,29,34,30,66,61,44,47,83,399
accurate,0,0,0,0,0,0,0,0,0,0,0,0,6,15,23,50,46,48,65,70,75,398
adaptive,0,0,0,0,0,0,0,0,0,0,0,0,0,23,39,32,49,48,57,46,103,397
additionally,0,0,0,0,0,0,0,0,0,0,0,0,0,13,15,18,31,30,70,119,101,397
analyzing,0,0,0,0,0,0,0,0,0,0,0,0,0,12,25,37,38,36,49,86,114,397
short,0,0,0,0,0,0,0,0,0,0,0,0,0,20,19,36,56,57,46,60,103,397
green,0,0,0,0,0,0,0,0,0,0,0,0,0,0,0,0,46,49,65,99,137,396
integrated,0,0,0,0,0,0,0,0,0,0,0,0,0,15,26,49,53,38,60,41,114,396
correlated,0,0,0,0,0,0,0,0,0,0,0,0,7,18,25,43,65,41,42,64,90,395
yields,0,0,0,0,0,0,0,0,0,0,0,0,0,17,27,40,41,32,44,52,142,395
target,0,0,0,0,0,0,0,0,0,0,0,0,0,17,14,39,41,51,62,85,85,394
past,0,0,0,0,0,0,0,0,0,0,0,0,0,17,29,49,62,53,55,76,53,394
term,0,0,0,0,0,0,0,0,0,0,0,0,0,19,18,42,45,74,50,57,89,394
play,0,0,0,0,0,0,0,0,0,0,0,0,0,11,11,43,55,69,53,62,90,394
part,0,0,0,0,0,0,0,0,0,0,0,0,0,29,27,51,55,47,60,57,67,393
open,0,0,0,0,0,0,0,0,0,0,0,0,0,9,17,35,47,48,73,65,97,391
incentive,0,0,0,0,0,0,0,0,0,0,0,0,0,15,14,45,66,51,57,63,80,391
applying,0,0,0,0,0,0,0,0,0,0,0,0,0,15,28,39,48,49,48,66,97,390
finding,0,0,0,0,0,0,0,0,0,0,0,0,0,19,22,43,57,53,67,61,67,389
exhibit,0,0,0,0,0,0,0,0,0,0,0,0,0,15,21,28,45,34,60,69,116,388
empirically,0,0,0,0,0,0,0,0,0,0,0,0,0,16,19,34,48,58,51,66,96,388
potentially,0,0,0,0,0,0,0,0,0,0,0,0,0,14,16,57,43,39,60,66,91,386
unit,0,0,0,0,0,0,0,0,0,0,0,0,15,26,31,48,36,58,47,47,78,386
called,0,0,0,0,0,0,0,0,0,0,0,0,0,24,27,47,56,66,54,62,50,386
historical,0,0,0,0,0,0,0,0,0,0,0,0,0,12,21,53,59,35,56,58,92,386
difference,0,0,0,0,0,0,0,0,0,0,0,0,9,18,23,40,60,51,46,73,66,386
interaction,0,0,0,0,0,0,0,0,0,0,0,0,0,12,33,34,44,47,45,65,106,386
zero,0,0,0,0,0,0,0,0,0,0,0,0,6,17,22,39,64,49,57,54,77,385
assessment,0,0,0,0,0,0,0,0,0,0,0,0,0,7,18,30,71,42,55,59,103,385
whose,0,0,0,0,0,0,0,0,0,0,0,0,0,26,30,33,61,48,55,47,85,385
reduced,0,0,0,0,0,0,0,0,0,0,0,0,0,12,24,35,43,54,57,72,87,384
extreme,0,0,0,0,0,0,0,0,0,0,0,0,0,7,16,34,40,55,59,77,94,382
return,0,0,0,0,0,0,0,0,0,0,0,0,0,20,36,27,46,34,56,68,94,381
events,0,0,0,0,0,0,0,0,0,0,0,0,0,0,18,46,49,45,55,60,106,379
cooperation,0,0,0,0,0,0,0,0,0,0,0,0,0,20,28,37,61,49,66,46,72,379
means,0,0,0,0,0,0,0,0,0,0,0,0,6,27,42,57,55,43,36,59,54,379
aggregation,0,0,0,0,0,0,0,0,0,0,0,0,0,18,27,26,60,39,35,73,100,378
minimum,0,0,0,0,0,0,0,0,0,0,0,0,0,13,20,47,35,59,70,68,66,378
every,0,0,0,0,0,0,0,0,0,0,0,0,0,12,30,54,42,56,43,67,73,377
predict,0,0,0,0,0,0,0,0,0,0,0,0,0,13,33,50,58,50,47,53,73,377
cities,0,0,0,0,0,0,0,0,0,0,0,0,0,0,44,66,58,60,35,53,61,377
community,0,0,0,0,0,0,0,0,0,0,0,0,0,20,19,61,52,48,60,71,45,376
considering,0,0,0,0,0,0,0,0,0,0,0,0,0,18,24,42,55,34,67,70,66,376
formation,0,0,0,0,0,0,0,0,0,0,0,0,0,12,41,66,50,42,54,52,59,376
service,0,0,0,0,0,0,0,0,0,0,0,0,0,32,23,38,71,39,46,67,59,375
approximate,0,0,0,0,0,0,0,0,0,0,0,0,0,27,37,38,57,42,60,56,58,375
dimensions,0,0,0,0,0,0,0,0,0,0,0,0,0,13,18,35,64,45,45,64,91,375
instead,0,0,0,0,0,0,0,0,0,0,0,0,5,14,25,43,52,35,54,74,73,375
communication,0,0,0,0,0,0,0,0,0,0,0,0,0,15,11,51,45,44,56,45,107,374
signals,0,0,0,0,0,0,0,0,0,0,0,0,0,12,15,30,47,52,35,63,120,374
player,0,0,0,0,0,0,0,0,0,0,0,0,0,25,36,52,49,45,33,50,83,373
increasingly,0,0,0,0,0,0,0,0,0,0,0,0,0,8,18,26,46,38,53,67,117,373
regressions,0,0,0,0,0,0,0,0,0,0,0,9,0,20,33,41,49,37,56,61,67,373
crucial,0,0,0,0,0,0,0,0,0,0,0,0,0,14,11,29,48,40,53,87,91,373
equation,0,0,0,0,0,0,0,0,0,0,0,0,11,19,38,38,47,52,44,41,83,373
reduces,0,0,0,0,0,0,0,0,0,0,0,0,0,11,13,33,27,49,51,86,102,372
family,0,0,0,0,0,0,0,0,0,0,0,0,0,11,14,50,59,52,73,45,68,372
implement,0,0,0,0,0,0,0,0,0,0,0,5,0,21,22,40,45,57,49,73,60,372
reducing,0,0,0,0,0,0,0,0,0,0,0,0,0,10,22,30,39,41,46,88,95,371
training,0,0,0,0,0,0,0,0,0,0,0,0,0,7,22,36,28,48,55,86,89,371
validity,0,0,0,0,0,0,0,0,0,0,0,8,0,19,40,29,37,48,55,53,81,370
modelling,0,0,0,0,0,0,0,0,0,0,0,0,0,14,33,52,57,39,52,44,79,370
take,0,0,0,0,0,0,0,0,0,0,0,0,8,15,32,43,65,57,41,54,55,370
generation,0,0,0,0,0,0,0,0,0,0,0,0,0,17,23,44,56,49,42,60,79,370
initial,0,0,0,0,0,0,0,0,0,0,0,0,6,24,27,43,41,45,45,62,76,369
uniform,0,0,0,0,0,0,0,0,0,0,0,11,6,17,29,38,50,37,48,66,67,369
distinct,0,0,0,0,0,0,0,0,0,0,0,0,0,8,21,28,18,35,42,79,138,369
popular,0,0,0,0,0,0,0,0,0,0,0,0,0,16,28,47,54,52,51,55,65,368
algorithmic,0,0,0,0,0,0,0,0,0,0,0,0,0,13,15,22,41,44,55,59,119,368
perform,0,0,0,0,0,0,0,0,0,0,0,0,0,21,30,44,53,44,51,52,72,367
industrial,0,0,0,0,0,0,0,0,0,0,0,0,0,10,23,50,34,27,55,71,97,367
driven,0,0,0,0,0,0,0,0,0,0,0,0,0,19,27,25,39,53,44,62,98,367
directly,0,0,0,0,0,0,0,0,0,0,0,0,0,14,21,32,49,45,44,68,93,366
measurement,0,0,0,0,0,0,0,0,0,0,0,0,0,23,23,52,44,39,41,62,81,365
classification,0,0,0,0,0,0,0,0,0,0,0,0,0,12,20,44,67,43,19,60,100,365
investors,0,0,0,0,0,0,0,0,0,0,0,0,0,11,31,37,41,56,65,61,63,365
socioeconomic,0,0,0,0,0,0,0,0,0,0,0,0,0,10,23,77,41,35,60,44,74,364
derived,0,0,0,0,0,0,0,0,0,0,0,0,5,28,22,32,53,43,43,58,80,364
normal,0,0,0,0,0,0,0,0,0,0,0,0,6,14,37,49,50,44,39,50,74,363
differenceindifferences,0,0,0,0,0,0,0,0,0,0,0,0,0,13,6,26,25,41,46,93,113,363
area,0,0,0,0,0,0,0,0,0,0,0,0,0,13,16,53,49,48,51,61,72,363
along,0,0,0,0,0,0,0,0,0,0,0,0,0,5,27,33,44,51,52,65,86,363
yield,0,0,0,0,0,0,0,0,0,0,0,0,0,12,30,41,34,34,54,59,98,362
probabilities,0,0,0,0,0,0,0,0,0,0,0,0,19,29,27,49,37,39,46,46,69,361
dependent,0,0,0,0,0,0,0,0,0,0,0,0,0,18,36,49,51,42,50,49,66,361
task,0,0,0,0,0,0,0,0,0,0,0,0,0,11,20,23,36,46,62,66,97,361
generally,0,0,0,0,0,0,0,0,0,0,0,0,0,15,35,41,43,46,44,69,66,359
renewable,0,0,0,0,0,0,0,0,0,0,0,0,0,8,11,34,40,42,39,75,110,359
transaction,0,0,0,0,0,0,0,0,0,0,0,0,0,16,29,33,58,55,54,54,60,359
treatments,0,0,0,0,0,0,0,0,0,0,0,0,0,34,10,56,41,40,33,73,72,359
early,0,0,0,0,0,0,0,0,0,0,0,0,0,17,18,45,50,46,52,45,85,358
tasks,0,0,0,0,0,0,0,0,0,0,0,0,0,0,17,25,41,28,37,79,131,358
money,0,0,0,0,0,0,0,0,0,0,0,0,0,24,28,28,57,36,54,76,55,358
equivalent,0,0,0,0,0,0,0,0,0,0,0,0,8,21,24,34,41,62,57,45,65,357
sampling,0,0,0,0,0,0,0,0,0,0,0,0,0,14,32,32,29,77,45,60,67,356
regarding,0,0,0,0,0,0,0,0,0,0,0,0,0,11,30,49,51,38,50,68,59,356
profit,0,0,0,0,0,0,0,0,0,0,0,0,0,16,33,34,45,39,51,57,80,355
advantage,0,0,0,0,0,0,0,0,0,0,0,0,0,16,30,51,38,41,50,60,68,354
aims,0,0,0,0,0,0,0,0,0,0,0,0,0,13,13,30,52,44,65,72,65,354
implemented,0,0,0,0,0,0,0,0,0,0,0,0,0,13,25,43,55,42,52,56,67,353
media,0,0,0,0,0,0,0,0,0,0,0,0,0,7,16,37,61,45,49,52,86,353
typically,0,0,0,0,0,0,0,0,0,0,0,0,0,17,22,26,43,53,72,44,76,353
policymakers,0,0,0,0,0,0,0,0,0,0,0,0,0,0,12,28,37,36,60,66,114,353
scientific,0,0,0,0,0,0,0,0,0,0,0,0,0,16,21,32,55,44,51,85,48,352
observe,0,0,0,0,0,0,0,0,0,0,0,0,0,11,23,40,42,64,43,60,69,352
combination,0,0,0,0,0,0,0,0,0,0,0,0,0,17,16,45,43,58,61,45,67,352
feature,0,0,0,0,0,0,0,0,0,0,0,0,0,17,22,37,39,51,39,72,75,352
moments,0,0,0,0,0,0,0,0,0,0,0,0,0,20,33,16,65,34,84,45,55,352
mixed,0,0,0,0,0,0,0,0,0,0,0,0,0,16,28,54,46,50,49,45,64,352
age,0,0,0,0,0,0,0,0,0,0,0,0,0,20,20,36,73,54,40,38,70,351
life,0,0,0,0,0,0,0,0,0,0,0,0,0,18,10,52,55,43,58,46,68,350
generate,0,0,0,0,0,0,0,0,0,0,0,0,0,23,26,37,47,32,36,49,100,350
environments,0,0,0,0,0,0,0,0,0,0,0,0,0,0,20,28,37,42,49,52,122,350
constant,0,0,0,0,0,0,0,0,0,0,0,0,0,22,23,45,54,45,38,32,90,349
scenario,0,0,0,0,0,0,0,0,0,0,0,0,0,0,11,34,36,41,53,73,101,349
randomized,0,0,0,0,0,0,0,0,0,0,0,0,0,11,26,32,36,59,42,70,73,349
ones,0,0,0,0,0,0,0,0,0,0,0,0,0,18,29,42,56,52,48,54,50,349
choose,0,0,0,0,0,0,0,0,0,0,0,0,0,18,32,32,37,51,57,49,72,348
expectations,0,0,0,0,0,0,0,0,0,0,0,0,0,15,0,50,34,35,59,58,97,348
mathematical,0,0,0,0,0,0,0,0,0,0,0,0,0,22,17,36,43,39,48,41,100,346
comparative,0,0,0,0,0,0,0,0,0,0,0,0,0,13,26,32,33,41,40,46,115,346
treated,0,0,0,0,0,0,0,0,0,0,0,0,8,10,29,42,27,37,43,55,95,346
convex,0,0,0,0,0,0,0,0,0,0,0,0,0,29,24,39,43,45,38,42,86,346
sharing,0,0,0,0,0,0,0,0,0,0,0,0,0,7,37,26,45,53,55,45,78,346
might,0,0,0,0,0,0,0,0,0,0,0,0,0,14,26,51,49,51,54,46,54,345
assets,0,0,0,0,0,0,0,0,0,0,0,0,0,17,24,36,44,31,50,73,70,345
comparison,0,0,0,0,0,0,0,0,0,0,0,0,0,8,32,51,54,46,41,45,68,345
participation,0,0,0,0,0,0,0,0,0,0,0,0,0,14,23,14,51,58,42,38,104,344
makes,0,0,0,0,0,0,0,0,0,0,0,0,0,23,30,50,51,48,52,41,49,344
lack,0,0,0,0,0,0,0,0,0,0,0,0,0,9,18,40,46,41,61,51,78,344
extensive,0,0,0,0,0,0,0,0,0,0,0,0,0,9,24,36,42,39,41,60,93,344
activities,0,0,0,0,0,0,0,0,0,0,0,0,0,5,14,50,56,42,47,74,55,343
voters,0,0,0,0,0,0,0,0,0,0,0,0,0,18,31,31,38,40,49,68,67,342
buyers,0,0,0,0,0,0,0,0,0,0,0,0,0,0,28,41,56,40,43,46,88,342
distributional,0,0,0,0,0,0,0,0,0,0,0,0,0,11,9,33,25,47,50,69,98,342
distance,0,0,0,0,0,0,0,0,0,0,0,0,0,19,20,56,45,51,44,52,55,342
corresponding,0,0,0,0,0,0,0,0,0,0,0,0,7,17,30,48,41,37,54,49,59,342
notion,0,0,0,0,0,0,0,0,0,0,0,0,0,6,25,27,51,77,34,56,65,341
year,0,0,0,0,0,0,0,0,0,0,0,0,0,8,19,52,57,41,46,49,69,341
complete,0,0,0,0,0,0,0,0,0,0,0,0,0,21,24,42,41,52,46,49,66,341
showing,0,0,0,0,0,0,0,0,0,0,0,0,0,13,15,31,38,43,47,54,100,341
exogenous,0,0,0,0,0,0,0,0,0,0,0,0,0,20,20,51,50,39,48,38,74,340
transformation,0,0,0,0,0,0,0,0,0,0,0,0,0,16,18,21,49,47,53,64,72,340
largescale,0,0,0,0,0,0,0,0,0,0,0,0,0,14,15,29,47,41,42,53,99,340
fair,0,0,0,0,0,0,0,0,0,0,0,0,0,13,28,29,35,63,50,77,45,340
coefficient,0,0,0,0,0,0,0,0,0,0,0,0,0,20,27,33,42,33,44,53,87,339
effort,0,0,0,0,0,0,0,0,0,0,0,0,0,0,15,33,54,28,42,61,106,339
signal,0,0,0,0,0,0,0,0,0,0,0,0,12,20,11,29,31,36,29,54,117,339
learn,0,0,0,0,0,0,0,0,0,0,0,0,8,20,17,35,33,47,40,65,74,339
conduct,0,0,0,0,0,0,0,0,0,0,0,0,0,12,23,33,43,30,57,60,80,338
banks,0,0,0,0,0,0,0,0,0,0,0,0,0,0,13,35,37,36,75,51,89,336
recently,0,0,0,0,0,0,0,0,0,0,0,0,9,17,26,39,48,54,61,41,41,336
subject,0,0,0,0,0,0,0,0,0,0,0,0,0,17,30,32,47,61,57,46,46,336
understand,0,0,0,0,0,0,0,0,0,0,0,0,0,12,24,50,66,34,56,60,34,336
remain,0,0,0,0,0,0,0,0,0,0,0,0,0,9,17,22,29,34,44,44,136,335
law,0,0,0,0,0,0,0,0,0,0,0,0,0,21,30,43,47,29,61,48,56,335
domain,0,0,0,0,0,0,0,0,0,0,0,0,0,8,11,42,20,37,68,63,86,335
experience,0,0,0,0,0,0,0,0,0,0,0,0,0,7,14,30,39,45,40,52,108,335
rank,0,0,0,0,0,0,0,0,0,0,0,0,0,10,29,37,45,45,61,58,50,335
exposure,0,0,0,0,0,0,0,0,0,0,0,0,0,0,0,39,52,31,62,54,97,335
institutions,0,0,0,0,0,0,0,0,0,0,0,0,0,0,21,42,45,48,46,43,90,335
percent,0,0,0,0,0,0,0,0,0,0,0,0,0,0,10,46,36,50,43,31,118,334
specification,0,0,0,0,0,0,0,0,0,0,0,0,0,22,43,41,46,46,38,41,57,334
belief,0,0,0,0,0,0,0,0,0,0,0,0,0,16,13,41,47,38,49,47,82,333
special,0,0,0,0,0,0,0,0,0,0,0,0,7,20,24,36,59,50,39,40,58,333
quantify,0,0,0,0,0,0,0,0,0,0,0,0,0,14,20,32,49,44,44,43,85,331
studied,0,0,0,0,0,0,0,0,0,0,0,0,0,18,30,47,49,43,60,38,46,331
sustainability,0,0,0,0,0,0,0,0,0,0,0,0,0,0,9,20,25,39,71,70,97,331
transportation,0,0,0,0,0,0,0,0,0,0,0,0,0,0,18,53,46,61,48,45,59,330
news,0,0,0,0,0,0,0,0,0,0,0,0,0,29,23,34,50,24,41,66,63,330
equity,0,0,0,0,0,0,0,0,0,0,0,0,0,16,21,31,32,31,53,47,99,330
version,0,0,0,0,0,0,0,0,0,0,0,0,0,15,24,39,46,40,60,56,50,330
argue,0,0,0,0,0,0,0,0,0,0,0,0,0,9,24,41,47,53,52,40,63,329
debt,0,0,0,0,0,0,0,0,0,0,0,0,0,12,11,31,31,61,27,62,93,328
scores,0,0,0,0,0,0,0,0,0,0,0,0,0,7,17,22,40,41,59,65,76,327
useful,0,0,0,0,0,0,0,0,0,0,0,0,0,16,26,37,63,56,36,54,39,327
crisis,0,0,0,0,0,0,0,0,0,0,0,0,0,8,19,70,60,42,33,36,59,327
coverage,0,0,0,0,0,0,0,0,0,0,0,12,0,21,16,42,41,41,23,30,101,327
planning,0,0,0,0,0,0,0,0,0,0,0,0,0,7,16,23,65,32,24,78,81,326
established,0,0,0,0,0,0,0,0,0,0,0,0,0,19,24,38,32,30,46,56,81,326
consequences,0,0,0,0,0,0,0,0,0,0,0,0,0,12,20,33,49,50,50,54,57,325
whereas,0,0,0,0,0,0,0,0,0,0,0,0,0,10,21,24,36,38,43,58,95,325
commonly,0,0,0,0,0,0,0,0,0,0,0,0,0,18,25,38,37,38,45,56,67,324
third,0,0,0,0,0,0,0,0,0,0,0,0,0,16,23,34,37,45,42,51,76,324
balance,0,0,0,0,0,0,0,0,0,0,0,0,0,12,14,43,44,46,40,52,73,324
concerns,0,0,0,0,0,0,0,0,0,0,0,0,0,6,10,30,36,34,43,65,100,324
agricultural,0,0,0,0,0,0,0,0,0,0,0,0,0,24,0,19,38,38,44,72,88,323
designed,0,0,0,0,0,0,0,0,0,0,0,0,0,10,14,27,31,39,55,58,89,323
questions,0,0,0,0,0,0,0,0,0,0,0,0,0,15,21,30,43,38,47,62,67,323
required,0,0,0,0,0,0,0,0,0,0,0,0,0,12,17,37,62,41,46,46,61,322
regret,0,0,0,0,0,0,0,0,0,0,0,0,0,0,11,20,42,59,71,45,74,322
give,0,0,0,0,0,0,0,0,0,0,0,0,0,17,31,46,50,58,47,46,27,322
substantially,0,0,0,0,0,0,0,0,0,0,0,0,0,10,28,41,41,42,42,36,81,321
seller,0,0,0,0,0,0,0,0,0,0,0,0,0,17,19,30,35,59,36,45,80,321
external,0,0,0,0,0,0,0,0,0,0,0,0,0,6,13,39,37,41,33,64,88,321
emerging,0,0,0,0,0,0,0,0,0,0,0,0,0,7,11,26,30,37,43,73,94,321
losses,0,0,0,0,0,0,0,0,0,0,0,0,0,11,16,33,44,38,58,49,72,321
focusing,0,0,0,0,0,0,0,0,0,0,0,0,0,18,14,24,18,24,43,88,91,320
guarantees,0,0,0,0,0,0,0,0,0,0,0,0,0,9,23,22,37,46,40,52,91,320
status,0,0,0,0,0,0,0,0,0,0,0,0,0,7,14,66,43,45,32,46,67,320
benchmark,0,0,0,0,0,0,0,0,0,0,0,0,0,13,20,18,48,38,38,46,98,319
wide,0,0,0,0,0,0,0,0,0,0,0,0,0,8,26,41,47,44,37,42,73,318
face,0,0,0,0,0,0,0,0,0,0,0,0,0,5,14,35,41,48,25,44,106,318
growing,0,0,0,0,0,0,0,0,0,0,0,0,5,12,20,20,51,37,49,56,68,318
another,0,0,0,0,0,0,0,0,0,0,0,0,0,11,23,51,45,36,52,47,52,317
characterized,0,0,0,0,0,0,0,0,0,0,0,0,0,15,19,31,46,38,42,65,60,316
quantitative,0,0,0,0,0,0,0,0,0,0,0,0,0,20,11,27,34,31,43,52,98,316
develops,0,0,0,0,0,0,0,0,0,0,0,0,0,17,25,26,33,20,45,27,123,316
step,0,0,0,0,0,0,0,0,0,0,0,0,0,22,20,33,41,30,60,59,51,316
poverty,0,0,0,0,0,0,0,0,0,0,0,0,0,0,16,67,49,50,31,47,55,315
unemployment,0,0,0,0,0,0,0,0,0,0,0,0,0,0,36,35,31,30,57,51,74,314
exist,0,0,0,0,0,0,0,0,0,0,0,0,0,19,26,35,51,58,39,28,58,314
latter,0,0,0,0,0,0,0,0,0,0,0,0,0,13,22,42,52,51,36,44,54,314
modern,0,0,0,0,0,0,0,0,0,0,0,0,0,11,11,21,41,40,34,46,110,314
partially,0,0,0,0,0,0,0,0,0,0,0,0,6,17,21,20,42,35,37,59,76,313
probabilistic,0,0,0,0,0,0,0,0,0,0,0,0,0,13,26,42,34,45,30,42,81,313
clustering,0,0,0,0,0,0,0,0,0,0,0,0,0,15,38,32,34,30,43,53,68,313
aversion,0,0,0,0,0,0,0,0,0,0,0,0,0,8,15,31,36,61,42,52,68,313
revealed,0,0,0,0,0,0,0,0,0,0,0,0,0,14,26,24,60,43,37,53,56,313
posterior,0,0,0,0,0,0,0,0,0,0,0,0,6,14,31,31,31,50,27,43,80,313
describe,0,0,0,0,0,0,0,0,0,0,0,0,5,18,31,49,37,48,44,31,50,313
million,0,0,0,0,0,0,0,0,0,0,0,0,0,0,19,38,39,34,60,41,81,312
society,0,0,0,0,0,0,0,0,0,0,0,0,0,0,28,41,48,45,44,44,62,312
depend,0,0,0,0,0,0,0,0,0,0,0,0,5,13,26,35,49,33,48,52,51,312
distributed,0,0,0,0,0,0,0,0,0,0,0,0,0,8,25,26,57,45,49,57,44,311
accounting,0,0,0,0,0,0,0,0,0,0,0,0,0,6,28,32,28,27,48,54,88,311
affected,0,0,0,0,0,0,0,0,0,0,0,0,0,0,16,44,60,38,51,51,51,311
temporal,0,0,0,0,0,0,0,0,0,0,0,0,0,10,10,35,34,35,30,53,104,311
enables,0,0,0,0,0,0,0,0,0,0,0,0,0,8,16,30,32,27,45,45,107,310
tradeoff,0,0,0,0,0,0,0,0,0,0,0,0,0,11,16,28,30,42,37,45,101,310
decentralized,0,0,0,0,0,0,0,0,0,0,0,0,0,10,5,19,31,50,49,56,90,310
drivers,0,0,0,0,0,0,0,0,0,0,0,0,0,13,17,47,64,34,28,38,68,309
programs,0,0,0,0,0,0,0,0,0,0,0,0,0,5,17,36,44,35,55,39,78,309
markov,0,0,0,0,0,0,0,0,0,0,0,0,0,20,33,52,29,46,28,54,47,309
null,0,0,0,0,0,0,0,0,0,0,0,6,0,25,23,36,30,39,47,42,61,309
computationally,0,0,0,0,0,0,0,0,0,0,0,0,0,13,21,32,31,40,40,56,75,308
contributions,0,0,0,0,0,0,0,0,0,0,0,0,0,10,14,33,33,36,32,66,84,308
budget,0,0,0,0,0,0,0,0,0,0,0,0,0,0,18,18,47,72,35,61,57,308
able,0,0,0,0,0,0,0,0,0,0,0,0,6,24,29,40,56,39,38,37,38,307
shock,0,0,0,0,0,0,0,0,0,0,0,0,0,12,16,39,45,36,38,54,67,307
rely,0,0,0,0,0,0,0,0,0,0,0,6,0,16,17,41,21,24,42,40,99,306
light,0,0,0,0,0,0,0,0,0,0,0,0,0,16,24,40,51,38,57,35,45,306
location,0,0,0,0,0,0,0,0,0,0,0,0,0,12,20,55,37,37,43,46,56,306
generated,0,0,0,0,0,0,0,0,0,0,0,0,0,17,33,44,42,31,47,52,40,306
conducted,0,0,0,0,0,0,0,0,0,0,0,0,0,8,17,43,49,31,46,55,57,306
dimension,0,0,0,0,0,0,0,0,0,0,0,0,0,22,28,34,40,29,55,42,56,306
scheme,0,0,0,0,0,0,0,0,0,0,0,0,0,21,30,44,56,27,44,36,47,305
leverage,0,0,0,0,0,0,0,0,0,0,0,0,0,13,20,23,27,40,46,72,64,305
flexibility,0,0,0,0,0,0,0,0,0,0,0,0,0,11,9,31,55,23,36,49,91,305
goal,0,0,0,0,0,0,0,0,0,0,0,0,0,19,15,41,38,32,55,55,49,304
stage,0,0,0,0,0,0,0,0,0,0,0,0,0,16,11,46,42,24,37,48,80,304
define,0,0,0,0,0,0,0,0,0,0,5,0,0,18,17,37,39,37,35,49,67,304
interpretation,0,0,0,0,0,0,0,0,0,0,0,0,0,16,17,28,28,31,40,58,85,303
improved,0,0,0,0,0,0,0,0,0,0,0,0,0,14,19,21,50,19,31,62,87,303
equal,0,0,0,0,0,0,0,0,0,0,0,0,0,15,19,41,34,40,50,53,51,303
storage,0,0,0,0,0,0,0,0,0,0,0,0,0,11,9,36,48,37,31,54,76,302
contract,0,0,0,0,0,0,0,0,0,0,0,0,0,12,14,12,24,44,54,75,67,302
contribute,0,0,0,0,0,0,0,0,0,0,0,0,0,6,12,29,42,35,52,47,79,302
diffusion,0,0,0,0,0,0,0,0,0,0,0,0,0,12,17,40,50,47,20,48,68,302
gaussian,0,0,0,0,0,0,0,0,0,0,0,0,8,10,28,37,47,27,44,42,58,301
cycle,0,0,0,0,0,0,0,0,0,0,0,0,0,7,12,54,40,59,34,34,60,300
relatively,0,0,0,0,0,0,0,0,0,0,0,0,0,11,19,36,47,39,45,43,60,300
metrics,0,0,0,0,0,0,0,0,0,0,0,0,0,7,27,34,27,29,29,55,92,300
variety,0,0,0,0,0,0,0,0,0,0,0,0,5,15,24,33,50,43,36,45,49,300
shift,0,0,0,0,0,0,0,0,0,0,0,0,0,0,20,33,46,28,31,43,99,300
almost,0,0,0,0,0,0,0,0,0,0,0,0,0,12,19,33,38,48,48,47,54,299
solve,0,0,0,0,0,0,0,0,0,0,0,0,0,15,24,36,44,31,46,40,63,299
customer,0,0,0,0,0,0,0,0,0,0,0,0,0,19,12,30,53,15,35,63,72,299
investments,0,0,0,0,0,0,0,0,0,0,0,0,0,9,23,28,30,36,50,55,68,299
governance,0,0,0,0,0,0,0,0,0,0,0,0,0,0,12,8,28,16,41,49,144,298
original,0,0,0,0,0,0,0,0,0,0,0,0,6,16,28,33,33,35,37,47,63,298
flow,0,0,0,0,0,0,0,0,0,0,0,0,0,6,29,21,35,41,46,58,61,297
end,0,0,0,0,0,0,0,0,0,0,0,0,6,12,14,34,49,33,53,48,47,296
instrument,0,0,0,0,0,0,0,0,0,0,0,0,0,20,18,34,32,39,52,52,49,296
transmission,0,0,0,0,0,0,0,0,0,0,0,0,0,12,6,39,48,32,35,46,77,295
behaviour,0,0,0,0,0,0,0,0,0,0,0,0,0,0,23,22,50,35,62,40,63,295
user,0,0,0,0,0,0,0,0,0,0,0,0,0,8,14,20,36,36,53,64,64,295
institutional,0,0,0,0,0,0,0,0,0,0,0,0,0,14,22,17,34,28,28,18,134,295
logit,0,0,0,0,0,0,0,0,0,0,0,0,0,26,32,62,45,17,36,22,54,294
exists,0,0,0,0,0,0,0,0,0,0,0,0,0,9,19,43,44,50,35,35,59,294
datadriven,0,0,0,0,0,0,0,0,0,0,0,0,5,7,23,29,44,31,34,58,63,294
technical,0,0,0,0,0,0,0,0,0,0,0,0,0,8,21,32,32,39,40,55,67,294
maximize,0,0,0,0,0,0,0,0,0,0,0,0,0,10,21,37,46,49,31,46,53,293
extent,0,0,0,0,0,0,0,0,0,0,0,0,0,15,21,50,49,42,27,48,41,293
explores,0,0,0,0,0,0,0,0,0,0,0,0,0,10,17,21,21,11,44,87,82,293
demonstrates,0,0,0,0,0,0,0,0,0,0,0,0,0,6,14,20,25,26,41,57,104,293
link,0,0,0,0,0,0,0,0,0,0,0,0,8,11,19,34,43,44,24,59,51,293
pareto,0,0,0,0,0,0,0,0,0,0,0,0,0,0,23,47,53,30,33,47,59,292
women,0,0,0,0,0,0,0,0,0,0,0,0,0,14,0,41,44,40,44,35,74,292
